Participant ID,Session ID,Start Date,End Date,Duration (s),Status,Device,Language,prolific ID,Age,Gender,Social Media,Other SoMe,CSV-032-A,CSV-032-S,CSV-033-A,CSV-033-S,CSV-034-A,CSV-034-S,CSV-037-A,CSV-037-S,CSV-129-A,CSV-129-S,CSV-130-A,CSV-130-S,CSV-134-A,CSV-134-S,CSV-139-A,CSV-139-S,CSV-181-A,CSV-181-S,CSV-228-A,CSV-228-S,GEN-001-A,GEN-001-S,GEN-002-A,GEN-002-S,GEN-003-A,GEN-003-S,GEN-004-A,GEN-004-S,GUN-001-A,GUN-001-S,GUN-002-A,GUN-002-S,GUN-003-A,GUN-003-S,GUN-004-A,GUN-004-S,IMM-001-A,IMM-001-S,IMM-002-A,IMM-002-S,IMM-004-A,IMM-003-A,IMM-003-S,IMM-004-S,RACE-001-A,RACE-001-S,RACE-002-A,RACE-002-S,RACE-003-A,RACE-003-S,RACE-004-A,RACE-004-S,TRN-001-A,TRN-001-S,TRN-002-A,TRN-002-S,TRN-003-A,TRN-003-S,TRN-004-A,TRN-004-S,WB-001-A,WB-001-S,WB-007-A,WB-007-S,WB-017-A,WB-017-S,WB-018-A,WB-018-S,WB-066-S,WB-020-A,WB-020-S,WB-023-A,WB-023-S,WB-028-A,WB-028-S,WB-058-A,WB-058-S,WB-066-A,WB-069-A,WB-069-S,WB-070-A,WB-070-S,WB-074-A,WB-074-S,WB-083-A,WB-083-S,WB-084-A,WB-084-S,CSV-032-A (2),CSV-032-S (2),CSV-033-A (2),CSV-033-S (2),CSV-034-A (2),CSV-034-S (2),CSV-037-A (2),CSV-037-S (2),CSV-129-A (2),CSV-129-S (2),CSV-130-A (2),CSV-130-S (2),CSV-134-A (2),CSV-134-S (2),CSV-139-A (2),CSV-139-S (2),CSV-181-A (2),CSV-181-S (2),CSV-228-A (2),CSV-228-S (2),GEN-001-A (2),GEN-001-S (2),GEN-002-A (2),GEN-002-S (2),GEN-003-A (2),GEN-003-S (2),GEN-004-A (2),GEN-004-S (2),GUN-001-A (2),GUN-001-S (2),GUN-002-A (2),GUN-002-S (2),GUN-003-A (2),GUN-003-S (2),GUN-004-A (2),GUN-004-S (2),IMM-001-A (2),IMM-001-S (2),IMM-002-A (2),IMM-002-S (2),IMM-003-A (2),IMM-003-S (2),IMM-004-A (2),IMM-004-S (2),RACE-001-A (2),RACE-001-S (2),RACE-002-A (2),RACE-002-S (2),RACE-003-A (2),RACE-003-S (2),RACE-004-A (2),RACE-004-S (2),TRN-001-A (2),TRN-001-S (2),TRN-002-A (2),TRN-002-S (2),TRN-003-A (2),TRN-003-S (2),TRN-004-A (2),TRN-004-S (2),WB-001-A (2),WB-001-S (2),WB-007-A (2),WB-007-S (2),WB-017-A (2),WB-017-S (2),WB-018-A (2),WB-018-S (2),WB-020-A (2),WB-020-S (2),WB-023-A (2),WB-023-S (2),WB-028-A (2),WB-028-S (2),WB-058-A (2),WB-058-S (2),WB-066-A (2),WB-066-S (2),WB-069-A (2),WB-069-S (2),WB-070-A (2),WB-070-S (2),WB-074-A (2),WB-074-S (2),WB-083-A (2),WB-083-S (2),WB-084-A (2),WB-084-S (2),Manipulation Check 2,Something else,CSV-032-A (3)_Rate how much you agree/disagree with the statement,CSV-032-A (3)_Rate how much people in your social circle would agree/disagree with the statement,CSV-032-S (3)_Rate how much you agree/disagree with the statement,CSV-032-S (3)_Rate how much people in your social circle would agree/disagree with the statement,CSV-033-A (3)_Rate how much you agree/disagree with the statement,CSV-033-A (3)_Rate how much people in your social circle would agree/disagree with the statement,CSV-033-S (3)_Rate how much you agree/disagree with the statement,CSV-033-S (3)_Rate how much people in your social circle would agree/disagree with the statement,CSV-034-A (3)_Rate how much you agree/disagree with the statement,CSV-034-A (3)_Rate how much people in your social circle would agree/disagree with the statement,CSV-034-S (3)_Rate how much you agree/disagree with the statement,CSV-034-S (3)_Rate how much people in your social circle would agree/disagree with the statement,CSV-037-A (3)_Rate how much you agree/disagree with the statement,CSV-037-A (3)_Rate how much people in your social circle would agree/disagree with the statement,CSV-037-S (3)_Rate how much you agree/disagree with the statement,CSV-037-S (3)_Rate how much people in your social circle would agree/disagree with the statement,CSV-129-A (3)_Rate how much you agree/disagree with the statement,CSV-129-A (3)_Rate how much people in your social circle would agree/disagree with the statement,CSV-129-S (3)_Rate how much you agree/disagree with the statement,CSV-129-S (3)_Rate how much people in your social circle would agree/disagree with the statement,CSV-130-A (3)_Rate how much you agree/disagree with the statement,CSV-130-A (3)_Rate how much people in your social circle would agree/disagree with the statement,CSV-130-S (3)_Rate how much you agree/disagree with the statement,CSV-130-S (3)_Rate how much people in your social circle would agree/disagree with the statement,CSV-134-A (3)_Rate how much you agree/disagree with the statement,CSV-134-A (3)_Rate how much people in your social circle would agree/disagree with the statement,CSV-134-S (3)_Rate how much you agree/disagree with the statement,CSV-134-S (3)_Rate how much people in your social circle would agree/disagree with the statement,CSV-139-A (3)_Rate how much you agree/disagree with the statement,CSV-139-A (3)_Rate how much people in your social circle would agree/disagree with the statement,CSV-139-S (3)_Rate how much you agree/disagree with the statement,CSV-139-S (3)_Rate how much people in your social circle would agree/disagree with the statement,CSV-181-A (3)_Rate how much you agree/disagree with the statement,CSV-181-A (3)_Rate how much people in your social circle would agree/disagree with the statement,CSV-181-S (3)_Rate how much you agree/disagree with the statement,CSV-181-S (3)_Rate how much people in your social circle would agree/disagree with the statement,CSV-228-A (3)_Rate how much you agree/disagree with the statement,CSV-228-A (3)_Rate how much people in your social circle would agree/disagree with the statement,CSV-228-S (3)_Rate how much you agree/disagree with the statement,CSV-228-S (3)_Rate how much people in your social circle would agree/disagree with the statement,GEN-001-A (3)_Rate how much you agree/disagree with the statement,GEN-001-A (3)_Rate how much people in your social circle would agree/disagree with the statement,GEN-001-S (3)_Rate how much you agree/disagree with the statement,GEN-001-S (3)_Rate how much people in your social circle would agree/disagree with the statement,GEN-002-A (3)_Rate how much you agree/disagree with the statement,GEN-002-A (3)_Rate how much people in your social circle would agree/disagree with the statement,GEN-002-S (3)_Rate how much you agree/disagree with the statement,GEN-002-S (3)_Rate how much people in your social circle would agree/disagree with the statement,GEN-003-A (3)_Rate how much you agree/disagree with the statement,GEN-003-A (3)_Rate how much people in your social circle would agree/disagree with the statement,GEN-003-S (3)_Rate how much you agree/disagree with the statement,GEN-003-S (3)_Rate how much people in your social circle would agree/disagree with the statement,GEN-004-A (3)_Rate how much you agree/disagree with the statement,GEN-004-A (3)_Rate how much people in your social circle would agree/disagree with the statement,GEN-004-S (3)_Rate how much you agree/disagree with the statement,GEN-004-S (3)_Rate how much people in your social circle would agree/disagree with the statement,GUN-001-A (3)_Rate how much you agree/disagree with the statement,GUN-001-A (3)_Rate how much people in your social circle would agree/disagree with the statement,GUN-001-S (3)_Rate how much you agree/disagree with the statement,GUN-001-S (3)_Rate how much people in your social circle would agree/disagree with the statement,GUN-002-A (3)_Rate how much you agree/disagree with the statement,GUN-002-A (3)_Rate how much people in your social circle would agree/disagree with the statement,GUN-002-S (3)_Rate how much you agree/disagree with the statement,GUN-002-S (3)_Rate how much people in your social circle would agree/disagree with the statement,GUN-003-A (3)_Rate how much you agree/disagree with the statement,GUN-003-A (3)_Rate how much people in your social circle would agree/disagree with the statement,GUN-003-S (3)_Rate how much you agree/disagree with the statement,GUN-003-S (3)_Rate how much people in your social circle would agree/disagree with the statement,GUN-004-A (3)_Rate how much you agree/disagree with the statement,GUN-004-A (3)_Rate how much people in your social circle would agree/disagree with the statement,GUN-004-S (3)_Rate how much you agree/disagree with the statement,GUN-004-S (3)_Rate how much people in your social circle would agree/disagree with the statement,IMM-001-A (3)_Rate how much you agree/disagree with the statement,IMM-001-A (3)_Rate how much people in your social circle would agree/disagree with the statement,IMM-001-S (3)_Rate how much you agree/disagree with the statement,IMM-001-S (3)_Rate how much people in your social circle would agree/disagree with the statement,IMM-002-A (3)_Rate how much you agree/disagree with the statement,IMM-002-A (3)_Rate how much people in your social circle would agree/disagree with the statement,IMM-002-S (3)_Rate how much you agree/disagree with the statement,IMM-002-S (3)_Rate how much people in your social circle would agree/disagree with the statement,IMM-003-A (3)_Rate how much you agree/disagree with the statement,IMM-003-A (3)_Rate how much people in your social circle would agree/disagree with the statement,IMM-003-S (3)_Rate how much you agree/disagree with the statement,IMM-003-S (3)_Rate how much people in your social circle would agree/disagree with the statement,IMM-004-A (3)_Rate how much you agree/disagree with the statement,IMM-004-A (3)_Rate how much people in your social circle would agree/disagree with the statement,IMM-004-S (3)_Rate how much you agree/disagree with the statement,IMM-004-S (3)_Rate how much people in your social circle would agree/disagree with the statement,RACE-001-A (3)_Rate how much you agree/disagree with the statement,RACE-001-A (3)_Rate how much people in your social circle would agree/disagree with the statement,RACE-001-S (3)_Rate how much you agree/disagree with the statement,RACE-001-S (3)_Rate how much people in your social circle would agree/disagree with the statement,RACE-002-A (3)_Rate how much you agree/disagree with the statement,RACE-002-A (3)_Rate how much people in your social circle would agree/disagree with the statement,RACE-002-S (3)_Rate how much you agree/disagree with the statement,RACE-002-S (3)_Rate how much people in your social circle would agree/disagree with the statement,RACE-003-A (3)_Rate how much you agree/disagree with the statement,RACE-003-A (3)_Rate how much people in your social circle would agree/disagree with the statement,RACE-003-S (3)_Rate how much you agree/disagree with the statement,RACE-003-S (3)_Rate how much people in your social circle would agree/disagree with the statement,RACE-004-A (3)_Rate how much you agree/disagree with the statement,RACE-004-A (3)_Rate how much people in your social circle would agree/disagree with the statement,RACE-004-S (3)_Rate how much you agree/disagree with the statement,RACE-004-S (3)_Rate how much people in your social circle would agree/disagree with the statement,TRN-001-A (3)_Rate how much you agree/disagree with the statement,TRN-001-A (3)_Rate how much people in your social circle would agree/disagree with the statement,TRN-001-S (3)_Rate how much you agree/disagree with the statement,TRN-001-S (3)_Rate how much people in your social circle would agree/disagree with the statement,TRN-002-A (3)_Rate how much you agree/disagree with the statement,TRN-002-A (3)_Rate how much people in your social circle would agree/disagree with the statement,TRN-002-S (3)_Rate how much you agree/disagree with the statement,TRN-002-S (3)_Rate how much people in your social circle would agree/disagree with the statement,TRN-003-A (3)_Rate how much you agree/disagree with the statement,TRN-003-A (3)_Rate how much people in your social circle would agree/disagree with the statement,TRN-003-S (3)_Rate how much you agree/disagree with the statement,TRN-003-S (3)_Rate how much people in your social circle would agree/disagree with the statement,TRN-004-A (3)_Rate how much you agree/disagree with the statement,TRN-004-A (3)_Rate how much people in your social circle would agree/disagree with the statement,TRN-004-S (3)_Rate how much you agree/disagree with the statement,TRN-004-S (3)_Rate how much people in your social circle would agree/disagree with the statement,WB-001-A (3)_Rate how much you agree/disagree with the statement,WB-001-A (3)_Rate how much people in your social circle would agree/disagree with the statement,WB-001-S (3)_Rate how much you agree/disagree with the statement,WB-001-S (3)_Rate how much people in your social circle would agree/disagree with the statement,WB-007-A (3)_Rate how much you agree/disagree with the statement,WB-007-A (3)_Rate how much people in your social circle would agree/disagree with the statement,WB-007-S (3)_Rate how much you agree/disagree with the statement,WB-007-S (3)_Rate how much people in your social circle would agree/disagree with the statement,WB-017-A (3)_Rate how much you agree/disagree with the statement,WB-017-A (3)_Rate how much people in your social circle would agree/disagree with the statement,WB-017-S (3)_Rate how much you agree/disagree with the statement,WB-017-S (3)_Rate how much people in your social circle would agree/disagree with the statement,WB-018-A (3)_Rate how much you agree/disagree with the statement,WB-018-A (3)_Rate how much people in your social circle would agree/disagree with the statement,WB-018-S (3)_Rate how much you agree/disagree with the statement,WB-018-S (3)_Rate how much people in your social circle would agree/disagree with the statement,WB-020-A (3)_Rate how much you agree/disagree with the statement,WB-020-A (3)_Rate how much people in your social circle would agree/disagree with the statement,WB-020-S (3)_Rate how much you agree/disagree with the statement,WB-020-S (3)_Rate how much people in your social circle would agree/disagree with the statement,WB-023-A (3)_Rate how much you agree/disagree with the statement,WB-023-A (3)_Rate how much people in your social circle would agree/disagree with the statement,WB-023-S (3)_Rate how much you agree/disagree with the statement,WB-023-S (3)_Rate how much people in your social circle would agree/disagree with the statement,WB-028-A (3)_Rate how much you agree/disagree with the statement,WB-028-A (3)_Rate how much people in your social circle would agree/disagree with the statement,WB-028-S (3)_Rate how much you agree/disagree with the statement,WB-028-S (3)_Rate how much people in your social circle would agree/disagree with the statement,WB-058-A (3)_Rate how much you agree/disagree with the statement,WB-058-A (3)_Rate how much people in your social circle would agree/disagree with the statement,WB-058-S (3)_Rate how much you agree/disagree with the statement,WB-058-S (3)_Rate how much people in your social circle would agree/disagree with the statement,WB-066-A (3)_Rate how much you agree/disagree with the statement,WB-066-A (3)_Rate how much people in your social circle would agree/disagree with the statement,WB-066-S (3)_Rate how much you agree/disagree with the statement,WB-066-S (3)_Rate how much people in your social circle would agree/disagree with the statement,WB-069-A (3)_Rate how much you agree/disagree with the statement,WB-069-A (3)_Rate how much people in your social circle would agree/disagree with the statement,WB-069-S (3)_Rate how much you agree/disagree with the statement,WB-069-S (3)_Rate how much people in your social circle would agree/disagree with the statement,WB-070-A (3)_Rate how much you agree/disagree with the statement,WB-070-A (3)_Rate how much people in your social circle would agree/disagree with the statement,WB-070-S (3)_Rate how much you agree/disagree with the statement,WB-070-S (3)_Rate how much people in your social circle would agree/disagree with the statement,WB-074-A (3)_Rate how much you agree/disagree with the statement,WB-074-A (3)_Rate how much people in your social circle would agree/disagree with the statement,WB-074-S (3)_Rate how much you agree/disagree with the statement,WB-074-S (3)_Rate how much people in your social circle would agree/disagree with the statement,WB-083-A (3)_Rate how much you agree/disagree with the statement,WB-083-A (3)_Rate how much people in your social circle would agree/disagree with the statement,WB-083-S (3)_Rate how much you agree/disagree with the statement,WB-083-S (3)_Rate how much people in your social circle would agree/disagree with the statement,WB-084-A (3)_Rate how much you agree/disagree with the statement,WB-084-A (3)_Rate how much people in your social circle would agree/disagree with the statement,WB-084-S (3)_Rate how much you agree/disagree with the statement,WB-084-S (3)_Rate how much people in your social circle would agree/disagree with the statement
"",,,,,,,,Please provide your Prolific ID:,What is your age?,What is your gender?,"From the list below, please select the Social Meda platform you use the most.",Which other Social Media platform do you use the most?,CSV-032-A,CSV-032-S,CSV-033-A,CSV-033-S,CSV-034-A,CSV-034-S,CSV-037-A,CSV-037-S,CSV-129-A,CSV-129-S,CSV-130-A,CSV-130-S,CSV-134-A,CSV-134-S,CSV-139-A,CSV-139-S,CSV-181-A,CSV-181-S,CSV-228-A,CSV-228-S,GEN-001-A,GEN-001-S,GEN-002-A,GEN-002-S,GEN-003-A,GEN-003-S,GEN-004-A,GEN-004-S,GUN-001-A,GUN-001-S,GUN-002-A,GUN-002-S,GUN-003-A,GUN-003-S,GUN-004-A,GUN-004-S,IMM-001-A,IMM-001-S,IMM-002-A,IMM-002-S,IMM-004-A,IMM-003-A,IMM-003-S,IMM-004-S,RACE-001-A,RACE-001-S,RACE-002-A,RACE-002-S,RACE-003-A,RACE-003-S,RACE-004-A,RACE-004-S,TRN-001-A,TRN-001-S,TRN-002-A,TRN-002-S,TRN-003-A,TRN-003-S,TRN-004-A,TRN-004-S,WB-001-A,WB-001-S,WB-007-A,WB-007-S,WB-017-A,WB-017-S,WB-018-A,WB-018-S,WB-066-S,WB-020-A,WB-020-S,WB-023-A,WB-023-S,WB-028-A,WB-028-S,WB-058-A,WB-058-S,WB-066-A,WB-069-A,WB-069-S,WB-070-A,WB-070-S,WB-074-A,WB-074-S,WB-083-A,WB-083-S,WB-084-A,WB-084-S,CSV-032-A (2),CSV-032-S (2),CSV-033-A (2),CSV-033-S (2),CSV-034-A (2),CSV-034-S (2),CSV-037-A (2),CSV-037-S (2),CSV-129-A (2),CSV-129-S (2),CSV-130-A (2),CSV-130-S (2),CSV-134-A (2),CSV-134-S (2),CSV-139-A (2),CSV-139-S (2),CSV-181-A (2),CSV-181-S (2),CSV-228-A (2),CSV-228-S (2),GEN-001-A (2),GEN-001-S (2),GEN-002-A (2),GEN-002-S (2),GEN-003-A (2),GEN-003-S (2),GEN-004-A (2),GEN-004-S (2),GUN-001-A (2),GUN-001-S (2),GUN-002-A (2),GUN-002-S (2),GUN-003-A (2),GUN-003-S (2),GUN-004-A (2),GUN-004-S (2),IMM-001-A (2),IMM-001-S (2),IMM-002-A (2),IMM-002-S (2),IMM-003-A (2),IMM-003-S (2),IMM-004-A (2),IMM-004-S (2),RACE-001-A (2),RACE-001-S (2),RACE-002-A (2),RACE-002-S (2),RACE-003-A (2),RACE-003-S (2),RACE-004-A (2),RACE-004-S (2),TRN-001-A (2),TRN-001-S (2),TRN-002-A (2),TRN-002-S (2),TRN-003-A (2),TRN-003-S (2),TRN-004-A (2),TRN-004-S (2),WB-001-A (2),WB-001-S (2),WB-007-A (2),WB-007-S (2),WB-017-A (2),WB-017-S (2),WB-018-A (2),WB-018-S (2),WB-020-A (2),WB-020-S (2),WB-023-A (2),WB-023-S (2),WB-028-A (2),WB-028-S (2),WB-058-A (2),WB-058-S (2),WB-066-A (2),WB-066-S (2),WB-069-A (2),WB-069-S (2),WB-070-A (2),WB-070-S (2),WB-074-A (2),WB-074-S (2),WB-083-A (2),WB-083-S (2),WB-084-A (2),WB-084-S (2),"While you were looking at the posts, what were you mainly doing?",Please describe what you were mainly doing while looking at the posts.,Rate how much you agree/disagree with the statement,Rate how much people in your social circle would agree/disagree with the statement,Rate how much you agree/disagree with the statement,Rate how much people in your social circle would agree/disagree with the statement,Rate how much you agree/disagree with the statement,Rate how much people in your social circle would agree/disagree with the statement,Rate how much you agree/disagree with the statement,Rate how much people in your social circle would agree/disagree with the statement,Rate how much you agree/disagree with the statement,Rate how much people in your social circle would agree/disagree with the statement,Rate how much you agree/disagree with the statement,Rate how much people in your social circle would agree/disagree with the statement,Rate how much you agree/disagree with the statement,Rate how much people in your social circle would agree/disagree with the statement,Rate how much you agree/disagree with the statement,Rate how much people in your social circle would agree/disagree with the statement,Rate how much you agree/disagree with the statement,Rate how much people in your social circle would agree/disagree with the statement,Rate how much you agree/disagree with the statement,Rate how much people in your social circle would agree/disagree with the statement,Rate how much you agree/disagree with the statement,Rate how much people in your social circle would agree/disagree with the statement,Rate how much you agree/disagree with the statement,Rate how much people in your social circle would agree/disagree with the statement,Rate how much you agree/disagree with the statement,Rate how much people in your social circle would agree/disagree with the statement,Rate how much you agree/disagree with the statement,Rate how much people in your social circle would agree/disagree with the statement,Rate how much you agree/disagree with the statement,Rate how much people in your social circle would agree/disagree with the statement,Rate how much you agree/disagree with the statement,Rate how much people in your social circle would agree/disagree with the statement,Rate how much you agree/disagree with the statement,Rate how much people in your social circle would agree/disagree with the statement,Rate how much you agree/disagree with the statement,Rate how much people in your social circle would agree/disagree with the statement,Rate how much you agree/disagree with the statement,Rate how much people in your social circle would agree/disagree with the statement,Rate how much you agree/disagree with the statement,Rate how much people in your social circle would agree/disagree with the statement,Rate how much you agree/disagree with the statement,Rate how much people in your social circle would agree/disagree with the statement,Rate how much you agree/disagree with the statement,Rate how much people in your social circle would agree/disagree with the statement,Rate how much you agree/disagree with the statement,Rate how much people in your social circle would agree/disagree with the statement,Rate how much you agree/disagree with the statement,Rate how much people in your social circle would agree/disagree with the statement,Rate how much you agree/disagree with the statement,Rate how much people in your social circle would agree/disagree with the statement,Rate how much you agree/disagree with the statement,Rate how much people in your social circle would agree/disagree with the statement,Rate how much you agree/disagree with the statement,Rate how much people in your social circle would agree/disagree with the statement,Rate how much you agree/disagree with the statement,Rate how much people in your social circle would agree/disagree with the statement,Rate how much you agree/disagree with the statement,Rate how much people in your social circle would agree/disagree with the statement,Rate how much you agree/disagree with the statement,Rate how much people in your social circle would agree/disagree with the statement,Rate how much you agree/disagree with the statement,Rate how much people in your social circle would agree/disagree with the statement,Rate how much you agree/disagree with the statement,Rate how much people in your social circle would agree/disagree with the statement,Rate how much you agree/disagree with the statement,Rate how much people in your social circle would agree/disagree with the statement,Rate how much you agree/disagree with the statement,Rate how much people in your social circle would agree/disagree with the statement,Rate how much you agree/disagree with the statement,Rate how much people in your social circle would agree/disagree with the statement,Rate how much you agree/disagree with the statement,Rate how much people in your social circle would agree/disagree with the statement,Rate how much you agree/disagree with the statement,Rate how much people in your social circle would agree/disagree with the statement,Rate how much you agree/disagree with the statement,Rate how much people in your social circle would agree/disagree with the statement,Rate how much you agree/disagree with the statement,Rate how much people in your social circle would agree/disagree with the statement,Rate how much you agree/disagree with the statement,Rate how much people in your social circle would agree/disagree with the statement,Rate how much you agree/disagree with the statement,Rate how much people in your social circle would agree/disagree with the statement,Rate how much you agree/disagree with the statement,Rate how much people in your social circle would agree/disagree with the statement,Rate how much you agree/disagree with the statement,Rate how much people in your social circle would agree/disagree with the statement,Rate how much you agree/disagree with the statement,Rate how much people in your social circle would agree/disagree with the statement,Rate how much you agree/disagree with the statement,Rate how much people in your social circle would agree/disagree with the statement,Rate how much you agree/disagree with the statement,Rate how much people in your social circle would agree/disagree with the statement,Rate how much you agree/disagree with the statement,Rate how much people in your social circle would agree/disagree with the statement,Rate how much you agree/disagree with the statement,Rate how much people in your social circle would agree/disagree with the statement,Rate how much you agree/disagree with the statement,Rate how much people in your social circle would agree/disagree with the statement,Rate how much you agree/disagree with the statement,Rate how much people in your social circle would agree/disagree with the statement,Rate how much you agree/disagree with the statement,Rate how much people in your social circle would agree/disagree with the statement,Rate how much you agree/disagree with the statement,Rate how much people in your social circle would agree/disagree with the statement,Rate how much you agree/disagree with the statement,Rate how much people in your social circle would agree/disagree with the statement,Rate how much you agree/disagree with the statement,Rate how much people in your social circle would agree/disagree with the statement,Rate how much you agree/disagree with the statement,Rate how much people in your social circle would agree/disagree with the statement,Rate how much you agree/disagree with the statement,Rate how much people in your social circle would agree/disagree with the statement,Rate how much you agree/disagree with the statement,Rate how much people in your social circle would agree/disagree with the statement,Rate how much you agree/disagree with the statement,Rate how much people in your social circle would agree/disagree with the statement,Rate how much you agree/disagree with the statement,Rate how much people in your social circle would agree/disagree with the statement,Rate how much you agree/disagree with the statement,Rate how much people in your social circle would agree/disagree with the statement,Rate how much you agree/disagree with the statement,Rate how much people in your social circle would agree/disagree with the statement,Rate how much you agree/disagree with the statement,Rate how much people in your social circle would agree/disagree with the statement,Rate how much you agree/disagree with the statement,Rate how much people in your social circle would agree/disagree with the statement,Rate how much you agree/disagree with the statement,Rate how much people in your social circle would agree/disagree with the statement,Rate how much you agree/disagree with the statement,Rate how much people in your social circle would agree/disagree with the statement,Rate how much you agree/disagree with the statement,Rate how much people in your social circle would agree/disagree with the statement,Rate how much you agree/disagree with the statement,Rate how much people in your social circle would agree/disagree with the statement,Rate how much you agree/disagree with the statement,Rate how much people in your social circle would agree/disagree with the statement,Rate how much you agree/disagree with the statement,Rate how much people in your social circle would agree/disagree with the statement,Rate how much you agree/disagree with the statement,Rate how much people in your social circle would agree/disagree with the statement,Rate how much you agree/disagree with the statement,Rate how much people in your social circle would agree/disagree with the statement,Rate how much you agree/disagree with the statement,Rate how much people in your social circle would agree/disagree with the statement,Rate how much you agree/disagree with the statement,Rate how much people in your social circle would agree/disagree with the statement,Rate how much you agree/disagree with the statement,Rate how much people in your social circle would agree/disagree with the statement,Rate how much you agree/disagree with the statement,Rate how much people in your social circle would agree/disagree with the statement,Rate how much you agree/disagree with the statement,Rate how much people in your social circle would agree/disagree with the statement,Rate how much you agree/disagree with the statement,Rate how much people in your social circle would agree/disagree with the statement,Rate how much you agree/disagree with the statement,Rate how much people in your social circle would agree/disagree with the statement,Rate how much you agree/disagree with the statement,Rate how much people in your social circle would agree/disagree with the statement,Rate how much you agree/disagree with the statement,Rate how much people in your social circle would agree/disagree with the statement,Rate how much you agree/disagree with the statement,Rate how much people in your social circle would agree/disagree with the statement,Rate how much you agree/disagree with the statement,Rate how much people in your social circle would agree/disagree with the statement,Rate how much you agree/disagree with the statement,Rate how much people in your social circle would agree/disagree with the statement,Rate how much you agree/disagree with the statement,Rate how much people in your social circle would agree/disagree with the statement,Rate how much you agree/disagree with the statement,Rate how much people in your social circle would agree/disagree with the statement,Rate how much you agree/disagree with the statement,Rate how much people in your social circle would agree/disagree with the statement,Rate how much you agree/disagree with the statement,Rate how much people in your social circle would agree/disagree with the statement,Rate how much you agree/disagree with the statement,Rate how much people in your social circle would agree/disagree with the statement
97dcc63b-49c1-4b58-a07b-c6d230968382,d1773a5b-76d6-4053-a9e3-9c7504e6e6f0,2026-09-21 18:46:57,,,In progress,Desktop,en-US,6682fbc595609e3f88048a53,,,,,,,,,,,,,,,,,,,,,,,,,,,,,,,,,,,,,,,,,,,,,,,,,,,,,,,,,,,,,,,,,,,,,,,,,,,,,,,,,,,,,,,,,,,,,,,,,,,,,,,,,,,,,,,,,,,,,,,,,,,,,,,,,,,,,,,,,,,,,,,,,,,,,,,,,,,,,,,,,,,,,,,,,,,,,,,,,,,,,,,,,,,,,,,,,,,,,,,,,,,,,,,,,,,,,,,,,,,,,,,,,,,,,,,,,,,,,,,,,,,,,,,,,,,,,,,,,,,,,,,,,,,,,,,,,,,,,,,,,,,,,,,,,,,,,,,,,,,,,,,,,,,,,,,,,,,,,,,,,,,,,,,,,,,,,,,,,,,,,,,,,,,,,,,,,,,,,,
bbaa507e-2659-4671-9010-ec3820d5f06f,8d365539-5dbd-4eab-8338-02d122707aa9,2026-09-21 18:47:46,2026-09-21 19:07:10,1164,Completed,Desktop,en-US,6a0203330e605bf5b5e54521,27,female,Other,tiktok,ArrowRight,ArrowRight,ArrowRight,ArrowRight,ArrowRight,ArrowRight,ArrowRight,ArrowRight,ArrowLeft,ArrowLeft,ArrowLeft,ArrowLeft,ArrowRight,ArrowRight,ArrowRight,ArrowRight,ArrowRight,ArrowRight,ArrowRight,ArrowRight,ArrowRight,ArrowRight,ArrowRight,ArrowRight,ArrowRight,ArrowRight,ArrowRight,ArrowRight,ArrowLeft,ArrowLeft,ArrowRight,ArrowLeft,ArrowRight,ArrowRight,ArrowLeft,ArrowLeft,ArrowRight,ArrowRight,ArrowLeft,ArrowRight,ArrowLeft,ArrowRight,ArrowRight,ArrowRight,ArrowRight,ArrowLeft,ArrowLeft,ArrowLeft,ArrowRight,ArrowRight,ArrowRight,ArrowRight,ArrowRight,ArrowRight,ArrowRight,ArrowLeft,ArrowRight,ArrowRight,ArrowLeft,ArrowRight,ArrowLeft,ArrowRight,ArrowLeft,ArrowRight,ArrowRight,ArrowRight,ArrowRight,ArrowRight,ArrowLeft,ArrowLeft,ArrowLeft,ArrowLeft,ArrowRight,ArrowRight,ArrowLeft,ArrowRight,ArrowLeft,ArrowRight,ArrowRight,ArrowRight,ArrowRight,ArrowRight,ArrowLeft,ArrowRight,ArrowRight,ArrowRight,ArrowRight,ArrowRight,,,,,,,,,,,,,,,,,,,,,,,,,,,,,,,,,,,,,,,,,,,,,,,,,,,,,,,,,,,,,,,,,,,,,,,,,,,,,,,,,,,,,,,,,Deciding which posts I might share,,2,3,1,1,1,1,4,3,1,1,1,2,1,2,1,2,5,6,6,5,4,5,6,7,1,2,5,6,1,1,3,2,1,1,1,1,3,4,1,1,2,2,2,1,1,2,2,1,1,1,5,4,1,2,2,2,6,7,7,6,6,7,6,7,1,1,3,2,1,1,1,1,1,1,1,1,1,1,1,1,6,5,5,6,6,7,7,7,1,2,6,7,6,7,2,2,1,1,1,2,1,1,1,1,2,3,1,1,5,6,1,2,1,1,1,2,5,6,5,6,3,4,3,4,3,4,4,3,1,1,1,1,5,4,3,2,1,1,5,5,6,5,1,1,6,7,6,5,4,5,5,5,2,3,6,7,1,2,2,1,1,1,3,4,6,5,2,1,5,6,5,6,2,3,1,3
66cb7015-0ad6-426f-80bc-906b39ed0f31,833ce8b2-ebc8-4a1c-918e-aa7c241dc6d7,2026-09-21 18:48:59,,,In progress,Desktop,en-US,5ebe14249a676b1650b48531,,,,,,,,,,,,,,,,,,,,,,,,,,,,,,,,,,,,,,,,,,,,,,,,,,,,,,,,,,,,,,,,,,,,,,,,,,,,,,,,,,,,,,,,,,,,,,,,,,,,,,,,,,,,,,,,,,,,,,,,,,,,,,,,,,,,,,,,,,,,,,,,,,,,,,,,,,,,,,,,,,,,,,,,,,,,,,,,,,,,,,,,,,,,,,,,,,,,,,,,,,,,,,,,,,,,,,,,,,,,,,,,,,,,,,,,,,,,,,,,,,,,,,,,,,,,,,,,,,,,,,,,,,,,,,,,,,,,,,,,,,,,,,,,,,,,,,,,,,,,,,,,,,,,,,,,,,,,,,,,,,,,,,,,,,,,,,,,,,,,,,,,,,,,,,,,,,,,,,
b0cf2261-36db-4e10-ab1f-3dfcb0e2283c,6230ade3-2745-4bad-b35a-a755e48faf87,2026-09-21 18:49:02,,,In progress,Desktop,en-US,67101014b833fd5fb2bfb9bd,,,,,,,,,,,,,,,,,,,,,,,,,,,,,,,,,,,,,,,,,,,,,,,,,,,,,,,,,,,,,,,,,,,,,,,,,,,,,,,,,,,,,,,,,,,,,,,,,,,,,,,,,,,,,,,,,,,,,,,,,,,,,,,,,,,,,,,,,,,,,,,,,,,,,,,,,,,,,,,,,,,,,,,,,,,,,,,,,,,,,,,,,,,,,,,,,,,,,,,,,,,,,,,,,,,,,,,,,,,,,,,,,,,,,,,,,,,,,,,,,,,,,,,,,,,,,,,,,,,,,,,,,,,,,,,,,,,,,,,,,,,,,,,,,,,,,,,,,,,,,,,,,,,,,,,,,,,,,,,,,,,,,,,,,,,,,,,,,,,,,,,,,,,,,,,,,,,,,,
942a4d13-0cbf-46a6-8066-4c46a0d24475,6652932d-e4e1-4291-bb13-fb950e8499b1,2026-09-21 18:50:29,,,In progress,Desktop,en-US,69f6483c2128708487e6c205,,,,,,,,,,,,,,,,,,,,,,,,,,,,,,,,,,,,,,,,,,,,,,,,,,,,,,,,,,,,,,,,,,,,,,,,,,,,,,,,,,,,,,,,,,,,,,,,,,,,,,,,,,,,,,,,,,,,,,,,,,,,,,,,,,,,,,,,,,,,,,,,,,,,,,,,,,,,,,,,,,,,,,,,,,,,,,,,,,,,,,,,,,,,,,,,,,,,,,,,,,,,,,,,,,,,,,,,,,,,,,,,,,,,,,,,,,,,,,,,,,,,,,,,,,,,,,,,,,,,,,,,,,,,,,,,,,,,,,,,,,,,,,,,,,,,,,,,,,,,,,,,,,,,,,,,,,,,,,,,,,,,,,,,,,,,,,,,,,,,,,,,,,,,,,,,,,,,,,
6c9c0f55-3a6a-4776-b736-11286ade26df,69a10e19-24ec-44ff-8bdf-22fef816725f,2026-09-21 18:52:49,2026-09-21 19:15:37,1367,Completed,Desktop,en-US,6a0e2a82271c59ca855b1643,"35
",female,Instagram,,ArrowRight,ArrowRight,ArrowRight,ArrowRight,ArrowRight,ArrowRight,ArrowRight,ArrowRight,ArrowLeft,ArrowLeft,ArrowRight,ArrowLeft,ArrowRight,ArrowRight,ArrowRight,ArrowRight,ArrowRight,ArrowLeft,ArrowLeft,ArrowLeft,ArrowRight,ArrowLeft,ArrowLeft,ArrowRight,ArrowRight,ArrowRight,ArrowRight,ArrowLeft,ArrowRight,ArrowLeft,ArrowLeft,ArrowLeft,ArrowRight,ArrowRight,ArrowRight,ArrowRight,ArrowRight,ArrowRight,ArrowRight,ArrowRight,ArrowLeft,ArrowRight,ArrowLeft,ArrowLeft,ArrowLeft,ArrowLeft,ArrowLeft,ArrowLeft,ArrowRight,ArrowLeft,ArrowRight,ArrowRight,ArrowRight,ArrowRight,ArrowLeft,ArrowRight,ArrowLeft,ArrowLeft,ArrowLeft,ArrowLeft,ArrowLeft,ArrowLeft,ArrowRight,ArrowRight,ArrowRight,ArrowRight,ArrowRight,ArrowLeft,ArrowLeft,ArrowRight,ArrowRight,ArrowLeft,ArrowLeft,ArrowLeft,ArrowLeft,ArrowRight,ArrowRight,ArrowLeft,ArrowRight,ArrowRight,ArrowRight,ArrowRight,ArrowLeft,ArrowLeft,ArrowLeft,ArrowLeft,ArrowLeft,ArrowLeft,,,,,,,,,,,,,,,,,,,,,,,,,,,,,,,,,,,,,,,,,,,,,,,,,,,,,,,,,,,,,,,,,,,,,,,,,,,,,,,,,,,,,,,,,Reading the words without thinking much about them,,1,2,4,4,4,4,4,4,4,4,1,1,4,4,4,4,4,4,4,4,6,4,7,6,4,4,4,4,5,4,4,4,1,2,1,4,4,4,4,4,6,4,4,4,7,6,4,4,1,4,4,4,1,3,4,4,4,4,7,7,7,5,4,4,4,4,4,4,4,4,1,3,1,3,4,4,1,2,4,4,4,4,4,4,6,5,4,4,6,4,4,4,4,4,4,4,4,4,4,4,4,4,2,3,4,4,4,4,4,4,4,4,7,6,4,4,7,4,4,4,4,4,4,4,4,4,4,4,1,2,4,4,4,4,4,4,7,5,4,4,4,4,4,4,4,4,4,4,4,4,1,2,4,4,7,7,4,4,4,4,4,4,4,4,7,6,4,4,4,4,4,4,7,6,4,4
76986a53-30ce-4ba9-b0f3-b6a2881b1318,42fabc9d-0dbe-4f40-9748-cabcadf68b17,2026-09-21 18:54:34,,,In progress,Desktop,en-US,6a1f39f3a66c7bf7bb7e1a24,,,,,,,,,,,,,,,,,,,,,,,,,,,,,,,,,,,,,,,,,,,,,,,,,,,,,,,,,,,,,,,,,,,,,,,,,,,,,,,,,,,,,,,,,,,,,,,,,,,,,,,,,,,,,,,,,,,,,,,,,,,,,,,,,,,,,,,,,,,,,,,,,,,,,,,,,,,,,,,,,,,,,,,,,,,,,,,,,,,,,,,,,,,,,,,,,,,,,,,,,,,,,,,,,,,,,,,,,,,,,,,,,,,,,,,,,,,,,,,,,,,,,,,,,,,,,,,,,,,,,,,,,,,,,,,,,,,,,,,,,,,,,,,,,,,,,,,,,,,,,,,,,,,,,,,,,,,,,,,,,,,,,,,,,,,,,,,,,,,,,,,,,,,,,,,,,,,,,,
bd00b000-d547-4c3a-873c-940e2d8f886b,c9da1efb-8c5b-4aa0-8a10-4e057464086b,2026-09-21 18:54:51,2026-09-21 19:22:24,1653,Completed,Desktop,en-US,675626c78f97131ff12b8d37,23,Male,Other,Discord,ArrowRight,ArrowRight,ArrowRight,ArrowRight,ArrowRight,ArrowRight,ArrowRight,ArrowRight,ArrowLeft,ArrowLeft,ArrowLeft,ArrowLeft,ArrowRight,ArrowRight,ArrowLeft,ArrowRight,ArrowRight,ArrowRight,ArrowLeft,ArrowRight,ArrowLeft,ArrowLeft,ArrowLeft,ArrowLeft,ArrowRight,ArrowRight,ArrowRight,ArrowRight,ArrowLeft,ArrowLeft,ArrowLeft,ArrowLeft,ArrowRight,ArrowRight,ArrowRight,ArrowRight,ArrowRight,ArrowRight,ArrowRight,ArrowRight,ArrowLeft,ArrowLeft,ArrowLeft,ArrowLeft,ArrowLeft,ArrowLeft,ArrowLeft,ArrowLeft,ArrowRight,ArrowLeft,ArrowRight,ArrowRight,ArrowLeft,ArrowRight,ArrowLeft,ArrowRight,ArrowLeft,ArrowLeft,ArrowLeft,ArrowLeft,ArrowLeft,ArrowLeft,ArrowRight,ArrowRight,ArrowRight,ArrowRight,ArrowRight,ArrowRight,ArrowLeft,ArrowLeft,ArrowLeft,ArrowLeft,ArrowLeft,ArrowLeft,ArrowLeft,ArrowRight,ArrowRight,ArrowLeft,ArrowLeft,ArrowLeft,ArrowRight,ArrowRight,ArrowLeft,ArrowLeft,ArrowLeft,ArrowLeft,ArrowLeft,ArrowLeft,,,,,,,,,,,,,,,,,,,,,,,,,,,,,,,,,,,,,,,,,,,,,,,,,,,,,,,,,,,,,,,,,,,,,,,,,,,,,,,,,,,,,,,,,Learning about the views people hold on these issues,,1,1,1,1,1,1,6,6,1,1,1,1,1,1,1,1,7,7,7,7,7,7,7,7,1,1,1,1,6,6,1,1,1,1,1,1,7,7,2,3,7,7,7,7,7,7,7,7,1,1,1,1,1,1,1,1,6,6,7,7,7,7,6,6,1,1,1,1,1,1,1,1,1,1,1,1,1,1,1,1,6,6,6,6,7,7,7,7,7,7,7,7,7,7,7,7,1,1,7,7,1,1,1,1,6,6,1,1,7,7,1,1,7,7,7,7,7,7,7,7,7,7,7,7,1,1,1,1,1,1,2,2,1,1,4,4,6,6,7,7,7,7,7,7,7,7,7,7,1,1,1,1,7,7,7,7,7,7,4,4,1,1,4,4,7,6,7,7,7,6,7,7,7,7,7,7
9c2293c2-2fa9-4463-8ae1-cfa543b191a2,6ca1b154-3ed3-4cc3-af49-f528f73d7b97,2026-09-21 18:57:00,,,In progress,Desktop,en-US,63c06106314da889290931cd,64,Female,Facebook,,ArrowRight,ArrowRight,ArrowRight,ArrowRight,ArrowRight,ArrowRight,ArrowRight,ArrowRight,ArrowRight,ArrowRight,ArrowRight,ArrowRight,ArrowRight,ArrowRight,ArrowRight,ArrowRight,ArrowRight,ArrowLeft,ArrowRight,ArrowRight,ArrowRight,ArrowRight,ArrowRight,ArrowRight,ArrowRight,ArrowRight,ArrowRight,ArrowRight,ArrowRight,ArrowRight,ArrowRight,ArrowRight,ArrowRight,ArrowRight,ArrowRight,ArrowRight,ArrowRight,ArrowRight,ArrowRight,ArrowRight,ArrowRight,ArrowRight,ArrowRight,ArrowRight,ArrowRight,ArrowRight,ArrowRight,ArrowRight,ArrowRight,ArrowLeft,ArrowRight,ArrowRight,ArrowRight,ArrowRight,ArrowRight,ArrowRight,ArrowRight,ArrowRight,ArrowRight,ArrowRight,ArrowLeft,ArrowLeft,ArrowRight,ArrowRight,ArrowRight,ArrowRight,ArrowRight,ArrowRight,ArrowLeft,ArrowLeft,ArrowLeft,ArrowRight,ArrowRight,ArrowRight,ArrowRight,ArrowRight,ArrowRight,ArrowLeft,ArrowLeft,ArrowLeft,ArrowLeft,ArrowRight,ArrowRight,ArrowRight,ArrowRight,ArrowRight,ArrowRight,ArrowRight,,,,,,,,,,,,,,,,,,,,,,,,,,,,,,,,,,,,,,,,,,,,,,,,,,,,,,,,,,,,,,,,,,,,,,,,,,,,,,,,,,,,,,,,,Deciding which posts I might share,,5,5,4,5,3,3,6,6,5,5,,,,,5,5,4,4,4,4,,,6,6,5,5,4,4,,,,,1,1,1,2,4,4,4,4,4,4,6,6,5,5,4,4,2,2,5,5,,,6,6,3,3,5,5,5,5,2,2,6,6,6,6,6,6,,,2,2,2,2,2,2,2,2,4,4,4,4,2,2,6,6,6,6,6,6,6,6,6,6,6,6,4,4,3,3,2,2,,,5,5,6,6,4,4,4,4,4,4,6,6,7,7,7,7,6,6,2,2,6,6,1,1,2,2,2,2,2,2,,,7,7,6,6,,,5,5,6,6,4,4,2,2,6,6,7,7,7,7,6,6,2,2,5,5,4,4,4,4,6,6,7,7,3,3,,
68c28904-9dd1-4782-a54a-0b15f6f7421e,1a8be0a6-38ff-4242-b943-b7975a460889,2026-09-21 18:57:47,,,In progress,Desktop,en-US,663a8c84b8e7c046d854c8dd,,,,,,,,,,,,,,,,,,,,,,,,,,,,,,,,,,,,,,,,,,,,,,,,,,,,,,,,,,,,,,,,,,,,,,,,,,,,,,,,,,,,,,,,,,,,,,,,,,,,,,,,,,,,,,,,,,,,,,,,,,,,,,,,,,,,,,,,,,,,,,,,,,,,,,,,,,,,,,,,,,,,,,,,,,,,,,,,,,,,,,,,,,,,,,,,,,,,,,,,,,,,,,,,,,,,,,,,,,,,,,,,,,,,,,,,,,,,,,,,,,,,,,,,,,,,,,,,,,,,,,,,,,,,,,,,,,,,,,,,,,,,,,,,,,,,,,,,,,,,,,,,,,,,,,,,,,,,,,,,,,,,,,,,,,,,,,,,,,,,,,,,,,,,,,,,,,,,,,
608199f3-3c47-4d79-ad5a-7228d8bc4246,f5b23c3d-9793-4440-8beb-5204a6cd3e12,2026-09-21 18:58:01,2026-09-21 19:52:23,3261,Completed,Desktop,en-US,6134d8a566bc3dffe880e879,69,Male,Facebook,,ArrowLeft,ArrowLeft,ArrowLeft,ArrowLeft,ArrowLeft,ArrowLeft,ArrowLeft,ArrowLeft,ArrowRight,ArrowRight,ArrowRight,ArrowRight,ArrowLeft,ArrowLeft,ArrowLeft,ArrowLeft,ArrowRight,ArrowLeft,ArrowRight,ArrowRight,ArrowRight,ArrowRight,ArrowLeft,ArrowRight,ArrowLeft,ArrowLeft,ArrowLeft,ArrowLeft,ArrowRight,ArrowLeft,ArrowRight,ArrowLeft,ArrowLeft,ArrowLeft,ArrowLeft,ArrowLeft,ArrowLeft,ArrowLeft,ArrowLeft,ArrowLeft,ArrowRight,ArrowRight,ArrowRight,ArrowRight,ArrowRight,ArrowLeft,ArrowRight,ArrowRight,ArrowLeft,ArrowLeft,ArrowLeft,ArrowLeft,ArrowLeft,ArrowLeft,ArrowLeft,ArrowRight,ArrowRight,ArrowRight,ArrowRight,ArrowRight,ArrowRight,ArrowLeft,ArrowLeft,ArrowLeft,ArrowRight,ArrowRight,ArrowRight,ArrowRight,ArrowLeft,ArrowLeft,ArrowLeft,ArrowRight,ArrowRight,ArrowLeft,ArrowRight,ArrowLeft,ArrowLeft,ArrowRight,ArrowRight,ArrowRight,ArrowRight,ArrowRight,ArrowRight,ArrowRight,ArrowRight,ArrowRight,ArrowLeft,ArrowRight,,,,,,,,,,,,,,,,,,,,,,,,,,,,,,,,,,,,,,,,,,,,,,,,,,,,,,,,,,,,,,,,,,,,,,,,,,,,,,,,,,,,,,,,,Deciding which posts I might share,,7,7,7,7,7,7,5,5,7,7,7,7,7,7,7,7,2,6,1,1,5,5,5,5,6,6,5,6,4,4,5,5,2,2,7,7,5,5,6,6,1,1,1,1,6,6,1,1,6,6,6,6,7,7,7,1,2,2,7,7,7,7,5,5,3,3,6,6,7,6,6,6,7,7,7,7,7,7,7,7,1,1,1,1,1,1,1,1,1,1,6,6,1,1,2,2,7,7,7,7,6,5,7,7,1,1,7,7,2,2,2,2,1,1,1,1,5,5,1,1,5,5,2,2,6,6,6,6,2,2,6,5,3,3,2,2,3,3,5,5,1,1,1,1,2,2,6,6,6,6,1,1,3,3,6,6,4,4,6,6,1,1,2,2,3,4,6,5,1,1,5,5,1,6,5,5
e0c3bc80-a97b-449f-8136-84cb1b574c9a,d947842c-366b-4cbd-8f60-86522c54c714,2026-09-21 18:59:48,,,In progress,Desktop,en-US,669ac4ee9fd9606611b6fcb1,,,,,,,,,,,,,,,,,,,,,,,,,,,,,,,,,,,,,,,,,,,,,,,,,,,,,,,,,,,,,,,,,,,,,,,,,,,,,,,,,,,,,,,,,,,,,,,,,,,,,,,,,,,,,,,,,,,,,,,,,,,,,,,,,,,,,,,,,,,,,,,,,,,,,,,,,,,,,,,,,,,,,,,,,,,,,,,,,,,,,,,,,,,,,,,,,,,,,,,,,,,,,,,,,,,,,,,,,,,,,,,,,,,,,,,,,,,,,,,,,,,,,,,,,,,,,,,,,,,,,,,,,,,,,,,,,,,,,,,,,,,,,,,,,,,,,,,,,,,,,,,,,,,,,,,,,,,,,,,,,,,,,,,,,,,,,,,,,,,,,,,,,,,,,,,,,,,,,,
134f2244-4a9b-4f20-a56b-65dfbd734d44,31a3cab9-5b6c-447d-8996-aee7b3c56841,2026-09-21 19:00:17,,,In progress,Desktop,en-US,6a985407dcc0f09781d7e467,,,,,,,,,,,,,,,,,,,,,,,,,,,,,,,,,,,,,,,,,,,,,,,,,,,,,,,,,,,,,,,,,,,,,,,,,,,,,,,,,,,,,,,,,,,,,,,,,,,,,,,,,,,,,,,,,,,,,,,,,,,,,,,,,,,,,,,,,,,,,,,,,,,,,,,,,,,,,,,,,,,,,,,,,,,,,,,,,,,,,,,,,,,,,,,,,,,,,,,,,,,,,,,,,,,,,,,,,,,,,,,,,,,,,,,,,,,,,,,,,,,,,,,,,,,,,,,,,,,,,,,,,,,,,,,,,,,,,,,,,,,,,,,,,,,,,,,,,,,,,,,,,,,,,,,,,,,,,,,,,,,,,,,,,,,,,,,,,,,,,,,,,,,,,,,,,,,,,,
6c986415-8d18-4863-ab40-decec4549024,0657bd68-b267-4b5a-bdab-5b30b760b825,2026-09-21 19:00:19,2026-09-21 19:21:20,1260,Completed,Desktop,en-US,69ebbaba09d1cbce3588531d,31,Female,Facebook,,ArrowRight,ArrowRight,ArrowRight,ArrowRight,ArrowRight,ArrowRight,ArrowRight,ArrowRight,ArrowLeft,ArrowLeft,ArrowLeft,ArrowLeft,ArrowRight,ArrowRight,ArrowRight,ArrowRight,ArrowRight,ArrowRight,ArrowLeft,ArrowLeft,ArrowLeft,ArrowLeft,ArrowLeft,ArrowRight,ArrowRight,ArrowLeft,ArrowRight,ArrowRight,ArrowLeft,ArrowLeft,ArrowLeft,ArrowLeft,ArrowRight,ArrowLeft,ArrowRight,ArrowLeft,ArrowRight,ArrowRight,ArrowRight,ArrowRight,ArrowRight,ArrowLeft,ArrowLeft,ArrowLeft,ArrowLeft,ArrowLeft,ArrowLeft,ArrowRight,ArrowRight,ArrowLeft,ArrowRight,ArrowRight,ArrowLeft,ArrowRight,ArrowLeft,ArrowRight,ArrowLeft,ArrowLeft,ArrowLeft,ArrowLeft,ArrowLeft,ArrowLeft,ArrowRight,ArrowRight,ArrowRight,ArrowRight,ArrowRight,ArrowRight,ArrowLeft,ArrowLeft,ArrowLeft,ArrowLeft,ArrowLeft,ArrowRight,ArrowLeft,ArrowRight,ArrowRight,ArrowLeft,ArrowRight,ArrowRight,ArrowRight,ArrowRight,ArrowLeft,ArrowLeft,ArrowLeft,ArrowLeft,ArrowLeft,ArrowLeft,,,,,,,,,,,,,,,,,,,,,,,,,,,,,,,,,,,,,,,,,,,,,,,,,,,,,,,,,,,,,,,,,,,,,,,,,,,,,,,,,,,,,,,,,Something else (please describe),I was deciding if I wanted to follow the person or not based off of their post.,1,1,1,1,1,1,4,4,1,1,1,1,1,1,1,1,6,5,6,6,5,5,6,7,2,2,2,2,2,2,2,2,2,2,2,2,6,6,7,7,5,5,6,5,5,4,5,4,2,6,2,2,1,2,3,4,5,5,6,6,6,6,6,5,1,1,1,1,1,1,2,2,2,3,2,3,2,2,1,2,5,4,5,4,6,6,6,5,6,5,6,6,6,5,3,4,1,2,2,3,3,4,2,2,4,3,1,1,6,6,1,1,6,5,7,5,6,5,6,6,6,6,5,4,1,1,1,1,2,2,2,3,1,1,2,2,5,4,6,6,7,6,7,7,7,6,7,7,1,2,2,2,5,4,6,6,2,4,2,4,1,1,4,4,7,7,7,7,7,7,7,7,7,7,4,4
7028b601-fe84-4733-9e1a-7d557f4cf4d4,b836d4fa-2d3b-455e-8917-5f8fda2fc9ef,2026-09-21 19:00:35,,,In progress,Mobile,en-US,6a19b73de011c7e306b59e9f,,,,,,,,,,,,,,,,,,,,,,,,,,,,,,,,,,,,,,,,,,,,,,,,,,,,,,,,,,,,,,,,,,,,,,,,,,,,,,,,,,,,,,,,,,,,,,,,,,,,,,,,,,,,,,,,,,,,,,,,,,,,,,,,,,,,,,,,,,,,,,,,,,,,,,,,,,,,,,,,,,,,,,,,,,,,,,,,,,,,,,,,,,,,,,,,,,,,,,,,,,,,,,,,,,,,,,,,,,,,,,,,,,,,,,,,,,,,,,,,,,,,,,,,,,,,,,,,,,,,,,,,,,,,,,,,,,,,,,,,,,,,,,,,,,,,,,,,,,,,,,,,,,,,,,,,,,,,,,,,,,,,,,,,,,,,,,,,,,,,,,,,,,,,,,,,,,,,,,
96cc92f6-a30e-443d-a79d-26060ce9d858,a66255d4-edde-4d71-befb-04a8815696d1,2026-09-21 19:01:02,,,In progress,Desktop,en-US,69cc19a2449f9d4df4a878d6,,,,,,,,,,,,,,,,,,,,,,,,,,,,,,,,,,,,,,,,,,,,,,,,,,,,,,,,,,,,,,,,,,,,,,,,,,,,,,,,,,,,,,,,,,,,,,,,,,,,,,,,,,,,,,,,,,,,,,,,,,,,,,,,,,,,,,,,,,,,,,,,,,,,,,,,,,,,,,,,,,,,,,,,,,,,,,,,,,,,,,,,,,,,,,,,,,,,,,,,,,,,,,,,,,,,,,,,,,,,,,,,,,,,,,,,,,,,,,,,,,,,,,,,,,,,,,,,,,,,,,,,,,,,,,,,,,,,,,,,,,,,,,,,,,,,,,,,,,,,,,,,,,,,,,,,,,,,,,,,,,,,,,,,,,,,,,,,,,,,,,,,,,,,,,,,,,,,,,
6511537f-538b-4476-a9ff-e91e2714cd83,fd24cbf4-56c2-4e0a-81b7-ea5ee6aafbd5,2026-09-21 19:01:08,,,In progress,Mobile,en-US,6a041c22345a38f05fbd3213,,,,,,,,,,,,,,,,,,,,,,,,,,,,,,,,,,,,,,,,,,,,,,,,,,,,,,,,,,,,,,,,,,,,,,,,,,,,,,,,,,,,,,,,,,,,,,,,,,,,,,,,,,,,,,,,,,,,,,,,,,,,,,,,,,,,,,,,,,,,,,,,,,,,,,,,,,,,,,,,,,,,,,,,,,,,,,,,,,,,,,,,,,,,,,,,,,,,,,,,,,,,,,,,,,,,,,,,,,,,,,,,,,,,,,,,,,,,,,,,,,,,,,,,,,,,,,,,,,,,,,,,,,,,,,,,,,,,,,,,,,,,,,,,,,,,,,,,,,,,,,,,,,,,,,,,,,,,,,,,,,,,,,,,,,,,,,,,,,,,,,,,,,,,,,,,,,,,,,
733b0815-b547-45ba-8232-e19d82a2f921,dc10b93d-319b-4f92-825c-8afada80fbec,2026-09-21 19:01:34,,,In progress,Desktop,en-US,5fd6dd92bd1eb165c677833c,,,,,,,,,,,,,,,,,,,,,,,,,,,,,,,,,,,,,,,,,,,,,,,,,,,,,,,,,,,,,,,,,,,,,,,,,,,,,,,,,,,,,,,,,,,,,,,,,,,,,,,,,,,,,,,,,,,,,,,,,,,,,,,,,,,,,,,,,,,,,,,,,,,,,,,,,,,,,,,,,,,,,,,,,,,,,,,,,,,,,,,,,,,,,,,,,,,,,,,,,,,,,,,,,,,,,,,,,,,,,,,,,,,,,,,,,,,,,,,,,,,,,,,,,,,,,,,,,,,,,,,,,,,,,,,,,,,,,,,,,,,,,,,,,,,,,,,,,,,,,,,,,,,,,,,,,,,,,,,,,,,,,,,,,,,,,,,,,,,,,,,,,,,,,,,,,,,,,,
9cbaf98b-020e-45a6-aa55-15ccb043d5e0,6d3d7852-816f-4eef-af42-12330a737133,2026-09-21 19:01:57,,,In progress,Desktop,en-US,6a03d5fc4d20908f095924d8,,,,,,,,,,,,,,,,,,,,,,,,,,,,,,,,,,,,,,,,,,,,,,,,,,,,,,,,,,,,,,,,,,,,,,,,,,,,,,,,,,,,,,,,,,,,,,,,,,,,,,,,,,,,,,,,,,,,,,,,,,,,,,,,,,,,,,,,,,,,,,,,,,,,,,,,,,,,,,,,,,,,,,,,,,,,,,,,,,,,,,,,,,,,,,,,,,,,,,,,,,,,,,,,,,,,,,,,,,,,,,,,,,,,,,,,,,,,,,,,,,,,,,,,,,,,,,,,,,,,,,,,,,,,,,,,,,,,,,,,,,,,,,,,,,,,,,,,,,,,,,,,,,,,,,,,,,,,,,,,,,,,,,,,,,,,,,,,,,,,,,,,,,,,,,,,,,,,,,
7998e265-8018-467e-86ad-e5813397dd67,d481d653-01bb-44bc-87b9-3c13b9d9ae4e,2026-09-21 19:02:09,,,In progress,Mobile,en-US,6605eaefd982b606054fda4c,,,,,,,,,,,,,,,,,,,,,,,,,,,,,,,,,,,,,,,,,,,,,,,,,,,,,,,,,,,,,,,,,,,,,,,,,,,,,,,,,,,,,,,,,,,,,,,,,,,,,,,,,,,,,,,,,,,,,,,,,,,,,,,,,,,,,,,,,,,,,,,,,,,,,,,,,,,,,,,,,,,,,,,,,,,,,,,,,,,,,,,,,,,,,,,,,,,,,,,,,,,,,,,,,,,,,,,,,,,,,,,,,,,,,,,,,,,,,,,,,,,,,,,,,,,,,,,,,,,,,,,,,,,,,,,,,,,,,,,,,,,,,,,,,,,,,,,,,,,,,,,,,,,,,,,,,,,,,,,,,,,,,,,,,,,,,,,,,,,,,,,,,,,,,,,,,,,,,,
e3bbcbe1-5ad1-4929-a630-5f1c730dd4cc,6d18ba6e-a6e8-4577-8c5d-ef600bcabf62,2026-09-21 19:02:48,,,In progress,Mobile,en-US,69826a093cf6352f9af03f00,,,,,,,,,,,,,,,,,,,,,,,,,,,,,,,,,,,,,,,,,,,,,,,,,,,,,,,,,,,,,,,,,,,,,,,,,,,,,,,,,,,,,,,,,,,,,,,,,,,,,,,,,,,,,,,,,,,,,,,,,,,,,,,,,,,,,,,,,,,,,,,,,,,,,,,,,,,,,,,,,,,,,,,,,,,,,,,,,,,,,,,,,,,,,,,,,,,,,,,,,,,,,,,,,,,,,,,,,,,,,,,,,,,,,,,,,,,,,,,,,,,,,,,,,,,,,,,,,,,,,,,,,,,,,,,,,,,,,,,,,,,,,,,,,,,,,,,,,,,,,,,,,,,,,,,,,,,,,,,,,,,,,,,,,,,,,,,,,,,,,,,,,,,,,,,,,,,,,,
d0cb0f06-3a6e-496b-8757-8da73855ae66,478eeb02-a976-42b3-a0aa-8db666cedf1b,2026-09-21 19:03:20,,,In progress,Desktop,en-US,69e2707bd755f4adab95d82d,,,,,,,,,,,,,,,,,,,,,,,,,,,,,,,,,,,,,,,,,,,,,,,,,,,,,,,,,,,,,,,,,,,,,,,,,,,,,,,,,,,,,,,,,,,,,,,,,,,,,,,,,,,,,,,,,,,,,,,,,,,,,,,,,,,,,,,,,,,,,,,,,,,,,,,,,,,,,,,,,,,,,,,,,,,,,,,,,,,,,,,,,,,,,,,,,,,,,,,,,,,,,,,,,,,,,,,,,,,,,,,,,,,,,,,,,,,,,,,,,,,,,,,,,,,,,,,,,,,,,,,,,,,,,,,,,,,,,,,,,,,,,,,,,,,,,,,,,,,,,,,,,,,,,,,,,,,,,,,,,,,,,,,,,,,,,,,,,,,,,,,,,,,,,,,,,,,,,,
54562fc6-e58f-4011-904b-4c44b5648ccc,68535441-ddfd-4a58-8536-2a1b039a0fbf,2026-09-21 19:04:27,,,In progress,Desktop,en-US,6730dec04a4d3fed94686206,,,,,,,,,,,,,,,,,,,,,,,,,,,,,,,,,,,,,,,,,,,,,,,,,,,,,,,,,,,,,,,,,,,,,,,,,,,,,,,,,,,,,,,,,,,,,,,,,,,,,,,,,,,,,,,,,,,,,,,,,,,,,,,,,,,,,,,,,,,,,,,,,,,,,,,,,,,,,,,,,,,,,,,,,,,,,,,,,,,,,,,,,,,,,,,,,,,,,,,,,,,,,,,,,,,,,,,,,,,,,,,,,,,,,,,,,,,,,,,,,,,,,,,,,,,,,,,,,,,,,,,,,,,,,,,,,,,,,,,,,,,,,,,,,,,,,,,,,,,,,,,,,,,,,,,,,,,,,,,,,,,,,,,,,,,,,,,,,,,,,,,,,,,,,,,,,,,,,,
43617db0-3631-4e70-bae7-00b5e9750a4c,a741bc73-d4e9-416a-acc5-e4619c550755,2026-09-21 19:04:29,,,In progress,Mobile,en-US,698a3ea72471c023c44ea2d2,32,"Demale ",Facebook,,,,,,,,,,,,,,,,,,,,,,,,,,,,,,,,,,,,,,,,,,,,,,,,,,,,,,,,,,,,,,,,,,,,,,,,,,,,,,,,,,,,,,,,,,,,,,,,,,,,,,,,,,,,,,,,,,,,,,,,,,,,,,,,,,,,,,,,,,,,,,,,,,,,,,,,,,,,,,,,,,,,,,,,,,,,,,,,,,,,,,,,,,,,,,,,,,,,,,,,,,,,,,,,,,,,,,,,,,,,,,,,,,,,,,,,,,,,,,,,,,,,,,,,,,,,,,,,,,,,,,,,,,,,,,,,,,,,,,,,,,,,,,,,,,,,,,,,,,,,,,,,,,,,,,,,,,,,,,,,,,,,,,,,,,,,,,,,,,,,,,,,,,,,,,,,,,,
468e10e2-2799-465b-8117-3b49637e8876,a83d4ea7-aaa8-4e9d-9684-b3da0b6dc29a,2026-09-21 19:04:45,,,In progress,Mobile,en-US,69ccdfcd6a3f90e7c89cbe27,,,,,,,,,,,,,,,,,,,,,,,,,,,,,,,,,,,,,,,,,,,,,,,,,,,,,,,,,,,,,,,,,,,,,,,,,,,,,,,,,,,,,,,,,,,,,,,,,,,,,,,,,,,,,,,,,,,,,,,,,,,,,,,,,,,,,,,,,,,,,,,,,,,,,,,,,,,,,,,,,,,,,,,,,,,,,,,,,,,,,,,,,,,,,,,,,,,,,,,,,,,,,,,,,,,,,,,,,,,,,,,,,,,,,,,,,,,,,,,,,,,,,,,,,,,,,,,,,,,,,,,,,,,,,,,,,,,,,,,,,,,,,,,,,,,,,,,,,,,,,,,,,,,,,,,,,,,,,,,,,,,,,,,,,,,,,,,,,,,,,,,,,,,,,,,,,,,,,,
c8713504-a4f7-4efb-b38e-f6f025db0a2d,fbb268dd-400f-4825-8dd3-5ba4066f3f1b,2026-09-21 19:05:58,,,In progress,Desktop,en-US,69ab869305976fa0096eac87,,,,,,,,,,,,,,,,,,,,,,,,,,,,,,,,,,,,,,,,,,,,,,,,,,,,,,,,,,,,,,,,,,,,,,,,,,,,,,,,,,,,,,,,,,,,,,,,,,,,,,,,,,,,,,,,,,,,,,,,,,,,,,,,,,,,,,,,,,,,,,,,,,,,,,,,,,,,,,,,,,,,,,,,,,,,,,,,,,,,,,,,,,,,,,,,,,,,,,,,,,,,,,,,,,,,,,,,,,,,,,,,,,,,,,,,,,,,,,,,,,,,,,,,,,,,,,,,,,,,,,,,,,,,,,,,,,,,,,,,,,,,,,,,,,,,,,,,,,,,,,,,,,,,,,,,,,,,,,,,,,,,,,,,,,,,,,,,,,,,,,,,,,,,,,,,,,,,,,
72e85ca0-94b7-49e2-bac9-ace291ad409b,d3c63259-87d3-483c-a64b-ea4bdec3e35d,2026-09-21 19:06:53,,,In progress,Desktop,en-US,69fd12ee9395b830ff5c045f,,,,,,,,,,,,,,,,,,,,,,,,,,,,,,,,,,,,,,,,,,,,,,,,,,,,,,,,,,,,,,,,,,,,,,,,,,,,,,,,,,,,,,,,,,,,,,,,,,,,,,,,,,,,,,,,,,,,,,,,,,,,,,,,,,,,,,,,,,,,,,,,,,,,,,,,,,,,,,,,,,,,,,,,,,,,,,,,,,,,,,,,,,,,,,,,,,,,,,,,,,,,,,,,,,,,,,,,,,,,,,,,,,,,,,,,,,,,,,,,,,,,,,,,,,,,,,,,,,,,,,,,,,,,,,,,,,,,,,,,,,,,,,,,,,,,,,,,,,,,,,,,,,,,,,,,,,,,,,,,,,,,,,,,,,,,,,,,,,,,,,,,,,,,,,,,,,,,,,
56d466e2-df02-460c-8f67-8ca2ae88a501,28022843-3479-4ec6-a2e1-8ae2a92dc7df,2026-09-21 19:07:05,,,In progress,Desktop,en-US,6a983421c63520ae30233c0f,,,,,,,,,,,,,,,,,,,,,,,,,,,,,,,,,,,,,,,,,,,,,,,,,,,,,,,,,,,,,,,,,,,,,,,,,,,,,,,,,,,,,,,,,,,,,,,,,,,,,,,,,,,,,,,,,,,,,,,,,,,,,,,,,,,,,,,,,,,,,,,,,,,,,,,,,,,,,,,,,,,,,,,,,,,,,,,,,,,,,,,,,,,,,,,,,,,,,,,,,,,,,,,,,,,,,,,,,,,,,,,,,,,,,,,,,,,,,,,,,,,,,,,,,,,,,,,,,,,,,,,,,,,,,,,,,,,,,,,,,,,,,,,,,,,,,,,,,,,,,,,,,,,,,,,,,,,,,,,,,,,,,,,,,,,,,,,,,,,,,,,,,,,,,,,,,,,,,,
e3e15cf2-1dce-492d-a787-e1661a684964,05d27fcb-c64f-4160-b8a4-421183444bb5,2026-09-21 19:07:05,,,In progress,Desktop,en-US,60df9631b4030b4ec3a275e5,,,,,,,,,,,,,,,,,,,,,,,,,,,,,,,,,,,,,,,,,,,,,,,,,,,,,,,,,,,,,,,,,,,,,,,,,,,,,,,,,,,,,,,,,,,,,,,,,,,,,,,,,,,,,,,,,,,,,,,,,,,,,,,,,,,,,,,,,,,,,,,,,,,,,,,,,,,,,,,,,,,,,,,,,,,,,,,,,,,,,,,,,,,,,,,,,,,,,,,,,,,,,,,,,,,,,,,,,,,,,,,,,,,,,,,,,,,,,,,,,,,,,,,,,,,,,,,,,,,,,,,,,,,,,,,,,,,,,,,,,,,,,,,,,,,,,,,,,,,,,,,,,,,,,,,,,,,,,,,,,,,,,,,,,,,,,,,,,,,,,,,,,,,,,,,,,,,,,,
1463505b-2446-4582-951d-55c9b6bfb7a5,5d9287e1-ef3f-4155-9e1b-39e6df0edd84,2026-09-21 19:07:13,,,In progress,Desktop,en-US,69fa820a41b79def08596d8a,34,female,Instagram,,,,,,,,,,,,,,,,,,,,,,,,,,,,,,,,,,,,,,,,,,,,,,,,,,,,,,,,,,,,,,,,,,,,,,,,,,,,,,,,,,,,,,,,,,,,ArrowRight,,ArrowRight,,,,,,,ArrowRight,ArrowRight,ArrowRight,ArrowRight,,ArrowRight,,ArrowRight,,ArrowRight,,ArrowRight,,,ArrowRight,,,,,ArrowRight,ArrowRight,,,,ArrowLeft,ArrowRight,,,,ArrowRight,,,,,,,,,ArrowRight,,,,ArrowRight,,,,,,,ArrowRight,,,,,ArrowRight,,,,,,,,,,,,,ArrowRight,ArrowRight,,,ArrowRight,,,,,,,,,,,,,,,,,,,,,,,,,,,,,,,,,,,,,,,,,,,,,,,,,,,,,,,,,,,,,,,,,,,,,,,,,,,,,,,,,,,,,,,,,,,,,,,,,,,,,,,,,,,,,,,,,,,,,,,,,,,,,,,,,,,,,,,,,,,,,,,,,,,,,,,,,,,,,,,,,,,,,,,,,,,,,,,,,,,,,,,
b39c1d63-f33b-4fa6-ad79-b6a32dc12e28,40a3e53c-5b02-4cc6-adf8-32103a185649,2026-09-21 19:08:34,2026-09-21 19:28:01,1166,Completed,Desktop,en-US,5d7047d764b37b0017ffa710,55,female,Facebook,,ArrowLeft,ArrowLeft,ArrowLeft,ArrowLeft,ArrowLeft,ArrowLeft,ArrowLeft,ArrowLeft,ArrowRight,ArrowRight,ArrowRight,ArrowRight,ArrowRight,ArrowRight,ArrowRight,ArrowRight,ArrowLeft,ArrowLeft,ArrowRight,ArrowRight,ArrowRight,ArrowRight,ArrowRight,ArrowRight,ArrowLeft,ArrowLeft,ArrowLeft,ArrowLeft,ArrowRight,ArrowRight,ArrowRight,ArrowRight,ArrowLeft,ArrowLeft,ArrowLeft,ArrowLeft,ArrowLeft,ArrowLeft,ArrowLeft,ArrowLeft,ArrowRight,ArrowRight,ArrowRight,ArrowRight,ArrowRight,ArrowRight,ArrowRight,ArrowRight,ArrowLeft,ArrowLeft,ArrowLeft,ArrowLeft,ArrowRight,ArrowLeft,ArrowRight,ArrowLeft,ArrowRight,ArrowRight,ArrowRight,ArrowRight,ArrowRight,ArrowRight,ArrowLeft,ArrowLeft,ArrowRight,ArrowRight,ArrowLeft,ArrowLeft,ArrowRight,ArrowRight,ArrowRight,ArrowRight,ArrowRight,ArrowRight,ArrowRight,ArrowLeft,ArrowLeft,ArrowRight,ArrowLeft,ArrowRight,ArrowLeft,ArrowRight,ArrowRight,ArrowRight,ArrowRight,ArrowRight,ArrowRight,ArrowRight,,,,,,,,,,,,,,,,,,,,,,,,,,,,,,,,,,,,,,,,,,,,,,,,,,,,,,,,,,,,,,,,,,,,,,,,,,,,,,,,,,,,,,,,,Learning about the views people hold on these issues,,7,5,7,6,7,5,7,7,7,6,7,6,7,6,7,5,2,2,2,2,2,3,4,4,3,3,5,4,5,4,4,4,6,5,5,5,4,5,3,3,1,2,1,2,3,3,1,2,7,6,7,6,7,6,5,5,2,3,3,3,2,3,2,3,7,6,6,6,7,5,7,6,5,5,5,5,5,5,5,5,2,3,3,4,2,3,3,3,3,3,3,3,3,3,2,2,6,6,5,5,6,5,5,5,5,5,7,5,4,4,7,5,1,2,1,2,1,2,1,3,2,2,2,2,7,5,6,5,4,4,3,3,5,5,5,5,4,4,4,4,1,2,1,2,1,2,3,3,7,6,6,5,3,3,3,4,6,5,4,4,5,4,6,5,1,3,2,2,1,2,1,3,2,2,3,3
ccd3867a-0438-422b-be15-aa9eae430c6b,737324a9-92d6-4183-b7a7-35e46b7dbc66,2026-09-21 19:09:45,2026-09-21 19:27:04,1038,Completed,Desktop,en-US,6a9c2ae06a5022a0ca3fcd65,29,female,X (formerly Twitter),,,,,,,,,,,,,,,,,,,,,,,,,,,,,,,,,,,,,,,,,,,,,,,,,,,,,,,,,,,,,,,,,,,,,,,,,,,,,,,,,,,,,,,,,,ArrowRight,ArrowRight,ArrowRight,ArrowRight,ArrowRight,ArrowRight,ArrowRight,ArrowRight,ArrowRight,ArrowLeft,ArrowRight,ArrowRight,ArrowRight,ArrowRight,ArrowRight,ArrowRight,ArrowRight,ArrowRight,ArrowLeft,ArrowRight,ArrowRight,ArrowRight,ArrowRight,ArrowRight,ArrowRight,ArrowRight,ArrowRight,ArrowRight,ArrowLeft,ArrowLeft,ArrowLeft,ArrowRight,ArrowRight,ArrowRight,ArrowRight,ArrowRight,ArrowRight,ArrowRight,ArrowRight,ArrowRight,ArrowRight,ArrowRight,ArrowRight,ArrowLeft,ArrowRight,ArrowRight,ArrowLeft,ArrowRight,ArrowRight,ArrowRight,ArrowRight,ArrowRight,ArrowRight,ArrowRight,ArrowLeft,ArrowRight,ArrowRight,ArrowRight,ArrowLeft,ArrowLeft,ArrowLeft,ArrowLeft,ArrowRight,ArrowRight,ArrowRight,ArrowRight,ArrowRight,ArrowRight,ArrowRight,ArrowLeft,ArrowLeft,ArrowRight,ArrowLeft,ArrowLeft,ArrowRight,ArrowRight,ArrowRight,ArrowLeft,ArrowRight,ArrowRight,ArrowRight,ArrowRight,ArrowLeft,ArrowRight,ArrowLeft,ArrowLeft,ArrowLeft,ArrowLeft,Deciding which posts I might share,,1,1,1,1,1,1,4,4,1,1,1,1,6,6,1,1,6,6,7,7,5,5,6,6,2,2,2,2,4,4,4,4,1,1,1,1,7,7,4,4,5,5,5,5,7,7,1,1,1,1,1,1,1,1,1,1,7,7,7,7,7,7,7,7,1,1,2,2,1,1,1,1,1,1,1,1,1,1,1,1,7,7,6,6,7,7,5,5,6,6,4,4,6,6,5,5,2,2,1,1,3,3,2,2,4,4,1,1,6,6,1,1,6,6,5,5,6,6,6,6,1,1,6,6,1,1,1,1,2,2,2,2,2,2,6,6,6,6,7,7,7,7,6,6,7,7,7,7,1,1,1,1,7,7,6,6,6,6,5,5,2,2,1,1,7,7,7,7,7,7,7,7,7,7,7,7
bc080a1d-14c8-4081-b77f-d1f79b0338d8,2756a70f-0c6f-4f4a-bbc3-722fe192c046,2026-09-21 19:10:05,,,In progress,Desktop,en-US,6aa962df9a8c37f1a8a9633d,,,,,,,,,,,,,,,,,,,,,,,,,,,,,,,,,,,,,,,,,,,,,,,,,,,,,,,,,,,,,,,,,,,,,,,,,,,,,,,,,,,,,,,,,,,,,,,,,,,,,,,,,,,,,,,,,,,,,,,,,,,,,,,,,,,,,,,,,,,,,,,,,,,,,,,,,,,,,,,,,,,,,,,,,,,,,,,,,,,,,,,,,,,,,,,,,,,,,,,,,,,,,,,,,,,,,,,,,,,,,,,,,,,,,,,,,,,,,,,,,,,,,,,,,,,,,,,,,,,,,,,,,,,,,,,,,,,,,,,,,,,,,,,,,,,,,,,,,,,,,,,,,,,,,,,,,,,,,,,,,,,,,,,,,,,,,,,,,,,,,,,,,,,,,,,,,,,,,,
bd5ffd31-0ae5-4c09-af8c-60774fc2c9eb,b4e13dc8-1abf-4a75-a673-6d882f59b9b5,2026-09-21 19:10:52,2026-09-21 20:02:51,3118,Completed,Desktop,en-US,5d57062817ee8d0001cda0f6,41,Female,Other,YouTube,,,,,,,,,,,,,,,,,,,,,,,,,,,,,,,,,,,,,,,,,,,,,,,,,,,,,,,,,,,,,,,,,,,,,,,,,,,,,,,,,,,,,,,,,ArrowRight,ArrowRight,ArrowRight,ArrowRight,ArrowRight,ArrowRight,ArrowRight,ArrowRight,ArrowLeft,ArrowRight,ArrowRight,ArrowRight,ArrowRight,ArrowRight,ArrowRight,ArrowRight,ArrowRight,ArrowRight,ArrowLeft,ArrowRight,ArrowRight,ArrowLeft,ArrowRight,ArrowRight,ArrowRight,ArrowRight,ArrowRight,ArrowRight,ArrowLeft,ArrowLeft,ArrowLeft,ArrowLeft,ArrowRight,ArrowRight,ArrowRight,ArrowRight,ArrowRight,ArrowRight,ArrowRight,ArrowRight,ArrowRight,ArrowRight,ArrowRight,ArrowRight,ArrowLeft,ArrowLeft,ArrowRight,ArrowRight,ArrowRight,ArrowLeft,ArrowRight,ArrowRight,ArrowRight,ArrowRight,ArrowRight,ArrowRight,ArrowRight,ArrowRight,ArrowLeft,ArrowLeft,ArrowLeft,ArrowRight,ArrowRight,ArrowRight,ArrowRight,ArrowRight,ArrowRight,ArrowRight,ArrowRight,ArrowRight,ArrowRight,ArrowRight,ArrowRight,ArrowRight,ArrowRight,ArrowRight,ArrowRight,ArrowLeft,ArrowRight,ArrowLeft,ArrowRight,ArrowRight,ArrowRight,ArrowRight,ArrowRight,ArrowLeft,ArrowRight,ArrowRight,Deciding which posts I might share,,1,4,4,5,4,5,7,7,1,3,1,4,1,4,1,5,4,4,2,3,4,4,4,4,3,5,3,4,2,3,4,3,1,3,2,4,5,4,3,2,4,4,6,4,4,4,3,4,7,6,4,5,3,4,4,5,6,5,7,5,6,5,7,5,3,3,3,4,2,3,3,4,4,5,5,4,1,3,1,4,4,3,4,4,4,4,4,5,7,6,7,6,5,4,5,5,2,3,5,4,1,3,2,1,4,4,4,7,6,4,4,5,4,3,1,1,6,2,7,4,6,4,5,4,3,4,4,4,1,3,4,4,2,3,3,3,5,4,7,5,6,3,4,2,6,4,4,3,2,4,4,4,7,4,6,4,6,4,4,5,2,3,3,3,1,2,5,4,6,4,7,4,4,4,4,4
26223bbb-c258-458e-b042-8838f40c4ffe,9b4f98dd-1b3d-49b8-a684-9ec7777cbb12,2026-09-21 19:11:48,,,In progress,Desktop,en-US,693ade5aabf4dbfe8904b715,,,,,,,,,,,,,,,,,,,,,,,,,,,,,,,,,,,,,,,,,,,,,,,,,,,,,,,,,,,,,,,,,,,,,,,,,,,,,,,,,,,,,,,,,,,,,,,,,,,,,,,,,,,,,,,,,,,,,,,,,,,,,,,,,,,,,,,,,,,,,,,,,,,,,,,,,,,,,,,,,,,,,,,,,,,,,,,,,,,,,,,,,,,,,,,,,,,,,,,,,,,,,,,,,,,,,,,,,,,,,,,,,,,,,,,,,,,,,,,,,,,,,,,,,,,,,,,,,,,,,,,,,,,,,,,,,,,,,,,,,,,,,,,,,,,,,,,,,,,,,,,,,,,,,,,,,,,,,,,,,,,,,,,,,,,,,,,,,,,,,,,,,,,,,,,,,,,,,,
980f08d6-35ff-4c37-af5e-e6bea338e06d,1d778a53-d720-42f8-b4e3-e757f6eb5164,2026-09-21 19:15:19,2026-09-21 19:49:47,2067,Completed,Desktop,en-US,69d2ade106fb9a39a40b3ad3,41,Female,Facebook,,ArrowRight,ArrowRight,ArrowRight,ArrowRight,ArrowRight,ArrowRight,ArrowRight,ArrowRight,ArrowLeft,ArrowLeft,ArrowLeft,ArrowLeft,ArrowRight,ArrowRight,ArrowRight,ArrowRight,ArrowRight,ArrowRight,ArrowLeft,ArrowLeft,ArrowLeft,ArrowLeft,ArrowLeft,ArrowLeft,ArrowRight,ArrowRight,ArrowRight,ArrowRight,ArrowRight,ArrowLeft,ArrowRight,ArrowLeft,ArrowRight,ArrowRight,ArrowRight,ArrowRight,ArrowRight,ArrowRight,ArrowRight,ArrowRight,ArrowLeft,ArrowLeft,ArrowLeft,ArrowRight,ArrowLeft,ArrowLeft,ArrowLeft,ArrowLeft,ArrowRight,ArrowRight,ArrowRight,ArrowRight,ArrowRight,ArrowRight,ArrowLeft,ArrowRight,ArrowLeft,ArrowLeft,ArrowLeft,ArrowLeft,ArrowRight,ArrowLeft,ArrowRight,ArrowRight,ArrowRight,ArrowRight,ArrowRight,ArrowLeft,ArrowLeft,ArrowRight,ArrowLeft,ArrowLeft,ArrowLeft,ArrowLeft,ArrowLeft,ArrowRight,ArrowRight,ArrowLeft,ArrowLeft,ArrowRight,ArrowRight,ArrowRight,ArrowLeft,ArrowLeft,ArrowLeft,ArrowLeft,ArrowLeft,ArrowLeft,,,,,,,,,,,,,,,,,,,,,,,,,,,,,,,,,,,,,,,,,,,,,,,,,,,,,,,,,,,,,,,,,,,,,,,,,,,,,,,,,,,,,,,,,Learning about the views people hold on these issues,,1,1,1,1,1,1,1,1,1,1,1,1,1,1,1,1,5,5,7,7,6,6,7,7,1,1,4,4,4,4,4,4,1,1,1,1,7,7,7,7,7,7,7,7,7,7,7,7,1,1,2,2,1,1,1,1,3,3,6,6,7,7,6,6,3,3,4,4,4,4,3,3,1,1,1,1,2,2,1,1,4,4,7,7,5,5,2,2,7,7,7,7,7,7,7,7,1,1,1,1,1,1,1,1,1,1,1,1,6,6,1,1,7,7,7,7,7,7,7,7,7,7,7,7,1,1,1,1,4,4,4,4,4,4,3,3,4,4,4,4,7,7,7,7,7,7,7,7,1,1,1,1,7,7,7,7,4,4,4,4,1,1,3,3,7,7,7,7,7,7,7,7,7,7,7,7
f96e612d-64ea-4886-ab17-f1dd6fd7f7ae,94af3017-062e-452d-b401-fb527d72ee02,2026-09-21 19:15:37,,,In progress,Mobile,en-US,6a1bb5563efaac341328a675,,,,,,,,,,,,,,,,,,,,,,,,,,,,,,,,,,,,,,,,,,,,,,,,,,,,,,,,,,,,,,,,,,,,,,,,,,,,,,,,,,,,,,,,,,,,,,,,,,,,,,,,,,,,,,,,,,,,,,,,,,,,,,,,,,,,,,,,,,,,,,,,,,,,,,,,,,,,,,,,,,,,,,,,,,,,,,,,,,,,,,,,,,,,,,,,,,,,,,,,,,,,,,,,,,,,,,,,,,,,,,,,,,,,,,,,,,,,,,,,,,,,,,,,,,,,,,,,,,,,,,,,,,,,,,,,,,,,,,,,,,,,,,,,,,,,,,,,,,,,,,,,,,,,,,,,,,,,,,,,,,,,,,,,,,,,,,,,,,,,,,,,,,,,,,,,,,,,,,
5afb32ea-09db-45fe-b19d-26f76150887a,ab5a640a-4902-4422-a26a-36ef4c4df532,2026-09-21 19:16:10,,,In progress,Desktop,en-US,6521984a93a99edf91efc6a6,,,,,,,,,,,,,,,,,,,,,,,,,,,,,,,,,,,,,,,,,,,,,,,,,,,,,,,,,,,,,,,,,,,,,,,,,,,,,,,,,,,,,,,,,,,,,,,,,,,,,,,,,,,,,,,,,,,,,,,,,,,,,,,,,,,,,,,,,,,,,,,,,,,,,,,,,,,,,,,,,,,,,,,,,,,,,,,,,,,,,,,,,,,,,,,,,,,,,,,,,,,,,,,,,,,,,,,,,,,,,,,,,,,,,,,,,,,,,,,,,,,,,,,,,,,,,,,,,,,,,,,,,,,,,,,,,,,,,,,,,,,,,,,,,,,,,,,,,,,,,,,,,,,,,,,,,,,,,,,,,,,,,,,,,,,,,,,,,,,,,,,,,,,,,,,,,,,,,,
726992a7-454b-4845-8d22-cd9756cdbbe3,f51eb138-9a76-453d-bfd3-2a67b9d1774c,2026-09-21 19:17:03,2026-09-21 19:41:15,1451,Completed,Desktop,en-US,697157f704462a3ce10ed52c,35,male,X (formerly Twitter),,ArrowRight,ArrowRight,ArrowRight,ArrowRight,ArrowRight,ArrowRight,ArrowRight,ArrowRight,ArrowRight,ArrowRight,ArrowRight,ArrowRight,ArrowRight,ArrowRight,ArrowRight,ArrowRight,ArrowRight,ArrowLeft,ArrowLeft,ArrowRight,ArrowRight,ArrowRight,ArrowRight,ArrowRight,ArrowRight,ArrowRight,ArrowRight,ArrowRight,ArrowRight,ArrowRight,ArrowRight,ArrowRight,ArrowRight,ArrowRight,ArrowRight,ArrowRight,ArrowRight,ArrowRight,ArrowRight,ArrowRight,ArrowRight,ArrowRight,ArrowRight,ArrowLeft,ArrowLeft,ArrowLeft,ArrowLeft,ArrowLeft,ArrowRight,ArrowRight,ArrowRight,ArrowRight,ArrowRight,ArrowRight,ArrowRight,ArrowRight,ArrowRight,ArrowRight,ArrowRight,ArrowRight,ArrowLeft,ArrowRight,ArrowRight,ArrowRight,ArrowRight,ArrowRight,ArrowRight,ArrowRight,ArrowLeft,ArrowRight,ArrowRight,ArrowRight,ArrowRight,ArrowRight,ArrowRight,ArrowRight,ArrowRight,ArrowRight,ArrowRight,ArrowRight,ArrowRight,ArrowRight,ArrowRight,ArrowLeft,ArrowRight,ArrowLeft,ArrowLeft,ArrowRight,,,,,,,,,,,,,,,,,,,,,,,,,,,,,,,,,,,,,,,,,,,,,,,,,,,,,,,,,,,,,,,,,,,,,,,,,,,,,,,,,,,,,,,,,Learning about the views people hold on these issues,,2,2,3,2,3,2,7,6,5,3,1,2,2,2,1,1,3,4,4,4,3,3,2,2,4,4,5,5,4,4,4,4,5,5,7,6,5,3,6,2,2,2,5,5,5,5,2,2,2,2,5,5,2,2,5,5,4,4,5,5,5,5,4,4,2,2,3,3,2,2,5,5,1,1,2,2,3,3,1,1,4,4,5,5,3,3,6,6,5,5,6,6,6,6,5,5,3,3,6,6,2,2,3,4,6,4,3,3,4,4,3,1,4,4,4,4,1,1,5,5,6,6,5,5,3,6,3,4,4,4,5,5,4,2,4,4,2,3,4,4,2,5,4,4,2,4,5,5,2,5,2,5,3,4,7,7,4,4,2,4,2,2,5,4,1,4,5,5,2,4,7,7,5,3,4,4
4644b951-d017-4af1-bfb8-c28c01755380,8c630ab6-c67b-4b36-8c94-57a706c927b4,2026-09-21 19:18:06,,,In progress,Desktop,en-US,5dd3d566e05cad3b130de19a,,,,,,,,,,,,,,,,,,,,,,,,,,,,,,,,,,,,,,,,,,,,,,,,,,,,,,,,,,,,,,,,,,,,,,,,,,,,,,,,,,,,,,,,,,,,,,,,,,,,,,,,,,,,,,,,,,,,,,,,,,,,,,,,,,,,,,,,,,,,,,,,,,,,,,,,,,,,,,,,,,,,,,,,,,,,,,,,,,,,,,,,,,,,,,,,,,,,,,,,,,,,,,,,,,,,,,,,,,,,,,,,,,,,,,,,,,,,,,,,,,,,,,,,,,,,,,,,,,,,,,,,,,,,,,,,,,,,,,,,,,,,,,,,,,,,,,,,,,,,,,,,,,,,,,,,,,,,,,,,,,,,,,,,,,,,,,,,,,,,,,,,,,,,,,,,,,,,,,
cce5d5c5-4c99-4a9f-941f-a6ea978c26f7,9a5bf4e9-4f1b-40fa-978e-a5baf6fba22d,2026-09-21 19:23:54,2026-09-21 19:41:51,1076,Completed,Desktop,en-US,663e3d54f8d2431b170e185d,33,female,Instagram,,,,,,,,,,,,,,,,,,,,,,,,,,,,,,,,,,,,,,,,,,,,,,,,,,,,,,,,,,,,,,,,,,,,,,,,,,,,,,,,,,,,,,,,,,ArrowRight,ArrowRight,ArrowRight,ArrowRight,ArrowRight,ArrowRight,ArrowRight,ArrowRight,ArrowRight,ArrowRight,ArrowRight,ArrowRight,ArrowLeft,ArrowRight,ArrowRight,ArrowRight,ArrowRight,ArrowRight,ArrowLeft,ArrowLeft,ArrowRight,ArrowRight,ArrowRight,ArrowRight,ArrowRight,ArrowRight,ArrowRight,ArrowRight,ArrowRight,ArrowLeft,ArrowRight,ArrowLeft,ArrowRight,ArrowRight,ArrowRight,ArrowRight,ArrowRight,ArrowRight,ArrowRight,ArrowRight,ArrowRight,ArrowRight,ArrowRight,ArrowRight,ArrowRight,ArrowRight,ArrowRight,ArrowRight,ArrowRight,ArrowRight,ArrowRight,ArrowLeft,ArrowRight,ArrowRight,ArrowRight,ArrowRight,ArrowRight,ArrowRight,ArrowRight,ArrowRight,ArrowLeft,ArrowLeft,ArrowRight,ArrowRight,ArrowRight,ArrowLeft,ArrowRight,ArrowLeft,ArrowRight,ArrowRight,ArrowRight,ArrowRight,ArrowRight,ArrowRight,ArrowRight,ArrowRight,ArrowLeft,ArrowLeft,ArrowLeft,ArrowLeft,ArrowRight,ArrowRight,ArrowRight,ArrowLeft,ArrowRight,ArrowRight,ArrowLeft,ArrowLeft,Deciding which posts I might share,,2,2,2,2,3,3,2,2,3,3,2,2,2,2,3,3,3,3,3,3,3,3,2,2,5,5,2,2,2,2,2,2,2,2,3,3,5,5,5,5,2,2,2,2,5,3,4,4,2,2,5,5,5,5,5,5,2,2,5,5,2,2,5,5,2,2,5,5,2,2,2,2,3,3,3,3,5,3,4,4,3,3,2,2,2,2,3,3,2,2,2,2,2,2,2,2,5,5,5,5,3,3,5,5,5,5,5,5,3,3,2,2,2,2,3,3,2,2,2,2,5,5,5,5,2,2,2,2,3,3,5,5,2,2,2,2,5,3,5,5,5,5,2,2,2,2,2,2,3,3,5,4,5,5,5,5,2,2,5,5,3,3,3,3,2,2,5,5,5,5,5,5,5,5,5,5
08a1337d-15a8-4dbd-b3e1-aea4e3c1cb8a,9faa8d11-da58-4257-afb8-268a9dc69641,2026-09-21 19:27:13,,,In progress,Desktop,en-GB,69fbc3bece087d8c93abd3db,,,,,,,,,,,,,,,,,,,,,,,,,,,,,,,,,,,,,,,,,,,,,,,,,,,,,,,,,,,,,,,,,,,,,,,,,,,,,,,,,,,,,,,,,,,,,,,,,,,,,,,,,,,,,,,,,,,,,,,,,,,,,,,,,,,,,,,,,,,,,,,,,,,,,,,,,,,,,,,,,,,,,,,,,,,,,,,,,,,,,,,,,,,,,,,,,,,,,,,,,,,,,,,,,,,,,,,,,,,,,,,,,,,,,,,,,,,,,,,,,,,,,,,,,,,,,,,,,,,,,,,,,,,,,,,,,,,,,,,,,,,,,,,,,,,,,,,,,,,,,,,,,,,,,,,,,,,,,,,,,,,,,,,,,,,,,,,,,,,,,,,,,,,,,,,,,,,,,,
ed776ddf-62c3-44e3-b24d-d1a46306bb07,51f95d36-ccf3-4143-8f26-1ec90c5f4f90,2026-09-21 19:28:46,2026-09-21 19:53:11,1464,Completed,Desktop,en-US,6a984f39f19c940430c81236,27,female,Instagram,,,,,,,,,,,,,,,,,,,,,,,,,,,,,,,,,,,,,,,,,,,,,,,,,,,,,,,,,,,,,,,,,,,,,,,,,,,,,,,,,,,,,,,,,,ArrowRight,ArrowRight,ArrowRight,ArrowRight,ArrowRight,ArrowRight,ArrowRight,ArrowRight,ArrowLeft,ArrowLeft,ArrowLeft,ArrowLeft,ArrowRight,ArrowRight,ArrowRight,ArrowRight,ArrowRight,ArrowRight,ArrowLeft,ArrowRight,ArrowRight,ArrowLeft,ArrowLeft,ArrowRight,ArrowRight,ArrowRight,ArrowRight,ArrowLeft,ArrowLeft,ArrowLeft,ArrowLeft,ArrowLeft,ArrowRight,ArrowRight,ArrowRight,ArrowRight,ArrowRight,ArrowRight,ArrowRight,ArrowRight,ArrowRight,ArrowRight,ArrowLeft,ArrowLeft,ArrowLeft,ArrowLeft,ArrowLeft,ArrowLeft,ArrowRight,ArrowLeft,ArrowRight,ArrowRight,ArrowRight,ArrowRight,ArrowRight,ArrowRight,ArrowLeft,ArrowLeft,ArrowLeft,ArrowLeft,ArrowLeft,ArrowLeft,ArrowRight,ArrowRight,ArrowRight,ArrowRight,ArrowRight,ArrowRight,ArrowRight,ArrowRight,ArrowLeft,ArrowLeft,ArrowLeft,ArrowLeft,ArrowRight,ArrowRight,ArrowLeft,ArrowLeft,ArrowRight,ArrowRight,ArrowRight,ArrowRight,ArrowLeft,ArrowLeft,ArrowRight,ArrowLeft,ArrowLeft,ArrowRight,Deciding which posts I might share,,1,1,1,1,1,1,6,6,1,1,1,1,1,1,1,1,6,7,7,7,6,7,5,5,1,1,3,4,1,1,6,4,1,1,2,1,7,7,5,5,5,6,7,6,7,7,6,6,1,1,1,1,1,1,4,3,6,5,6,6,5,6,6,6,1,1,2,2,1,1,1,1,1,1,1,1,1,1,1,1,4,4,4,5,6,6,6,6,7,6,7,7,7,7,6,6,1,2,5,5,5,4,1,1,1,1,1,1,4,3,1,1,4,5,7,7,7,7,7,7,7,6,7,7,1,1,1,1,2,2,2,2,1,1,2,2,1,1,6,6,6,6,7,7,6,6,7,7,1,1,1,1,5,6,7,7,3,3,4,4,1,1,2,2,6,6,7,7,5,5,7,7,7,7,5,6
0424342e-a3d1-4737-90dd-2a7c14a096f2,31697035-81ff-4715-9f1d-b3448841fdb7,2026-09-21 19:28:56,,,In progress,Desktop,en-US,66fcd1c4584eed5dbd49859c,,,,,,,,,,,,,,,,,,,,,,,,,,,,,,,,,,,,,,,,,,,,,,,,,,,,,,,,,,,,,,,,,,,,,,,,,,,,,,,,,,,,,,,,,,,,,,,,,,,,,,,,,,,,,,,,,,,,,,,,,,,,,,,,,,,,,,,,,,,,,,,,,,,,,,,,,,,,,,,,,,,,,,,,,,,,,,,,,,,,,,,,,,,,,,,,,,,,,,,,,,,,,,,,,,,,,,,,,,,,,,,,,,,,,,,,,,,,,,,,,,,,,,,,,,,,,,,,,,,,,,,,,,,,,,,,,,,,,,,,,,,,,,,,,,,,,,,,,,,,,,,,,,,,,,,,,,,,,,,,,,,,,,,,,,,,,,,,,,,,,,,,,,,,,,,,,,,,,,
7a572860-e15c-4a74-b87c-589619cd6b8e,37ec2567-56b9-422d-b18b-45f3d963c679,2026-09-21 19:31:57,,,In progress,Desktop,en-US,60fee7d1e674a0c1c1c7bd3d,,,,,,,,,,,,,,,,,,,,,,,,,,,,,,,,,,,,,,,,,,,,,,,,,,,,,,,,,,,,,,,,,,,,,,,,,,,,,,,,,,,,,,,,,,,,,,,,,,,,,,,,,,,,,,,,,,,,,,,,,,,,,,,,,,,,,,,,,,,,,,,,,,,,,,,,,,,,,,,,,,,,,,,,,,,,,,,,,,,,,,,,,,,,,,,,,,,,,,,,,,,,,,,,,,,,,,,,,,,,,,,,,,,,,,,,,,,,,,,,,,,,,,,,,,,,,,,,,,,,,,,,,,,,,,,,,,,,,,,,,,,,,,,,,,,,,,,,,,,,,,,,,,,,,,,,,,,,,,,,,,,,,,,,,,,,,,,,,,,,,,,,,,,,,,,,,,,,,,
48f374a3-e05d-4cba-8557-fb6d7052d852,a88e9a59-68c6-4d7e-9114-cb780b909d8a,2026-09-21 19:35:38,2026-09-21 20:02:55,1637,Completed,Desktop,en-US,6a9825c8d2d61b5d0e7f7fb5,22,Female,Instagram,,,,,,,,,,,,,,,,,,,,,,,,,,,,,,,,,,,,,,,,,,,,,,,,,,,,,,,,,,,,,,,,,,,,,,,,,,,,,,,,,,,,,,,,,,ArrowRight,ArrowRight,ArrowRight,ArrowRight,ArrowRight,ArrowRight,ArrowRight,ArrowRight,ArrowLeft,ArrowLeft,ArrowLeft,ArrowLeft,ArrowRight,ArrowRight,ArrowRight,ArrowRight,ArrowRight,ArrowRight,ArrowRight,ArrowLeft,ArrowLeft,ArrowLeft,ArrowLeft,ArrowLeft,ArrowRight,ArrowRight,ArrowRight,ArrowLeft,ArrowLeft,ArrowLeft,ArrowLeft,ArrowLeft,ArrowRight,ArrowRight,ArrowRight,ArrowRight,ArrowRight,ArrowRight,ArrowRight,ArrowRight,ArrowRight,ArrowLeft,ArrowLeft,ArrowLeft,ArrowLeft,ArrowLeft,ArrowLeft,ArrowLeft,ArrowRight,ArrowRight,ArrowRight,ArrowRight,ArrowLeft,ArrowRight,ArrowLeft,ArrowRight,ArrowLeft,ArrowLeft,ArrowRight,ArrowLeft,ArrowLeft,ArrowLeft,ArrowRight,ArrowRight,ArrowRight,ArrowRight,ArrowRight,ArrowRight,ArrowLeft,ArrowLeft,ArrowLeft,ArrowLeft,ArrowLeft,ArrowLeft,ArrowRight,ArrowRight,ArrowLeft,ArrowLeft,ArrowRight,ArrowLeft,ArrowRight,ArrowRight,ArrowLeft,ArrowLeft,ArrowLeft,ArrowLeft,ArrowLeft,ArrowLeft,Deciding which posts I might share,,1,1,1,1,1,1,5,5,1,1,1,1,1,1,1,1,7,7,7,7,7,7,6,6,1,1,1,1,1,1,1,1,1,1,1,1,7,7,7,7,7,7,7,7,7,7,7,7,1,1,1,1,1,1,2,2,7,7,7,7,6,6,6,6,1,1,1,1,1,1,1,1,1,1,1,1,1,1,1,1,5,5,6,6,7,7,7,7,7,7,7,7,7,7,7,7,1,1,1,1,1,1,1,1,1,1,1,1,5,5,1,1,7,7,7,7,7,7,7,7,6,6,7,7,1,1,1,1,1,1,1,1,1,1,1,1,6,6,7,7,7,7,7,7,1,1,7,7,1,1,1,1,7,7,7,7,6,6,7,7,1,1,2,2,7,7,7,7,7,7,7,7,7,7,7,7
f2a9578d-9b03-4c83-b975-445c98835138,f6c1e9a1-dd3f-4b52-94a8-b4ae311ec6e1,2026-09-21 19:35:57,,,In progress,Desktop,en-US,6a00b4c7593a89490830c18c,35,male,Facebook,,,,,,,,,,,,,,,,,,,,,,,,,,,,,,,,,,,,,,,,,,,,,,,,,,,,,,,,,,,,,,,,,,,,,,,,,,,,,,,,,,,,,,,,,,,,,,,,,,,,,,,,,,,,,,,,,,,,,,,,,,,,,,,,,,,,,,,,,,,,,,,,,,,,,,,,,,,,,,,,,,,,,,,,,,,,,,,,,,,,,,,,,,,,,,,,,,,,,,,,,,,,,,,,,,,,,,,,,,,,,,,,,,,,,,,,,,,,,,,,,,,,,,,,,,,,,,,,,,,,,,,,,,,,,,,,,,,,,,,,,,,,,,,,,,,,,,,,,,,,,,,,,,,,,,,,,,,,,,,,,,,,,,,,,,,,,,,,,,,,,,,,,,,,,,,,,,,
30aff3b1-23af-4cd6-8985-dd7e3560c2d8,2e5d34a7-1f5a-4098-87f0-59093f64ac8b,2026-09-21 19:36:28,2026-09-21 19:59:10,1361,Completed,Desktop,en-US,663cf0f130d671331da7e07a,42,female,Instagram,,,,,,,,,,,,,,,,,,,,,,,,,,,,,,,,,,,,,,,,,,,,,,,,,,,,,,,,,,,,,,,,,,,,,,,,,,,,,,,,,,,,,,,,,,ArrowRight,ArrowRight,ArrowRight,ArrowRight,ArrowRight,ArrowRight,ArrowRight,ArrowRight,ArrowRight,ArrowRight,ArrowRight,ArrowRight,ArrowRight,ArrowRight,ArrowRight,ArrowRight,ArrowRight,ArrowRight,ArrowRight,ArrowRight,ArrowRight,ArrowRight,ArrowRight,ArrowRight,ArrowRight,ArrowRight,ArrowRight,ArrowRight,ArrowRight,ArrowRight,ArrowRight,ArrowRight,ArrowRight,ArrowRight,ArrowRight,ArrowRight,ArrowRight,ArrowRight,ArrowRight,ArrowRight,ArrowRight,ArrowRight,ArrowRight,ArrowRight,ArrowRight,ArrowRight,ArrowRight,ArrowRight,ArrowRight,ArrowRight,ArrowRight,ArrowRight,ArrowRight,ArrowRight,ArrowRight,ArrowRight,ArrowRight,ArrowRight,ArrowRight,ArrowRight,ArrowRight,ArrowRight,ArrowRight,ArrowRight,ArrowRight,ArrowRight,ArrowRight,ArrowRight,ArrowRight,ArrowRight,ArrowRight,ArrowRight,ArrowRight,ArrowRight,ArrowRight,ArrowRight,ArrowRight,ArrowRight,ArrowRight,ArrowRight,ArrowRight,ArrowRight,ArrowRight,ArrowRight,ArrowRight,ArrowRight,ArrowRight,ArrowRight,Deciding which posts I might share,,1,5,4,6,1,6,5,6,3,5,1,5,1,5,1,5,1,2,6,5,4,3,5,4,1,6,5,4,3,4,4,4,1,3,2,5,3,2,2,2,4,2,5,3,5,3,4,2,4,6,5,6,2,5,5,6,3,2,6,5,2,1,5,3,1,3,2,5,3,6,2,5,1,2,1,6,2,5,1,5,1,2,5,3,3,3,7,2,6,5,5,4,7,5,6,4,1,2,2,4,5,4,2,5,4,3,3,6,5,3,3,5,3,1,6,5,5,3,6,3,7,5,7,5,1,6,5,5,1,5,3,4,1,2,1,3,1,4,3,4,6,3,2,1,6,2,6,4,2,5,4,6,6,5,7,6,1,4,1,4,1,2,3,5,5,2,7,3,5,1,6,3,2,3,1,1
373fd48a-131c-4a59-a82f-1ceaf8d21989,65c7148d-1480-45d6-9879-c29787fe9d18,2026-09-21 19:36:32,,,In progress,Desktop,en-US,69fa1a0f96db6ad726f59003,,,,,,,,,,,,,,,,,,,,,,,,,,,,,,,,,,,,,,,,,,,,,,,,,,,,,,,,,,,,,,,,,,,,,,,,,,,,,,,,,,,,,,,,,,,,,,,,,,,,,,,,,,,,,,,,,,,,,,,,,,,,,,,,,,,,,,,,,,,,,,,,,,,,,,,,,,,,,,,,,,,,,,,,,,,,,,,,,,,,,,,,,,,,,,,,,,,,,,,,,,,,,,,,,,,,,,,,,,,,,,,,,,,,,,,,,,,,,,,,,,,,,,,,,,,,,,,,,,,,,,,,,,,,,,,,,,,,,,,,,,,,,,,,,,,,,,,,,,,,,,,,,,,,,,,,,,,,,,,,,,,,,,,,,,,,,,,,,,,,,,,,,,,,,,,,,,,,,,
e1174564-44d6-432c-8b57-11aa14d767f9,de588c3d-6e1a-4908-9923-f08e8f923ee3,2026-09-21 19:36:38,,,In progress,Desktop,en-US,65ade9c67386573b4cb3ec9e,,,,,,,,,,,,,,,,,,,,,,,,,,,,,,,,,,,,,,,,,,,,,,,,,,,,,,,,,,,,,,,,,,,,,,,,,,,,,,,,,,,,,,,,,,,,,,,,,,,,,,,,,,,,,,,,,,,,,,,,,,,,,,,,,,,,,,,,,,,,,,,,,,,,,,,,,,,,,,,,,,,,,,,,,,,,,,,,,,,,,,,,,,,,,,,,,,,,,,,,,,,,,,,,,,,,,,,,,,,,,,,,,,,,,,,,,,,,,,,,,,,,,,,,,,,,,,,,,,,,,,,,,,,,,,,,,,,,,,,,,,,,,,,,,,,,,,,,,,,,,,,,,,,,,,,,,,,,,,,,,,,,,,,,,,,,,,,,,,,,,,,,,,,,,,,,,,,,,,
b0bf678f-5e2e-4403-8531-ca00e7f9b515,0b97aced-7b3c-48b1-921a-7ab7d808eb40,2026-09-21 19:36:49,,,In progress,Desktop,en-US,696560f45f4ef7a14a6e58d3,,,,,,,,,,,,,,,,,,,,,,,,,,,,,,,,,,,,,,,,,,,,,,,,,,,,,,,,,,,,,,,,,,,,,,,,,,,,,,,,,,,,,,,,,,,,,,,,,,,,,,,,,,,,,,,,,,,,,,,,,,,,,,,,,,,,,,,,,,,,,,,,,,,,,,,,,,,,,,,,,,,,,,,,,,,,,,,,,,,,,,,,,,,,,,,,,,,,,,,,,,,,,,,,,,,,,,,,,,,,,,,,,,,,,,,,,,,,,,,,,,,,,,,,,,,,,,,,,,,,,,,,,,,,,,,,,,,,,,,,,,,,,,,,,,,,,,,,,,,,,,,,,,,,,,,,,,,,,,,,,,,,,,,,,,,,,,,,,,,,,,,,,,,,,,,,,,,,,,
0ef31281-785f-449e-98e5-c06b1a7d7013,66a1a311-000f-4204-8b29-83da5c14b6f6,2026-09-21 19:37:07,,,In progress,Desktop,en-US,699baa937df1c60f51a20ed8,,,,,,,,,,,,,,,,,,,,,,,,,,,,,,,,,,,,,,,,,,,,,,,,,,,,,,,,,,,,,,,,,,,,,,,,,,,,,,,,,,,,,,,,,,,,,,,,,,,,,,,,,,,,,,,,,,,,,,,,,,,,,,,,,,,,,,,,,,,,,,,,,,,,,,,,,,,,,,,,,,,,,,,,,,,,,,,,,,,,,,,,,,,,,,,,,,,,,,,,,,,,,,,,,,,,,,,,,,,,,,,,,,,,,,,,,,,,,,,,,,,,,,,,,,,,,,,,,,,,,,,,,,,,,,,,,,,,,,,,,,,,,,,,,,,,,,,,,,,,,,,,,,,,,,,,,,,,,,,,,,,,,,,,,,,,,,,,,,,,,,,,,,,,,,,,,,,,,,
2f36e006-7906-42d6-b2a9-c8018bde513e,23a3cf20-7e29-4f29-97f2-e5a76fc5f1f5,2026-09-21 19:38:03,,,In progress,Desktop,en-US,6aad5d68459ba6c7a0ac2e84,,,,,,,,,,,,,,,,,,,,,,,,,,,,,,,,,,,,,,,,,,,,,,,,,,,,,,,,,,,,,,,,,,,,,,,,,,,,,,,,,,,,,,,,,,,,,,,,,,,,,,,,,,,,,,,,,,,,,,,,,,,,,,,,,,,,,,,,,,,,,,,,,,,,,,,,,,,,,,,,,,,,,,,,,,,,,,,,,,,,,,,,,,,,,,,,,,,,,,,,,,,,,,,,,,,,,,,,,,,,,,,,,,,,,,,,,,,,,,,,,,,,,,,,,,,,,,,,,,,,,,,,,,,,,,,,,,,,,,,,,,,,,,,,,,,,,,,,,,,,,,,,,,,,,,,,,,,,,,,,,,,,,,,,,,,,,,,,,,,,,,,,,,,,,,,,,,,,,,
0d107af8-d55b-4dc6-b83b-3ffb0b2461a0,921c232b-febf-4073-830f-b4b81d75f27c,2026-09-21 19:38:19,,,In progress,Desktop,en-US,6a0e29aee7c2fddfc1bf8b06,21,female,Instagram,,,,ArrowRight,,ArrowLeft,ArrowRight,ArrowRight,,ArrowRight,,ArrowRight,,,ArrowLeft,,,ArrowRight,ArrowRight,,ArrowRight,,,,,ArrowRight,ArrowLeft,ArrowRight,,,ArrowLeft,,ArrowLeft,,,,ArrowRight,ArrowRight,ArrowLeft,ArrowRight,,,ArrowRight,,ArrowRight,,,,ArrowRight,,ArrowLeft,,,,ArrowRight,,,,ArrowLeft,ArrowLeft,,ArrowLeft,ArrowLeft,ArrowRight,,ArrowRight,ArrowRight,,,,ArrowLeft,,ArrowRight,ArrowLeft,,ArrowLeft,ArrowRight,ArrowLeft,,,ArrowLeft,ArrowRight,,ArrowLeft,ArrowLeft,,ArrowLeft,,,,,,,,,,,,,,,,,,,,,,,,,,,,,,,,,,,,,,,,,,,,,,,,,,,,,,,,,,,,,,,,,,,,,,,,,,,,,,,,,,,,,,,,,,,,,,,,,,,,,,,,,,,,,,,,,,,,,,,,,,,,,,,,,,,,,,,,,,,,,,,,,,,,,,,,,,,,,,,,,,,,,,,,,,,,,,,,,,,,,,,,,,,,,,,,,,,,,,,,,,,,,,,,,,,,,,,,,,,,,,,,,,,,,,,,,,,,,,,,,,,,,,,,,,,,,,,,,,,,,,,,,,,,
8cc55f9d-e353-4387-8793-4fa0641f433b,0ee2c533-db8f-4156-b841-3228d75a8bfc,2026-09-21 19:43:57,,,In progress,Desktop,en-US,6650a07f83dde5b6da54d674,31,female,Facebook,,,,,,,,,,,,,,,,,,,,,,,,,,,,,,,,,,,,,,,,,,,,,,,,,,,,,,,,,,,,,,,,,,,,,,,,,,,,,,,,,,,,,,,,,,,,,,,,,,,,,,,,,,,,,,,,,,,,,,,,,,,,,,,,,,,,,,,,,,,,,,,,,,,,,,,,,,,,,,,,,,,,,,,,,,,,,,,,,,,,,,,,,,,,,,,,,,,,,,,,,,,,,,,,,,,,,,,,,,,,,,,,,,,,,,,,,,,,,,,,,,,,,,,,,,,,,,,,,,,,,,,,,,,,,,,,,,,,,,,,,,,,,,,,,,,,,,,,,,,,,,,,,,,,,,,,,,,,,,,,,,,,,,,,,,,,,,,,,,,,,,,,,,,,,,,,,,,
e1b0f531-aa4e-4b59-a248-8ddab4068482,9a006c6f-81dc-4b01-b771-6facc48b2019,2026-09-21 19:46:05,,,In progress,Desktop,en-US,645906dc264ac9eb66b7f3ec,,,,,,,,,,,,,,,,,,,,,,,,,,,,,,,,,,,,,,,,,,,,,,,,,,,,,,,,,,,,,,,,,,,,,,,,,,,,,,,,,,,,,,,,,,,,,,,,,,,,,,,,,,,,,,,,,,,,,,,,,,,,,,,,,,,,,,,,,,,,,,,,,,,,,,,,,,,,,,,,,,,,,,,,,,,,,,,,,,,,,,,,,,,,,,,,,,,,,,,,,,,,,,,,,,,,,,,,,,,,,,,,,,,,,,,,,,,,,,,,,,,,,,,,,,,,,,,,,,,,,,,,,,,,,,,,,,,,,,,,,,,,,,,,,,,,,,,,,,,,,,,,,,,,,,,,,,,,,,,,,,,,,,,,,,,,,,,,,,,,,,,,,,,,,,,,,,,,,,
8155583a-59be-46a8-851c-5b8308b74115,c9524ee7-1766-4a72-a76b-b21cabd33a9f,2026-09-21 19:46:55,,,In progress,Desktop,en-US,61536cd5842e5b40639fa99b,,,,,,,,,,,,,,,,,,,,,,,,,,,,,,,,,,,,,,,,,,,,,,,,,,,,,,,,,,,,,,,,,,,,,,,,,,,,,,,,,,,,,,,,,,,,,,,,,,,,,,,,,,,,,,,,,,,,,,,,,,,,,,,,,,,,,,,,,,,,,,,,,,,,,,,,,,,,,,,,,,,,,,,,,,,,,,,,,,,,,,,,,,,,,,,,,,,,,,,,,,,,,,,,,,,,,,,,,,,,,,,,,,,,,,,,,,,,,,,,,,,,,,,,,,,,,,,,,,,,,,,,,,,,,,,,,,,,,,,,,,,,,,,,,,,,,,,,,,,,,,,,,,,,,,,,,,,,,,,,,,,,,,,,,,,,,,,,,,,,,,,,,,,,,,,,,,,,,,
57c35d5e-4a62-4de3-8941-2f8cac69c7ff,d60c26dd-2676-456f-ad73-bdd64c4b6c64,2026-09-21 19:47:48,,,In progress,Desktop,en-US,610920f0107bd72ff209c20f,,,,,,,,,,,,,,,,,,,,,,,,,,,,,,,,,,,,,,,,,,,,,,,,,,,,,,,,,,,,,,,,,,,,,,,,,,,,,,,,,,,,,,,,,,,,,,,,,,,,,,,,,,,,,,,,,,,,,,,,,,,,,,,,,,,,,,,,,,,,,,,,,,,,,,,,,,,,,,,,,,,,,,,,,,,,,,,,,,,,,,,,,,,,,,,,,,,,,,,,,,,,,,,,,,,,,,,,,,,,,,,,,,,,,,,,,,,,,,,,,,,,,,,,,,,,,,,,,,,,,,,,,,,,,,,,,,,,,,,,,,,,,,,,,,,,,,,,,,,,,,,,,,,,,,,,,,,,,,,,,,,,,,,,,,,,,,,,,,,,,,,,,,,,,,,,,,,,,,
d4e274ee-9591-4034-923e-f59c5de5dbfc,29e0ad6b-932c-4314-a34a-8201ece20260,2026-09-21 19:47:58,2026-09-21 20:11:34,1416,Completed,Desktop,en-US,67045106b26593e6177c8d8c,42,female,Facebook,,,,,,,,,,,,,,,,,,,,,,,,,,,,,,,,,,,,,,,,,,,,,,,,,,,,,,,,,,,,,,,,,,,,,,,,,,,,,,,,,,,,,,,,,,ArrowRight,ArrowRight,ArrowRight,ArrowRight,ArrowRight,ArrowRight,ArrowRight,ArrowRight,ArrowRight,ArrowRight,ArrowRight,ArrowRight,ArrowRight,ArrowRight,ArrowRight,ArrowRight,ArrowRight,ArrowRight,ArrowRight,ArrowRight,ArrowRight,ArrowRight,ArrowRight,ArrowRight,ArrowRight,ArrowRight,ArrowRight,ArrowRight,ArrowRight,ArrowRight,ArrowRight,ArrowRight,ArrowRight,ArrowRight,ArrowRight,ArrowRight,ArrowRight,ArrowRight,ArrowRight,ArrowRight,ArrowRight,ArrowRight,ArrowRight,ArrowRight,ArrowRight,ArrowRight,ArrowRight,ArrowRight,ArrowRight,ArrowRight,ArrowRight,ArrowRight,ArrowRight,ArrowRight,ArrowRight,ArrowRight,ArrowRight,ArrowRight,ArrowRight,ArrowRight,ArrowLeft,ArrowRight,ArrowRight,ArrowRight,ArrowRight,ArrowRight,ArrowRight,ArrowRight,ArrowRight,ArrowRight,ArrowRight,ArrowRight,ArrowRight,ArrowRight,ArrowRight,ArrowRight,ArrowRight,ArrowRight,ArrowRight,ArrowRight,ArrowRight,ArrowRight,ArrowRight,ArrowRight,ArrowRight,ArrowRight,ArrowRight,ArrowRight,Deciding which posts I might share,,1,1,3,2,1,1,7,7,3,1,3,2,4,2,2,2,3,6,3,6,3,6,5,6,4,2,5,3,5,2,5,4,1,1,1,1,6,6,2,2,1,5,2,5,5,6,2,6,5,1,6,1,3,2,6,4,3,3,7,7,5,6,6,6,1,1,3,2,1,1,2,2,2,1,3,1,3,1,2,1,2,2,5,6,2,4,7,7,5,7,5,6,7,7,4,6,1,1,6,5,3,1,2,1,6,4,2,1,6,5,3,1,1,5,7,7,1,5,6,7,6,6,4,5,2,1,1,1,1,1,2,2,1,1,1,1,4,5,6,6,2,6,3,5,4,5,6,7,1,1,2,2,5,5,6,7,6,7,3,4,1,1,1,1,3,6,6,6,2,6,6,7,2,2,6,6
09a3643b-9a0b-47c3-989e-0716dee8bad9,1ccc820e-26df-4e0b-894d-c906cfb4f7e5,2026-09-21 19:48:05,,,In progress,Desktop,en-US,69e04e5832294d6e985483b8,,,,,,,,,,,,,,,,,,,,,,,,,,,,,,,,,,,,,,,,,,,,,,,,,,,,,,,,,,,,,,,,,,,,,,,,,,,,,,,,,,,,,,,,,,,,,,,,,,,,,,,,,,,,,,,,,,,,,,,,,,,,,,,,,,,,,,,,,,,,,,,,,,,,,,,,,,,,,,,,,,,,,,,,,,,,,,,,,,,,,,,,,,,,,,,,,,,,,,,,,,,,,,,,,,,,,,,,,,,,,,,,,,,,,,,,,,,,,,,,,,,,,,,,,,,,,,,,,,,,,,,,,,,,,,,,,,,,,,,,,,,,,,,,,,,,,,,,,,,,,,,,,,,,,,,,,,,,,,,,,,,,,,,,,,,,,,,,,,,,,,,,,,,,,,,,,,,,,,
01ce7b48-4907-4bfd-8340-f22c4d18587c,ef6fcff7-4299-43d6-99f6-56db6ebbab52,2026-09-21 19:48:15,,,In progress,Desktop,en-US,699f53f8611af618cad1ae7d,,,,,,,,,,,,,,,,,,,,,,,,,,,,,,,,,,,,,,,,,,,,,,,,,,,,,,,,,,,,,,,,,,,,,,,,,,,,,,,,,,,,,,,,,,,,,,,,,,,,,,,,,,,,,,,,,,,,,,,,,,,,,,,,,,,,,,,,,,,,,,,,,,,,,,,,,,,,,,,,,,,,,,,,,,,,,,,,,,,,,,,,,,,,,,,,,,,,,,,,,,,,,,,,,,,,,,,,,,,,,,,,,,,,,,,,,,,,,,,,,,,,,,,,,,,,,,,,,,,,,,,,,,,,,,,,,,,,,,,,,,,,,,,,,,,,,,,,,,,,,,,,,,,,,,,,,,,,,,,,,,,,,,,,,,,,,,,,,,,,,,,,,,,,,,,,,,,,,,
903d2dd7-cfd6-4c2d-965c-da1e766cca64,549aa15b-8332-4f20-a413-6332c817c772,2026-09-21 19:48:16,,,In progress,Desktop,en-US,6a1b8fe83304c04bffe22158,52,female,X (formerly Twitter),,,,,,,,,,,,,,,,,,,,,,,,,,,,,,,,,,,,,,,,,,,,,,,,,,,,,,,,,,,,,,,,,,,,,,,,,,,,,,,,,,,,,,,,,,,,,,,,,,,,,,,,,,,,,,,,,,,,,,,,,,,,,,,,,,,,,,,,,,,,,,,,,,,,,,,,,,,,,,,,,,,,,,,,,,,,,,,,,,,,,,,,,,,,,,,,,,,,,,,,,,,,,,,,,,,,,,,,,,,,,,,,,,,,,,,,,,,,,,,,,,,,,,,,,,,,,,,,,,,,,,,,,,,,,,,,,,,,,,,,,,,,,,,,,,,,,,,,,,,,,,,,,,,,,,,,,,,,,,,,,,,,,,,,,,,,,,,,,,,,,,,,,,,,,,,,,,,
2d051944-133a-49ff-9116-cde3530b7dd3,bafd0b90-fd06-45d3-9e1e-b8cbd3565c6c,2026-09-21 19:48:18,2026-09-21 20:16:26,1687,Completed,Desktop,en-US,69fbe8575f70089e9fe3148f,34,woman,Facebook,,ArrowLeft,ArrowLeft,ArrowLeft,ArrowLeft,ArrowLeft,ArrowLeft,ArrowLeft,ArrowRight,ArrowRight,ArrowRight,ArrowRight,ArrowRight,ArrowRight,ArrowLeft,ArrowLeft,ArrowRight,ArrowRight,ArrowLeft,ArrowRight,ArrowRight,ArrowRight,ArrowRight,ArrowRight,ArrowRight,ArrowLeft,ArrowLeft,ArrowLeft,ArrowLeft,ArrowRight,ArrowLeft,ArrowRight,ArrowLeft,ArrowRight,ArrowRight,ArrowRight,ArrowRight,ArrowRight,ArrowLeft,ArrowRight,ArrowRight,ArrowRight,ArrowRight,ArrowRight,ArrowRight,ArrowLeft,ArrowLeft,ArrowLeft,ArrowLeft,ArrowLeft,ArrowRight,ArrowRight,ArrowRight,ArrowLeft,ArrowRight,ArrowLeft,ArrowRight,ArrowRight,ArrowRight,ArrowRight,ArrowLeft,ArrowRight,ArrowRight,ArrowRight,ArrowLeft,ArrowRight,ArrowRight,ArrowRight,ArrowLeft,ArrowLeft,ArrowRight,ArrowRight,ArrowRight,ArrowRight,ArrowRight,ArrowLeft,ArrowRight,ArrowLeft,ArrowRight,ArrowRight,ArrowRight,ArrowRight,ArrowLeft,ArrowRight,ArrowRight,ArrowRight,ArrowRight,ArrowRight,ArrowRight,,,,,,,,,,,,,,,,,,,,,,,,,,,,,,,,,,,,,,,,,,,,,,,,,,,,,,,,,,,,,,,,,,,,,,,,,,,,,,,,,,,,,,,,,Learning about the views people hold on these issues,,6,1,7,1,7,2,7,7,7,1,6,2,7,1,5,1,4,4,4,4,4,4,5,5,5,4,6,4,3,3,4,4,4,4,5,4,4,7,3,3,1,1,1,1,4,4,2,2,7,7,6,6,6,6,7,7,3,3,6,6,2,2,7,7,1,1,3,4,1,1,4,4,5,5,5,5,4,4,4,4,1,1,2,2,2,2,2,2,7,7,7,7,7,7,7,7,1,1,1,1,1,1,1,1,6,5,5,6,4,4,4,4,2,2,6,6,1,1,6,6,4,4,4,4,3,4,5,3,4,4,4,4,4,4,4,4,4,4,3,4,1,2,1,7,4,6,5,7,5,3,7,6,4,4,4,5,4,4,4,4,5,4,5,4,1,5,1,6,1,2,1,7,3,4,3,5
1f06222d-d4bf-43ae-a487-76a50bce4bf4,44d45b93-68aa-4aaf-aa4c-f48abbb83cbb,2026-09-21 19:48:28,2026-09-21 20:17:15,1727,Completed,Desktop,en-US,60906c79f8cfd718d6dcb3df,38,male,Threads,,ArrowRight,ArrowRight,ArrowRight,ArrowRight,ArrowRight,ArrowRight,ArrowRight,ArrowRight,ArrowLeft,ArrowLeft,ArrowLeft,ArrowLeft,ArrowRight,ArrowLeft,ArrowRight,ArrowRight,ArrowRight,ArrowLeft,ArrowLeft,ArrowLeft,ArrowLeft,ArrowRight,ArrowLeft,ArrowRight,ArrowRight,ArrowLeft,ArrowRight,ArrowLeft,ArrowLeft,ArrowLeft,ArrowLeft,ArrowLeft,ArrowRight,ArrowRight,ArrowRight,ArrowRight,ArrowRight,ArrowRight,ArrowRight,ArrowLeft,ArrowLeft,ArrowLeft,ArrowLeft,ArrowLeft,ArrowLeft,ArrowLeft,ArrowLeft,ArrowLeft,ArrowRight,ArrowRight,ArrowRight,ArrowRight,ArrowLeft,ArrowRight,ArrowLeft,ArrowRight,ArrowRight,ArrowRight,ArrowLeft,ArrowRight,ArrowLeft,ArrowRight,ArrowRight,ArrowRight,ArrowRight,ArrowLeft,ArrowRight,ArrowRight,ArrowLeft,ArrowRight,ArrowRight,ArrowRight,ArrowRight,ArrowLeft,ArrowLeft,ArrowRight,ArrowRight,ArrowRight,ArrowRight,ArrowRight,ArrowRight,ArrowRight,ArrowLeft,ArrowLeft,ArrowLeft,ArrowLeft,ArrowLeft,ArrowLeft,,,,,,,,,,,,,,,,,,,,,,,,,,,,,,,,,,,,,,,,,,,,,,,,,,,,,,,,,,,,,,,,,,,,,,,,,,,,,,,,,,,,,,,,,Reading the words without thinking much about them,,1,4,2,4,1,4,1,3,1,2,1,3,1,2,1,4,7,4,7,4,7,4,7,3,1,1,1,3,4,4,2,5,4,4,4,5,7,3,7,3,6,4,4,6,7,4,1,5,7,7,7,4,1,5,4,7,7,2,7,4,7,2,6,4,1,4,2,5,1,4,1,3,1,1,4,4,1,1,1,1,4,4,4,4,1,1,7,7,7,7,7,7,7,7,7,7,1,1,1,1,1,1,1,1,7,5,1,4,7,5,1,3,4,1,6,4,7,7,7,7,4,4,4,1,1,6,1,1,4,7,7,4,4,6,4,2,1,3,7,7,1,4,4,4,7,5,7,7,1,3,1,4,4,4,4,4,7,3,1,1,4,4,4,4,3,4,7,4,6,4,7,4,7,5,7,4
2559718f-3f57-410a-bf93-4a14c925aade,b744a330-c5cc-4a97-9504-1c4bac3efb0e,2026-09-21 19:48:47,,,In progress,Desktop,en-US,69ff8cb59d3bf3436b4367db,41,Female,Facebook,,,,,,,,,,,,,,,,,,,,,,,,,,,,,,,,,,,,,,,,,,,,,,,,,,,,,,,,,,,,,,,,,,,,,,,,,,,,,,,,,,,,,,,,,,,,,,,,,,,,,,,,,,,,,,,,,,,,,,,,,,,,,,,,,,,,,,,,,,,,,,,,,,,,,,,,ArrowLeft,,,,,,,,,,,,,,,,,,,,,,,,,,,,,,,,,,,,,,,,,,,,,,,,,,,,,,,,,,,,,,,,,,,,,,,,,,,,,,,,,,,,,,,,,,,,,,,,,,,,,,,,,,,,,,,,,,,,,,,,,,,,,,,,,,,,,,,,,,,,,,,,,,,,,,,,,,,,,,,,,,,,,,,,,,,,,,,,,,,,,,,,,,,,,,,,,,,,,,,,,,,
14cd0a7d-3cc6-4dec-9d6e-e365cfcb36f1,fac0b4f1-9fc8-463e-8a96-abdf9887dc51,2026-09-21 19:49:46,2026-09-21 20:17:12,1645,Completed,Desktop,en-US,6a983752d54acc546a232b93,35,male,Facebook,,ArrowLeft,ArrowLeft,ArrowLeft,ArrowLeft,ArrowLeft,ArrowRight,ArrowLeft,ArrowLeft,ArrowRight,ArrowRight,ArrowRight,ArrowLeft,ArrowLeft,ArrowRight,ArrowLeft,ArrowLeft,ArrowRight,ArrowRight,ArrowRight,ArrowRight,ArrowRight,ArrowRight,ArrowRight,ArrowLeft,ArrowLeft,ArrowLeft,ArrowLeft,ArrowLeft,ArrowLeft,ArrowLeft,ArrowLeft,ArrowLeft,ArrowRight,ArrowLeft,ArrowRight,ArrowRight,ArrowRight,ArrowRight,ArrowRight,ArrowRight,ArrowRight,ArrowRight,ArrowLeft,ArrowRight,ArrowRight,ArrowLeft,ArrowRight,ArrowRight,ArrowRight,ArrowLeft,ArrowLeft,ArrowRight,ArrowRight,ArrowRight,ArrowRight,ArrowLeft,ArrowRight,ArrowRight,ArrowRight,ArrowRight,ArrowLeft,ArrowLeft,ArrowLeft,ArrowLeft,ArrowLeft,ArrowRight,ArrowRight,ArrowLeft,ArrowLeft,ArrowLeft,ArrowLeft,ArrowRight,ArrowRight,ArrowRight,ArrowLeft,ArrowLeft,ArrowLeft,ArrowLeft,ArrowRight,ArrowLeft,ArrowLeft,ArrowRight,ArrowRight,ArrowRight,ArrowRight,ArrowRight,ArrowRight,ArrowLeft,,,,,,,,,,,,,,,,,,,,,,,,,,,,,,,,,,,,,,,,,,,,,,,,,,,,,,,,,,,,,,,,,,,,,,,,,,,,,,,,,,,,,,,,,Learning about the views people hold on these issues,,6,6,6,6,6,6,6,6,7,7,5,5,6,6,5,5,1,1,1,3,1,1,2,3,7,7,2,2,7,5,7,7,2,2,3,3,2,2,2,2,6,6,2,2,4,4,6,5,6,6,7,6,6,5,7,7,7,7,7,7,7,7,6,6,1,1,2,3,1,1,2,2,3,3,3,3,4,4,4,4,3,3,5,5,4,4,5,5,4,5,4,5,3,3,3,3,5,5,5,5,5,5,5,5,4,4,6,6,2,2,6,6,2,2,2,2,2,2,3,3,6,6,6,6,5,5,6,6,3,3,3,3,2,3,6,5,5,5,6,6,1,1,2,2,3,4,5,5,6,5,5,5,5,4,6,5,6,5,5,5,2,2,1,1,2,2,1,1,2,2,2,2,2,2,6,6
84483527-fa7f-438f-a3cd-eb309c4bdd19,5525a931-9df1-4053-beaf-14c55a439d48,2026-09-21 19:50:27,2026-09-21 20:20:23,1795,Completed,Desktop,en-US,699be333e237c436afe03b9f,29,Male,X (formerly Twitter),,ArrowRight,ArrowRight,ArrowRight,ArrowRight,ArrowRight,ArrowRight,ArrowRight,ArrowRight,ArrowRight,ArrowLeft,ArrowLeft,ArrowLeft,ArrowRight,ArrowRight,ArrowRight,ArrowLeft,ArrowRight,ArrowRight,ArrowLeft,ArrowLeft,ArrowLeft,ArrowLeft,ArrowLeft,ArrowLeft,ArrowRight,ArrowRight,ArrowRight,ArrowLeft,ArrowLeft,ArrowLeft,ArrowLeft,ArrowLeft,ArrowRight,ArrowRight,ArrowRight,ArrowRight,ArrowRight,ArrowRight,ArrowRight,ArrowRight,ArrowLeft,ArrowRight,ArrowRight,ArrowLeft,ArrowLeft,ArrowLeft,ArrowLeft,ArrowRight,ArrowLeft,ArrowRight,ArrowRight,ArrowRight,ArrowRight,ArrowRight,ArrowLeft,ArrowRight,ArrowLeft,ArrowLeft,ArrowLeft,ArrowLeft,ArrowLeft,ArrowLeft,ArrowRight,ArrowRight,ArrowRight,ArrowRight,ArrowRight,ArrowRight,ArrowLeft,ArrowLeft,ArrowLeft,ArrowLeft,ArrowLeft,ArrowLeft,ArrowLeft,ArrowRight,ArrowRight,ArrowLeft,ArrowLeft,ArrowLeft,ArrowRight,ArrowRight,ArrowLeft,ArrowLeft,ArrowLeft,ArrowLeft,ArrowLeft,ArrowLeft,,,,,,,,,,,,,,,,,,,,,,,,,,,,,,,,,,,,,,,,,,,,,,,,,,,,,,,,,,,,,,,,,,,,,,,,,,,,,,,,,,,,,,,,,Learning about the views people hold on these issues,,2,2,2,2,2,4,2,4,2,3,1,1,2,3,1,2,5,5,5,4,5,4,5,5,4,4,5,4,5,5,4,3,2,2,1,1,7,7,7,6,4,3,5,4,6,6,5,5,1,1,2,2,2,2,6,5,7,6,6,6,7,7,7,6,1,3,6,5,1,1,3,3,2,3,2,2,3,3,4,6,2,3,3,3,5,5,6,5,6,5,5,4,6,6,2,2,2,2,2,2,2,2,2,2,5,5,2,3,6,6,2,2,5,4,6,5,6,5,6,5,6,5,7,5,1,1,1,1,2,2,1,1,2,2,6,4,5,5,7,6,7,6,6,5,6,6,6,6,1,1,2,2,6,5,6,6,6,5,6,4,1,1,2,2,6,6,6,7,7,6,6,5,7,7,6,6
59c306a0-1308-4d09-a5ef-325778fe05c7,f9ad735e-bda6-4352-a0d9-ee7274725848,2026-09-21 19:51:03,,,In progress,Desktop,en-US,615fb219ac749020fdb60c3c,,,,,,,,,,,,,,,,,,,,,,,,,,,,,,,,,,,,,,,,,,,,,,,,,,,,,,,,,,,,,,,,,,,,,,,,,,,,,,,,,,,,,,,,,,,,,,,,,,,,,,,,,,,,,,,,,,,,,,,,,,,,,,,,,,,,,,,,,,,,,,,,,,,,,,,,,,,,,,,,,,,,,,,,,,,,,,,,,,,,,,,,,,,,,,,,,,,,,,,,,,,,,,,,,,,,,,,,,,,,,,,,,,,,,,,,,,,,,,,,,,,,,,,,,,,,,,,,,,,,,,,,,,,,,,,,,,,,,,,,,,,,,,,,,,,,,,,,,,,,,,,,,,,,,,,,,,,,,,,,,,,,,,,,,,,,,,,,,,,,,,,,,,,,,,,,,,,,,,
f6ae5db4-4904-4700-a226-73a1ac7ae704,f3a0b94d-06e2-4ed0-b040-5b96a51abaec,2026-09-21 19:52:50,2026-09-21 20:37:13,2662,Completed,Desktop,en-US,69ebd4bcf1edd52df448da07,36,Female,Instagram,,ArrowRight,ArrowRight,ArrowRight,ArrowRight,ArrowRight,ArrowRight,ArrowRight,ArrowRight,ArrowRight,ArrowLeft,ArrowLeft,ArrowLeft,ArrowRight,ArrowRight,ArrowRight,ArrowRight,ArrowRight,ArrowRight,ArrowLeft,ArrowRight,ArrowRight,ArrowLeft,ArrowLeft,ArrowLeft,ArrowRight,ArrowRight,ArrowRight,ArrowRight,ArrowLeft,ArrowLeft,ArrowLeft,ArrowLeft,ArrowRight,ArrowRight,ArrowRight,ArrowRight,ArrowRight,ArrowRight,ArrowRight,ArrowRight,ArrowRight,ArrowLeft,ArrowLeft,ArrowLeft,ArrowLeft,ArrowLeft,ArrowLeft,ArrowRight,ArrowRight,ArrowRight,ArrowRight,ArrowRight,ArrowLeft,ArrowRight,ArrowLeft,ArrowRight,ArrowLeft,ArrowRight,ArrowLeft,ArrowLeft,ArrowRight,ArrowLeft,ArrowRight,ArrowRight,ArrowRight,ArrowRight,ArrowRight,ArrowLeft,ArrowLeft,ArrowRight,ArrowLeft,ArrowLeft,ArrowLeft,ArrowLeft,ArrowLeft,ArrowRight,ArrowRight,ArrowLeft,ArrowRight,ArrowLeft,ArrowRight,ArrowRight,ArrowLeft,ArrowLeft,ArrowLeft,ArrowLeft,ArrowLeft,ArrowLeft,,,,,,,,,,,,,,,,,,,,,,,,,,,,,,,,,,,,,,,,,,,,,,,,,,,,,,,,,,,,,,,,,,,,,,,,,,,,,,,,,,,,,,,,,Learning about the views people hold on these issues,,1,1,1,1,7,7,6,6,1,1,1,1,1,1,1,1,7,5,7,6,6,6,7,7,1,1,2,3,1,1,1,2,1,1,1,1,7,7,7,7,3,3,6,6,6,6,6,5,1,1,2,3,1,1,3,5,7,5,7,6,7,6,7,5,2,5,1,3,1,3,1,1,1,1,1,1,1,1,1,1,2,2,6,6,7,6,7,7,7,7,7,5,7,7,7,7,1,1,1,2,1,1,1,1,2,2,1,1,6,5,1,1,6,6,7,5,7,6,7,6,6,6,6,5,1,1,1,1,2,2,1,1,1,1,1,1,5,6,6,6,6,5,7,7,7,7,7,7,1,1,1,1,5,4,7,7,5,5,7,7,1,2,2,2,7,6,7,6,7,7,7,7,7,7,7,7
59d76216-566d-4a2e-a9f2-ecbc0c5f718c,5d1ab008-47be-494f-a206-f4dc49838b27,2026-09-21 19:54:55,,,In progress,Desktop,en-US,699ec098d5e833b119bb99dc,,,,,,,,,,,,,,,,,,,,,,,,,,,,,,,,,,,,,,,,,,,,,,,,,,,,,,,,,,,,,,,,,,,,,,,,,,,,,,,,,,,,,,,,,,,,,,,,,,,,,,,,,,,,,,,,,,,,,,,,,,,,,,,,,,,,,,,,,,,,,,,,,,,,,,,,,,,,,,,,,,,,,,,,,,,,,,,,,,,,,,,,,,,,,,,,,,,,,,,,,,,,,,,,,,,,,,,,,,,,,,,,,,,,,,,,,,,,,,,,,,,,,,,,,,,,,,,,,,,,,,,,,,,,,,,,,,,,,,,,,,,,,,,,,,,,,,,,,,,,,,,,,,,,,,,,,,,,,,,,,,,,,,,,,,,,,,,,,,,,,,,,,,,,,,,,,,,,,,
7b05ed7b-fc0a-41bf-9e45-bc2c499d6d70,de5b5053-4408-4507-bec9-554ce5febebb,2026-09-21 19:58:00,2026-09-21 20:21:12,1392,Completed,Desktop,en-US,6980f1ea2de14ef29449f0df,27,Male,X (formerly Twitter),,ArrowRight,ArrowLeft,ArrowRight,ArrowRight,ArrowRight,ArrowRight,ArrowRight,ArrowRight,ArrowRight,ArrowRight,ArrowRight,ArrowRight,ArrowLeft,ArrowRight,ArrowRight,ArrowRight,ArrowRight,ArrowRight,ArrowRight,ArrowRight,ArrowRight,ArrowRight,ArrowRight,ArrowRight,ArrowLeft,ArrowRight,ArrowRight,ArrowRight,ArrowRight,ArrowRight,ArrowRight,ArrowRight,ArrowLeft,ArrowRight,ArrowRight,ArrowRight,ArrowRight,ArrowRight,ArrowRight,ArrowRight,ArrowLeft,ArrowRight,ArrowLeft,ArrowLeft,ArrowRight,ArrowRight,ArrowRight,ArrowRight,ArrowRight,ArrowRight,ArrowLeft,ArrowRight,ArrowRight,ArrowRight,ArrowRight,ArrowRight,ArrowRight,ArrowRight,ArrowRight,ArrowRight,ArrowRight,ArrowRight,ArrowRight,ArrowRight,ArrowRight,ArrowRight,ArrowRight,ArrowRight,ArrowRight,ArrowRight,ArrowRight,ArrowRight,ArrowRight,ArrowRight,ArrowRight,ArrowRight,ArrowRight,ArrowRight,ArrowRight,ArrowRight,ArrowRight,ArrowLeft,ArrowRight,ArrowRight,ArrowRight,ArrowRight,ArrowRight,ArrowRight,,,,,,,,,,,,,,,,,,,,,,,,,,,,,,,,,,,,,,,,,,,,,,,,,,,,,,,,,,,,,,,,,,,,,,,,,,,,,,,,,,,,,,,,,Learning about the views people hold on these issues,,6,6,6,6,7,7,6,6,6,6,6,6,6,6,6,7,1,1,1,1,1,1,2,2,7,7,6,6,6,6,7,7,6,6,5,5,5,2,5,3,1,1,2,2,6,6,2,2,6,6,5,5,7,7,7,7,2,2,1,1,1,1,2,1,6,6,7,7,5,5,7,7,1,5,1,5,1,5,1,5,7,3,7,4,7,3,7,4,5,2,5,4,6,3,5,3,3,5,5,5,5,5,6,6,2,2,6,6,2,2,6,6,1,1,2,1,1,1,1,1,2,2,2,2,5,5,2,5,1,1,5,5,5,5,5,5,1,1,5,5,1,1,2,1,2,1,3,3,5,6,2,5,1,1,5,5,1,1,3,3,5,5,6,6,1,1,2,2,2,1,3,1,4,3,5,3
ea77ac8d-cfb2-4d45-8f21-57b5070bbc6a,2d60aeff-1877-4c34-9ac1-2acb9a1e2a43,2026-09-21 19:59:33,,,In progress,Desktop,en-US,6a1073e68ee1784cf8f0875d,,,,,,,,,,,,,,,,,,,,,,,,,,,,,,,,,,,,,,,,,,,,,,,,,,,,,,,,,,,,,,,,,,,,,,,,,,,,,,,,,,,,,,,,,,,,,,,,,,,,,,,,,,,,,,,,,,,,,,,,,,,,,,,,,,,,,,,,,,,,,,,,,,,,,,,,,,,,,,,,,,,,,,,,,,,,,,,,,,,,,,,,,,,,,,,,,,,,,,,,,,,,,,,,,,,,,,,,,,,,,,,,,,,,,,,,,,,,,,,,,,,,,,,,,,,,,,,,,,,,,,,,,,,,,,,,,,,,,,,,,,,,,,,,,,,,,,,,,,,,,,,,,,,,,,,,,,,,,,,,,,,,,,,,,,,,,,,,,,,,,,,,,,,,,,,,,,,,,,
bdb93148-f6d1-4862-9eb9-21987f566876,2e78bcd6-e5cf-4f24-ad31-23bffaf3a7d3,2026-09-21 20:01:03,,,In progress,Desktop,en-US,66ca1f98117343c0b3e0b098,,,,,,,,,,,,,,,,,,,,,,,,,,,,,,,,,,,,,,,,,,,,,,,,,,,,,,,,,,,,,,,,,,,,,,,,,,,,,,,,,,,,,,,,,,,,,,,,,,,,,,,,,,,,,,,,,,,,,,,,,,,,,,,,,,,,,,,,,,,,,,,,,,,,,,,,,,,,,,,,,,,,,,,,,,,,,,,,,,,,,,,,,,,,,,,,,,,,,,,,,,,,,,,,,,,,,,,,,,,,,,,,,,,,,,,,,,,,,,,,,,,,,,,,,,,,,,,,,,,,,,,,,,,,,,,,,,,,,,,,,,,,,,,,,,,,,,,,,,,,,,,,,,,,,,,,,,,,,,,,,,,,,,,,,,,,,,,,,,,,,,,,,,,,,,,,,,,,,,
099e3198-245f-436f-b777-b5dab8a53bf7,ae6eeda8-4647-4a12-b6a0-681a6575dee5,2026-09-21 20:01:56,,,In progress,Desktop,en-US,6a983a60a8de63db66503b3f,,,,,,,,,,,,,,,,,,,,,,,,,,,,,,,,,,,,,,,,,,,,,,,,,,,,,,,,,,,,,,,,,,,,,,,,,,,,,,,,,,,,,,,,,,,,,,,,,,,,,,,,,,,,,,,,,,,,,,,,,,,,,,,,,,,,,,,,,,,,,,,,,,,,,,,,,,,,,,,,,,,,,,,,,,,,,,,,,,,,,,,,,,,,,,,,,,,,,,,,,,,,,,,,,,,,,,,,,,,,,,,,,,,,,,,,,,,,,,,,,,,,,,,,,,,,,,,,,,,,,,,,,,,,,,,,,,,,,,,,,,,,,,,,,,,,,,,,,,,,,,,,,,,,,,,,,,,,,,,,,,,,,,,,,,,,,,,,,,,,,,,,,,,,,,,,,,,,,,
ecd16134-28a2-434f-aabe-fe938782b397,edc74211-f010-4367-b014-0e0ea8ea16f2,2026-09-21 20:03:00,,,In progress,Desktop,en-US,6a21af23c05053617ba87ef3,,,,,,,,,,,,,,,,,,,,,,,,,,,,,,,,,,,,,,,,,,,,,,,,,,,,,,,,,,,,,,,,,,,,,,,,,,,,,,,,,,,,,,,,,,,,,,,,,,,,,,,,,,,,,,,,,,,,,,,,,,,,,,,,,,,,,,,,,,,,,,,,,,,,,,,,,,,,,,,,,,,,,,,,,,,,,,,,,,,,,,,,,,,,,,,,,,,,,,,,,,,,,,,,,,,,,,,,,,,,,,,,,,,,,,,,,,,,,,,,,,,,,,,,,,,,,,,,,,,,,,,,,,,,,,,,,,,,,,,,,,,,,,,,,,,,,,,,,,,,,,,,,,,,,,,,,,,,,,,,,,,,,,,,,,,,,,,,,,,,,,,,,,,,,,,,,,,,,,
c4928d94-e15d-4b1b-a490-cf0c3633e467,2d60178e-d6c5-4743-85bd-4682860c8876,2026-09-21 20:03:40,,,In progress,Desktop,en-US,6675f09ed154487cb13815b5,,,,,,,,,,,,,,,,,,,,,,,,,,,,,,,,,,,,,,,,,,,,,,,,,,,,,,,,,,,,,,,,,,,,,,,,,,,,,,,,,,,,,,,,,,,,,,,,,,,,,,,,,,,,,,,,,,,,,,,,,,,,,,,,,,,,,,,,,,,,,,,,,,,,,,,,,,,,,,,,,,,,,,,,,,,,,,,,,,,,,,,,,,,,,,,,,,,,,,,,,,,,,,,,,,,,,,,,,,,,,,,,,,,,,,,,,,,,,,,,,,,,,,,,,,,,,,,,,,,,,,,,,,,,,,,,,,,,,,,,,,,,,,,,,,,,,,,,,,,,,,,,,,,,,,,,,,,,,,,,,,,,,,,,,,,,,,,,,,,,,,,,,,,,,,,,,,,,,,
34f8a7cb-2204-457d-a604-dec79a84aede,42e722ca-5150-45a0-a7fc-1677ee680b69,2026-09-21 20:04:42,,,In progress,Desktop,en-US,69ea478e140abc46d9d30b4b,33,Male,Instagram,,,,,,,,,,,,,,,,,,,,,,,,,,,,,,,,,,,,,,,,,,,,,,,,,,,,,,,,,,,,,,,,,,,,,,,,,,,,,,,,,,,,,,,,,,ArrowRight,ArrowLeft,ArrowRight,ArrowRight,ArrowRight,ArrowRight,ArrowRight,ArrowRight,ArrowRight,ArrowRight,ArrowRight,ArrowRight,ArrowRight,ArrowRight,ArrowLeft,ArrowLeft,ArrowRight,ArrowLeft,ArrowRight,ArrowLeft,ArrowLeft,ArrowRight,ArrowRight,ArrowLeft,ArrowLeft,ArrowLeft,ArrowLeft,ArrowRight,ArrowLeft,ArrowRight,ArrowRight,ArrowRight,ArrowLeft,ArrowRight,ArrowLeft,ArrowLeft,ArrowLeft,ArrowRight,ArrowLeft,ArrowRight,ArrowRight,ArrowRight,ArrowLeft,ArrowLeft,ArrowLeft,ArrowRight,ArrowLeft,ArrowLeft,ArrowRight,ArrowRight,ArrowLeft,ArrowLeft,ArrowLeft,ArrowRight,ArrowRight,ArrowLeft,ArrowRight,ArrowLeft,ArrowRight,ArrowRight,ArrowLeft,ArrowRight,ArrowLeft,ArrowRight,ArrowRight,ArrowLeft,ArrowLeft,ArrowRight,ArrowRight,ArrowLeft,ArrowRight,ArrowRight,ArrowLeft,ArrowLeft,ArrowRight,ArrowRight,ArrowRight,ArrowRight,ArrowRight,ArrowRight,ArrowLeft,ArrowRight,ArrowRight,ArrowRight,ArrowLeft,ArrowLeft,ArrowRight,ArrowLeft,Deciding which posts I might share,,5,2,,,5,1,5,2,6,1,,,5,1,,,,,,,,,,,6,6,,,,,4,4,,,,,4,7,,,1,1,,,4,4,2,4,6,6,,,6,3,,,,,5,3,,,,,,,6,6,,,,,,,,,6,2,6,2,2,4,,,,,4,6,,,4,7,,,,,,,,,,,6,2,,,6,6,3,6,4,4,2,2,,,,,,,,,4,4,,,,,,,4,4,,,4,6,,,,,,,,,,,4,6,,,,,4,4,,,,,2,2,,,5,5,2,2,,,2,7,,,,,,
0a8c1ccd-ba33-46dc-8502-d1881598d60c,4c35aa8c-1432-47fa-a490-b7f6e946030f,2026-09-21 20:05:18,2026-09-21 20:25:30,1212,Completed,Desktop,en-US,6a9894665eb8e4b6270b49b8,34,Female,Facebook,,,,,,,,,,,,,,,,,,,,,,,,,,,,,,,,,,,,,,,,,,,,,,,,,,,,,,,,,,,,,,,,,,,,,,,,,,,,,,,,,,,,,,,,,,ArrowRight,ArrowRight,ArrowLeft,ArrowRight,ArrowRight,ArrowRight,ArrowRight,ArrowRight,ArrowLeft,ArrowLeft,ArrowLeft,ArrowLeft,ArrowRight,ArrowLeft,ArrowLeft,ArrowLeft,ArrowRight,ArrowLeft,ArrowLeft,ArrowRight,ArrowLeft,ArrowLeft,ArrowLeft,ArrowLeft,ArrowRight,ArrowRight,ArrowRight,ArrowRight,ArrowLeft,ArrowLeft,ArrowLeft,ArrowLeft,ArrowRight,ArrowLeft,ArrowRight,ArrowRight,ArrowRight,ArrowRight,ArrowRight,ArrowLeft,ArrowRight,ArrowRight,ArrowLeft,ArrowRight,ArrowRight,ArrowRight,ArrowLeft,ArrowLeft,ArrowRight,ArrowRight,ArrowRight,ArrowRight,ArrowRight,ArrowRight,ArrowRight,ArrowRight,ArrowLeft,ArrowLeft,ArrowLeft,ArrowLeft,ArrowLeft,ArrowLeft,ArrowRight,ArrowRight,ArrowLeft,ArrowLeft,ArrowRight,ArrowLeft,ArrowRight,ArrowLeft,ArrowLeft,ArrowLeft,ArrowLeft,ArrowLeft,ArrowRight,ArrowRight,ArrowLeft,ArrowLeft,ArrowRight,ArrowRight,ArrowRight,ArrowLeft,ArrowLeft,ArrowLeft,ArrowLeft,ArrowRight,ArrowLeft,ArrowRight,Deciding which posts I might share,,2,2,1,1,2,2,6,6,2,2,2,2,2,2,2,2,6,6,6,6,6,6,6,6,2,2,6,6,2,2,6,6,2,2,5,4,6,6,6,6,6,6,6,6,6,6,2,2,2,2,2,2,2,2,2,2,6,6,6,6,7,6,6,6,2,2,2,2,2,2,2,2,2,2,2,2,6,6,6,6,2,2,2,2,6,6,2,2,2,2,2,2,6,6,2,2,3,3,5,5,1,1,2,2,4,4,2,2,4,4,1,1,6,6,6,6,6,6,6,6,5,4,6,6,2,2,2,2,4,3,6,6,2,2,2,2,2,2,6,6,6,6,6,6,6,6,6,6,2,2,2,3,6,6,6,6,2,2,2,2,5,5,5,5,6,5,6,6,6,6,7,7,6,6,4,4
aace7463-f2cb-45d3-81b2-04e22069f9de,012457b5-81cb-45c6-8c5b-481bf48cbbf7,2026-09-21 20:05:39,2026-09-21 20:30:00,1460,Completed,Desktop,en-US,695bf2a7a8ff4e7e8ecd0bee,22,Female,Instagram,,,,,,,,,,,,,,,,,,,,,,,,,,,,,,,,,,,,,,,,,,,,,,,,,,,,,,,,,,,,,,,,,,,,,,,,,,,,,,,,,,,,,,,,,,ArrowRight,ArrowRight,ArrowRight,ArrowLeft,ArrowRight,ArrowRight,ArrowRight,ArrowRight,ArrowRight,ArrowLeft,ArrowRight,ArrowLeft,ArrowRight,ArrowRight,ArrowRight,ArrowRight,ArrowRight,ArrowRight,ArrowLeft,ArrowLeft,ArrowLeft,ArrowLeft,ArrowLeft,ArrowRight,ArrowRight,ArrowRight,ArrowRight,ArrowRight,ArrowRight,ArrowLeft,ArrowRight,ArrowLeft,ArrowRight,ArrowRight,ArrowRight,ArrowRight,ArrowRight,ArrowRight,ArrowRight,ArrowRight,ArrowLeft,ArrowRight,ArrowLeft,ArrowLeft,ArrowLeft,ArrowRight,ArrowLeft,ArrowRight,ArrowLeft,ArrowLeft,ArrowRight,ArrowRight,ArrowRight,ArrowRight,ArrowLeft,ArrowRight,ArrowLeft,ArrowLeft,ArrowRight,ArrowLeft,ArrowLeft,ArrowLeft,ArrowRight,ArrowRight,ArrowRight,ArrowRight,ArrowRight,ArrowLeft,ArrowRight,ArrowLeft,ArrowLeft,ArrowRight,ArrowRight,ArrowRight,ArrowRight,ArrowRight,ArrowLeft,ArrowLeft,ArrowRight,ArrowRight,ArrowRight,ArrowRight,ArrowRight,ArrowLeft,ArrowLeft,ArrowLeft,ArrowLeft,ArrowRight,Deciding which posts I might share,,1,2,1,2,1,1,5,5,1,1,1,2,1,1,2,2,4,5,6,5,3,4,5,5,2,3,2,3,1,2,2,2,2,3,3,4,7,7,6,6,5,4,6,6,6,6,5,4,1,1,1,1,1,1,2,2,3,3,5,5,5,5,6,6,1,2,1,1,1,1,1,2,1,1,1,1,1,1,1,1,4,4,5,5,6,6,6,6,6,5,4,5,6,6,5,5,2,2,5,5,1,2,1,1,2,3,1,1,6,6,1,1,5,5,5,4,4,4,7,6,6,5,6,5,1,1,1,1,2,2,5,4,2,2,5,4,1,1,6,6,6,5,6,5,6,6,6,5,1,2,2,2,3,3,6,6,2,2,1,2,1,1,6,6,4,3,6,5,5,3,6,5,7,7,6,6
4ad48286-4b0b-4d22-a794-37b3c854f3f0,9f1a4ba3-5d8b-41e4-a90c-fd7af7a731e9,2026-09-21 20:06:47,,,In progress,Desktop,en-US,699f92c1656d4e54e9481f75,,,,,,,,,,,,,,,,,,,,,,,,,,,,,,,,,,,,,,,,,,,,,,,,,,,,,,,,,,,,,,,,,,,,,,,,,,,,,,,,,,,,,,,,,,,,,,,,,,,,,,,,,,,,,,,,,,,,,,,,,,,,,,,,,,,,,,,,,,,,,,,,,,,,,,,,,,,,,,,,,,,,,,,,,,,,,,,,,,,,,,,,,,,,,,,,,,,,,,,,,,,,,,,,,,,,,,,,,,,,,,,,,,,,,,,,,,,,,,,,,,,,,,,,,,,,,,,,,,,,,,,,,,,,,,,,,,,,,,,,,,,,,,,,,,,,,,,,,,,,,,,,,,,,,,,,,,,,,,,,,,,,,,,,,,,,,,,,,,,,,,,,,,,,,,,,,,,,,,
519ab3a0-f702-441d-8c41-23c0a6ec22d1,a891df90-e938-409d-b629-db73d2ce9c92,2026-09-21 20:08:15,,,In progress,Desktop,en-US,671b96d7e5b6ce9f42822bdb,,,,,,,,,,,,,,,,,,,,,,,,,,,,,,,,,,,,,,,,,,,,,,,,,,,,,,,,,,,,,,,,,,,,,,,,,,,,,,,,,,,,,,,,,,,,,,,,,,,,,,,,,,,,,,,,,,,,,,,,,,,,,,,,,,,,,,,,,,,,,,,,,,,,,,,,,,,,,,,,,,,,,,,,,,,,,,,,,,,,,,,,,,,,,,,,,,,,,,,,,,,,,,,,,,,,,,,,,,,,,,,,,,,,,,,,,,,,,,,,,,,,,,,,,,,,,,,,,,,,,,,,,,,,,,,,,,,,,,,,,,,,,,,,,,,,,,,,,,,,,,,,,,,,,,,,,,,,,,,,,,,,,,,,,,,,,,,,,,,,,,,,,,,,,,,,,,,,,,
b0117fd9-76b1-4b3a-99f5-055190305505,a3376827-161e-4314-a823-001047a9c33c,2026-09-21 20:09:56,2026-09-21 20:29:55,1198,Completed,Desktop,en-US,66e64875ed01a470873bc4b8,50,f,Facebook,,ArrowRight,ArrowRight,ArrowRight,ArrowRight,ArrowRight,ArrowRight,ArrowRight,ArrowRight,ArrowRight,ArrowRight,ArrowRight,ArrowRight,ArrowLeft,ArrowRight,ArrowLeft,ArrowRight,ArrowRight,ArrowRight,ArrowLeft,ArrowLeft,ArrowRight,ArrowRight,ArrowRight,ArrowRight,ArrowLeft,ArrowRight,ArrowRight,ArrowLeft,ArrowRight,ArrowLeft,ArrowLeft,ArrowRight,ArrowRight,ArrowRight,ArrowRight,ArrowRight,ArrowLeft,ArrowLeft,ArrowLeft,ArrowLeft,ArrowRight,ArrowRight,ArrowRight,ArrowRight,ArrowRight,ArrowRight,ArrowRight,ArrowRight,ArrowLeft,ArrowLeft,ArrowLeft,ArrowLeft,ArrowLeft,ArrowRight,ArrowRight,ArrowLeft,ArrowRight,ArrowRight,ArrowRight,ArrowRight,ArrowLeft,ArrowLeft,ArrowRight,ArrowRight,ArrowLeft,ArrowRight,ArrowRight,ArrowRight,ArrowLeft,ArrowLeft,ArrowLeft,ArrowLeft,ArrowLeft,ArrowLeft,ArrowLeft,ArrowRight,ArrowRight,ArrowLeft,ArrowRight,ArrowLeft,ArrowRight,ArrowLeft,ArrowLeft,ArrowLeft,ArrowLeft,ArrowLeft,ArrowLeft,ArrowLeft,,,,,,,,,,,,,,,,,,,,,,,,,,,,,,,,,,,,,,,,,,,,,,,,,,,,,,,,,,,,,,,,,,,,,,,,,,,,,,,,,,,,,,,,,Deciding which posts I might share,,1,1,1,1,1,1,1,1,1,1,1,1,1,1,1,1,1,1,1,1,1,1,4,4,7,7,4,4,4,4,5,5,1,1,1,1,7,7,7,7,3,3,1,1,4,4,2,2,6,6,5,5,6,6,6,6,4,4,6,4,2,2,2,2,1,5,1,1,1,1,1,1,7,7,7,7,6,6,6,6,1,1,1,1,1,1,1,1,2,2,2,2,1,1,1,1,7,7,6,6,6,6,6,6,6,6,6,6,3,3,6,6,1,1,1,1,1,1,2,2,7,7,7,7,1,1,1,1,1,1,1,1,1,1,1,1,7,7,7,7,7,7,7,7,7,7,6,6,1,1,1,1,7,7,7,7,3,3,6,5,1,1,3,3,6,6,3,3,7,7,7,7,7,7,7,7
993b8095-9541-48ec-9bd8-daea75bd7885,68d7c455-87ad-4e53-bc19-c8a5eb1dfd7f,2026-09-21 20:11:33,,,In progress,Desktop,en-US,6a21f44f7bc3b8a3442a3d13,48,"female
",Facebook,,ArrowRight,ArrowRight,,,ArrowRight,,,,ArrowRight,ArrowRight,ArrowRight,,ArrowRight,ArrowRight,ArrowRight,ArrowRight,,,,,ArrowRight,,ArrowRight,ArrowRight,ArrowRight,,ArrowRight,ArrowRight,,ArrowRight,,ArrowRight,ArrowRight,,,,,,ArrowRight,,,,,,ArrowRight,,,,,,,,ArrowRight,ArrowRight,ArrowRight,,ArrowRight,ArrowRight,,,,,ArrowRight,,ArrowRight,,,ArrowRight,,,,,,ArrowRight,ArrowRight,,ArrowRight,,,,,,ArrowRight,,ArrowRight,,ArrowRight,ArrowRight,,,,,,,,,,,,,,,,,,,,,,,,,,,,,,,,,,,,,,,,,,,,,,,,,,,,,,,,,,,,,,,,,,,,,,,,,,,,,,,,,,,,,,,,,,,,,,,,,,,,,,,,,,,,,,,,,,,,,,,,,,,,,,,,,,,,,,,,,,,,,,,,,,,,,,,,,,,,,,,,,,,,,,,,,,,,,,,,,,,,,,,,,,,,,,,,,,,,,,,,,,,,,,,,,,,,,,,,,,,,,,,,,,,,,,,,,,,,,,,,,,,,,,,,,,,,,,,,,,,,,,,,,,
d2d2f5b2-97fc-48e2-9f7a-5a8213320714,c5d7e312-a8d8-468a-a49c-d4e197c15639,2026-09-21 20:12:12,2026-09-21 20:35:55,1423,Completed,Desktop,en-US,663e1c7683991d278fb128a7,58,female,Facebook,,ArrowLeft,ArrowLeft,ArrowLeft,ArrowLeft,ArrowLeft,ArrowLeft,ArrowLeft,ArrowLeft,ArrowRight,ArrowLeft,ArrowRight,ArrowLeft,ArrowRight,ArrowRight,ArrowLeft,ArrowLeft,ArrowRight,ArrowRight,ArrowLeft,ArrowLeft,ArrowLeft,ArrowLeft,ArrowRight,ArrowRight,ArrowLeft,ArrowLeft,ArrowLeft,ArrowLeft,ArrowLeft,ArrowLeft,ArrowLeft,ArrowLeft,ArrowLeft,ArrowLeft,ArrowRight,ArrowRight,ArrowRight,ArrowRight,ArrowRight,ArrowRight,ArrowLeft,ArrowRight,ArrowLeft,ArrowRight,ArrowLeft,ArrowRight,ArrowLeft,ArrowRight,ArrowRight,ArrowRight,ArrowRight,ArrowRight,ArrowLeft,ArrowLeft,ArrowLeft,ArrowRight,ArrowLeft,ArrowLeft,ArrowRight,ArrowRight,ArrowRight,ArrowRight,ArrowLeft,ArrowLeft,ArrowRight,ArrowRight,ArrowRight,ArrowRight,ArrowRight,ArrowRight,ArrowRight,ArrowLeft,ArrowRight,ArrowLeft,ArrowLeft,ArrowRight,ArrowLeft,ArrowRight,ArrowRight,ArrowRight,ArrowRight,ArrowLeft,ArrowLeft,ArrowLeft,ArrowLeft,ArrowLeft,ArrowLeft,ArrowRight,,,,,,,,,,,,,,,,,,,,,,,,,,,,,,,,,,,,,,,,,,,,,,,,,,,,,,,,,,,,,,,,,,,,,,,,,,,,,,,,,,,,,,,,,Learning about the views people hold on these issues,,6,6,6,6,6,6,4,4,6,6,6,6,7,7,6,6,5,5,3,2,3,3,4,4,2,3,3,3,4,4,4,4,3,6,4,4,4,4,5,4,5,5,3,3,5,5,3,3,6,7,6,6,6,6,3,2,4,4,6,6,5,5,6,5,4,4,5,5,1,2,4,4,3,3,3,3,4,4,6,5,2,2,4,5,4,4,5,5,7,7,6,7,5,5,3,3,2,1,5,5,1,1,2,1,2,2,7,5,4,4,3,3,4,4,5,5,5,5,5,6,5,6,4,4,6,6,6,6,2,2,5,3,3,3,5,5,3,3,4,4,7,7,2,2,6,6,6,6,4,4,4,4,4,4,4,4,4,4,4,4,4,4,3,3,6,6,4,4,5,5,6,6,3,3,5,5
e857b850-13c9-4efd-ae61-ae594d586493,8bd6e5e6-d898-415f-9d42-77eb92b5ffa5,2026-09-21 20:12:39,2026-09-21 20:42:07,1768,Completed,Desktop,en-US,6a9843e13afddb5b4e7d8a27,34,Man,Instagram,,,,,,,,,,,,,,,,,,,,,,,,,,,,,,,,,,,,,,,,,,,,,,,,,,,,,,,,,,,,,,,,,,,,,,,,,,,,,,,,,,,,,,,,,,ArrowLeft,ArrowLeft,ArrowLeft,ArrowLeft,ArrowLeft,ArrowRight,ArrowLeft,ArrowLeft,ArrowRight,ArrowRight,ArrowRight,ArrowRight,ArrowLeft,ArrowLeft,ArrowRight,ArrowLeft,ArrowLeft,ArrowLeft,ArrowRight,ArrowRight,ArrowRight,ArrowRight,ArrowRight,ArrowRight,ArrowLeft,ArrowLeft,ArrowLeft,ArrowLeft,ArrowRight,ArrowRight,ArrowRight,ArrowRight,ArrowLeft,ArrowLeft,ArrowLeft,ArrowLeft,ArrowRight,ArrowRight,ArrowRight,ArrowLeft,ArrowRight,ArrowRight,ArrowRight,ArrowRight,ArrowRight,ArrowRight,ArrowRight,ArrowRight,ArrowLeft,ArrowRight,ArrowLeft,ArrowLeft,ArrowLeft,ArrowLeft,ArrowRight,ArrowRight,ArrowRight,ArrowRight,ArrowRight,ArrowRight,ArrowRight,ArrowRight,ArrowLeft,ArrowRight,ArrowRight,ArrowRight,ArrowLeft,ArrowLeft,ArrowLeft,ArrowRight,ArrowRight,ArrowRight,ArrowRight,ArrowRight,ArrowLeft,ArrowLeft,ArrowRight,ArrowRight,ArrowRight,ArrowRight,ArrowLeft,ArrowLeft,ArrowRight,ArrowLeft,ArrowRight,ArrowRight,ArrowRight,ArrowRight,Deciding which posts I might share,,7,5,7,6,6,6,6,5,7,5,6,5,6,5,6,5,1,2,2,3,1,4,3,4,6,4,6,5,4,4,6,4,7,4,6,4,3,2,4,3,1,2,1,1,2,4,1,2,7,6,7,6,7,6,6,6,1,4,1,4,1,4,1,4,7,5,7,4,7,5,7,5,2,3,2,2,6,5,6,5,1,3,4,4,4,4,5,5,3,5,4,4,2,5,2,5,6,5,5,4,6,3,6,3,6,6,7,6,5,5,6,5,1,2,2,2,2,2,1,2,2,4,1,3,6,6,5,6,4,4,2,4,6,4,7,4,6,4,4,4,1,2,1,3,2,3,3,4,5,5,5,6,2,5,1,4,2,4,4,4,6,5,7,5,1,2,6,5,1,3,5,5,2,1,2,1
8170681e-45d8-4ad2-bf45-1d87d9f82bbf,f2d8ab22-6fae-42e0-a2fa-1f70f05ec651,2026-09-21 20:17:12,,,In progress,Desktop,en-US,66fe99edb8a87ffd9478d5c1,,,,,,,,,,,,,,,,,,,,,,,,,,,,,,,,,,,,,,,,,,,,,,,,,,,,,,,,,,,,,,,,,,,,,,,,,,,,,,,,,,,,,,,,,,,,,,,,,,,,,,,,,,,,,,,,,,,,,,,,,,,,,,,,,,,,,,,,,,,,,,,,,,,,,,,,,,,,,,,,,,,,,,,,,,,,,,,,,,,,,,,,,,,,,,,,,,,,,,,,,,,,,,,,,,,,,,,,,,,,,,,,,,,,,,,,,,,,,,,,,,,,,,,,,,,,,,,,,,,,,,,,,,,,,,,,,,,,,,,,,,,,,,,,,,,,,,,,,,,,,,,,,,,,,,,,,,,,,,,,,,,,,,,,,,,,,,,,,,,,,,,,,,,,,,,,,,,,,,
3d0bfc4c-4a27-4db1-8210-d1ae0010671c,299b4af6-a31b-4313-856a-36cb547f3e46,2026-09-21 20:17:55,,,In progress,Desktop,en-US,6719e181f57e04530349e409,,,,,,,,,,,,,,,,,,,,,,,,,,,,,,,,,,,,,,,,,,,,,,,,,,,,,,,,,,,,,,,,,,,,,,,,,,,,,,,,,,,,,,,,,,,,,,,,,,,,,,,,,,,,,,,,,,,,,,,,,,,,,,,,,,,,,,,,,,,,,,,,,,,,,,,,,,,,,,,,,,,,,,,,,,,,,,,,,,,,,,,,,,,,,,,,,,,,,,,,,,,,,,,,,,,,,,,,,,,,,,,,,,,,,,,,,,,,,,,,,,,,,,,,,,,,,,,,,,,,,,,,,,,,,,,,,,,,,,,,,,,,,,,,,,,,,,,,,,,,,,,,,,,,,,,,,,,,,,,,,,,,,,,,,,,,,,,,,,,,,,,,,,,,,,,,,,,,,,
604f8179-41f2-45e7-917d-79e92049f9d3,73ac2673-8725-43a6-9cd5-92271586598f,2026-09-21 20:19:38,,,In progress,Desktop,en-US,5e66d367ca6a8f43bbde4e5d,,,,,,,,,,,,,,,,,,,,,,,,,,,,,,,,,,,,,,,,,,,,,,,,,,,,,,,,,,,,,,,,,,,,,,,,,,,,,,,,,,,,,,,,,,,,,,,,,,,,,,,,,,,,,,,,,,,,,,,,,,,,,,,,,,,,,,,,,,,,,,,,,,,,,,,,,,,,,,,,,,,,,,,,,,,,,,,,,,,,,,,,,,,,,,,,,,,,,,,,,,,,,,,,,,,,,,,,,,,,,,,,,,,,,,,,,,,,,,,,,,,,,,,,,,,,,,,,,,,,,,,,,,,,,,,,,,,,,,,,,,,,,,,,,,,,,,,,,,,,,,,,,,,,,,,,,,,,,,,,,,,,,,,,,,,,,,,,,,,,,,,,,,,,,,,,,,,,,,
34ef450d-ebd2-4441-acda-62ca4a81070c,a34858d2-e017-4998-bdc8-803b89a70eaf,2026-09-21 20:19:43,,,In progress,Desktop,en-US,69b6ed836c20e2e45fa2256c,,,,,,,,,,,,,,,,,,,,,,,,,,,,,,,,,,,,,,,,,,,,,,,,,,,,,,,,,,,,,,,,,,,,,,,,,,,,,,,,,,,,,,,,,,,,,,,,,,,,,,,,,,,,,,,,,,,,,,,,,,,,,,,,,,,,,,,,,,,,,,,,,,,,,,,,,,,,,,,,,,,,,,,,,,,,,,,,,,,,,,,,,,,,,,,,,,,,,,,,,,,,,,,,,,,,,,,,,,,,,,,,,,,,,,,,,,,,,,,,,,,,,,,,,,,,,,,,,,,,,,,,,,,,,,,,,,,,,,,,,,,,,,,,,,,,,,,,,,,,,,,,,,,,,,,,,,,,,,,,,,,,,,,,,,,,,,,,,,,,,,,,,,,,,,,,,,,,,,
a9f42a90-7d41-421b-ba5b-49f034dce1cf,7b29b5ef-49de-478a-9225-a8d5cc8b276b,2026-09-21 20:19:49,,,In progress,Desktop,en-GB,6a01d75da4748c5deb7237d7,,,,,,,,,,,,,,,,,,,,,,,,,,,,,,,,,,,,,,,,,,,,,,,,,,,,,,,,,,,,,,,,,,,,,,,,,,,,,,,,,,,,,,,,,,,,,,,,,,,,,,,,,,,,,,,,,,,,,,,,,,,,,,,,,,,,,,,,,,,,,,,,,,,,,,,,,,,,,,,,,,,,,,,,,,,,,,,,,,,,,,,,,,,,,,,,,,,,,,,,,,,,,,,,,,,,,,,,,,,,,,,,,,,,,,,,,,,,,,,,,,,,,,,,,,,,,,,,,,,,,,,,,,,,,,,,,,,,,,,,,,,,,,,,,,,,,,,,,,,,,,,,,,,,,,,,,,,,,,,,,,,,,,,,,,,,,,,,,,,,,,,,,,,,,,,,,,,,,,
0c0f396a-1ebf-4ac8-9eb7-a296c2be7182,04e487d1-6fbe-4a5e-b8d3-48e0dfbb35e8,2026-09-21 20:23:45,,,In progress,Mobile,en-US,669727d1df5cd5aca9974955,,,,,,,,,,,,,,,,,,,,,,,,,,,,,,,,,,,,,,,,,,,,,,,,,,,,,,,,,,,,,,,,,,,,,,,,,,,,,,,,,,,,,,,,,,,,,,,,,,,,,,,,,,,,,,,,,,,,,,,,,,,,,,,,,,,,,,,,,,,,,,,,,,,,,,,,,,,,,,,,,,,,,,,,,,,,,,,,,,,,,,,,,,,,,,,,,,,,,,,,,,,,,,,,,,,,,,,,,,,,,,,,,,,,,,,,,,,,,,,,,,,,,,,,,,,,,,,,,,,,,,,,,,,,,,,,,,,,,,,,,,,,,,,,,,,,,,,,,,,,,,,,,,,,,,,,,,,,,,,,,,,,,,,,,,,,,,,,,,,,,,,,,,,,,,,,,,,,,,
b47be61b-cd52-4bd5-b763-0c903fda29ca,64989dff-acb3-4ac9-863c-7829ac50ddf4,2026-09-21 20:24:06,2026-09-21 21:13:07,2940,Completed,Desktop,en-US,63e5698a2a9d6ee125324a0f,44,male,Instagram,,ArrowRight,ArrowLeft,ArrowLeft,ArrowLeft,ArrowLeft,ArrowRight,ArrowLeft,ArrowLeft,ArrowLeft,ArrowLeft,ArrowRight,ArrowRight,ArrowRight,ArrowLeft,ArrowLeft,ArrowRight,ArrowRight,ArrowRight,ArrowLeft,ArrowLeft,ArrowRight,ArrowRight,ArrowRight,ArrowRight,ArrowLeft,ArrowLeft,ArrowRight,ArrowRight,ArrowRight,ArrowRight,ArrowRight,ArrowRight,ArrowLeft,ArrowLeft,ArrowLeft,ArrowLeft,ArrowRight,ArrowRight,ArrowRight,ArrowRight,ArrowLeft,ArrowRight,ArrowLeft,ArrowLeft,ArrowLeft,ArrowRight,ArrowLeft,ArrowLeft,ArrowLeft,ArrowRight,ArrowRight,ArrowRight,ArrowLeft,ArrowLeft,ArrowLeft,ArrowLeft,ArrowRight,ArrowRight,ArrowRight,ArrowRight,ArrowLeft,ArrowLeft,ArrowRight,ArrowLeft,ArrowRight,ArrowLeft,ArrowRight,ArrowLeft,ArrowLeft,ArrowLeft,ArrowLeft,ArrowLeft,ArrowRight,ArrowLeft,ArrowLeft,ArrowRight,ArrowRight,ArrowLeft,ArrowLeft,ArrowLeft,ArrowRight,ArrowLeft,ArrowRight,ArrowLeft,ArrowLeft,ArrowLeft,ArrowLeft,ArrowLeft,,,,,,,,,,,,,,,,,,,,,,,,,,,,,,,,,,,,,,,,,,,,,,,,,,,,,,,,,,,,,,,,,,,,,,,,,,,,,,,,,,,,,,,,,Learning about the views people hold on these issues,,4,4,5,5,4,4,6,6,4,4,5,6,5,6,5,5,5,5,4,4,4,4,5,5,4,4,4,4,4,4,4,5,2,2,1,1,6,4,6,6,3,3,2,2,4,4,2,2,5,5,6,6,3,3,5,5,1,1,3,3,2,2,2,2,6,6,6,6,6,6,5,5,5,5,3,4,3,3,4,4,4,4,6,6,5,5,6,6,6,6,6,6,6,6,7,7,3,2,2,2,2,2,2,1,4,4,5,5,4,4,6,6,2,2,3,3,4,4,4,4,6,6,6,6,5,5,2,2,3,3,3,3,2,2,2,2,7,6,6,6,5,5,2,2,6,6,5,5,2,2,6,6,6,6,6,6,4,4,5,5,2,2,4,4,5,5,5,4,4,4,5,5,6,6,4,4
fd5b9a31-0a89-43c5-86a0-c41e667d17d2,f06a87e4-e9e0-4278-bd4f-0702f201fc55,2026-09-21 20:27:31,2026-09-21 21:14:44,2833,Completed,Desktop,en-US,6a98a43f910254fcf5306574,34,Male,Instagram,,,,,,,,,,,,,,,,,,,,,,,,,,,,,,,,,,,,,,,,,,,,,,,,,,,,,,,,,,,,,,,,,,,,,,,,,,,,,,,,,,,,,,,,,,ArrowRight,ArrowLeft,ArrowLeft,ArrowLeft,ArrowRight,ArrowLeft,ArrowRight,ArrowLeft,ArrowLeft,ArrowLeft,ArrowLeft,ArrowLeft,ArrowRight,ArrowLeft,ArrowLeft,ArrowLeft,ArrowRight,ArrowRight,ArrowLeft,ArrowRight,ArrowRight,ArrowRight,ArrowLeft,ArrowLeft,ArrowRight,ArrowLeft,ArrowRight,ArrowLeft,ArrowLeft,ArrowLeft,ArrowLeft,ArrowLeft,ArrowRight,ArrowRight,ArrowRight,ArrowRight,ArrowRight,ArrowRight,ArrowRight,ArrowRight,ArrowLeft,ArrowLeft,ArrowLeft,ArrowLeft,ArrowRight,ArrowRight,ArrowRight,ArrowRight,ArrowLeft,ArrowLeft,ArrowLeft,ArrowLeft,ArrowRight,ArrowRight,ArrowLeft,ArrowLeft,ArrowRight,ArrowRight,ArrowLeft,ArrowRight,ArrowLeft,ArrowLeft,ArrowRight,ArrowRight,ArrowRight,ArrowLeft,ArrowRight,ArrowLeft,ArrowRight,ArrowLeft,ArrowRight,ArrowRight,ArrowRight,ArrowRight,ArrowLeft,ArrowLeft,ArrowRight,ArrowLeft,ArrowRight,ArrowRight,ArrowRight,ArrowLeft,ArrowRight,ArrowLeft,ArrowRight,ArrowLeft,ArrowRight,ArrowRight,Deciding which posts I might share,,6,6,4,4,5,5,6,6,4,4,4,4,4,4,4,4,3,3,6,6,4,4,5,5,2,2,5,5,4,4,3,3,2,2,4,4,4,4,4,4,5,5,4,4,4,4,4,4,6,6,6,6,4,4,6,6,6,6,5,5,6,6,6,6,2,2,2,2,3,3,3,3,1,1,1,1,3,3,3,3,5,5,5,5,5,5,5,5,4,4,4,4,5,5,4,4,5,5,4,4,5,5,5,5,4,4,4,4,6,6,5,5,4,4,4,4,3,3,4,4,5,5,5,5,4,4,5,5,4,4,4,4,3,3,4,4,4,4,5,5,4,4,3,3,4,4,4,4,5,5,6,6,5,5,5,5,4,4,5,5,3,3,4,4,4,4,4,4,4,4,5,5,4,4,4,4
1c2e06a4-4eea-47a6-8734-c75c255e2b6b,90f04e94-dbe5-4bc4-8570-852fb4f66099,2026-09-21 20:28:37,2026-09-21 20:46:58,1101,Completed,Desktop,en-US,6a983b1ed26779390a229b2a,36,male,Other,youtube,,,,,,,,,,,,,,,,,,,,,,,,,,,,,,,,,,,,,,,,,,,,,,,,,,,,,,,,,,,,,,,,,,,,,,,,,,,,,,,,,,,,,,,,,ArrowRight,ArrowRight,ArrowRight,ArrowRight,ArrowRight,ArrowRight,ArrowRight,ArrowRight,ArrowRight,ArrowRight,ArrowRight,ArrowRight,ArrowRight,ArrowRight,ArrowRight,ArrowRight,ArrowRight,ArrowRight,ArrowRight,ArrowRight,ArrowRight,ArrowRight,ArrowRight,ArrowRight,ArrowRight,ArrowRight,ArrowRight,ArrowRight,ArrowRight,ArrowLeft,ArrowRight,ArrowRight,ArrowRight,ArrowRight,ArrowRight,ArrowRight,ArrowRight,ArrowRight,ArrowRight,ArrowRight,ArrowRight,ArrowRight,ArrowRight,ArrowRight,ArrowRight,ArrowRight,ArrowRight,ArrowRight,ArrowRight,ArrowRight,ArrowRight,ArrowRight,ArrowRight,ArrowRight,ArrowRight,ArrowRight,ArrowRight,ArrowRight,ArrowRight,ArrowRight,ArrowLeft,ArrowRight,ArrowRight,ArrowRight,ArrowRight,ArrowRight,ArrowRight,ArrowRight,ArrowRight,ArrowRight,ArrowRight,ArrowRight,ArrowRight,ArrowRight,ArrowRight,ArrowRight,ArrowRight,ArrowLeft,ArrowRight,ArrowRight,ArrowRight,ArrowRight,ArrowRight,ArrowRight,ArrowRight,ArrowRight,ArrowRight,ArrowRight,Deciding which posts I might share,,5,5,5,5,5,5,7,7,5,5,5,5,4,4,5,5,3,3,5,5,3,3,5,5,3,3,5,4,2,2,3,3,1,3,1,1,5,5,3,3,2,3,3,3,5,5,4,4,3,3,5,5,4,3,5,5,5,5,7,7,5,5,5,5,1,1,1,1,1,1,1,3,1,1,1,1,1,2,1,1,3,3,5,4,6,6,6,6,5,5,6,6,7,5,5,5,2,3,7,6,3,3,1,3,5,5,3,3,3,3,5,5,3,3,4,3,4,3,5,5,7,5,7,5,5,5,3,3,1,3,5,5,1,3,1,1,1,1,5,5,3,3,3,3,3,3,5,5,3,3,5,3,7,5,7,5,6,5,3,3,1,3,1,1,3,3,4,4,3,3,3,3,3,3,3,3
6cd22e73-ae41-40ce-bc8a-2f8b4c26f24b,d894eb5d-fb1e-40b4-9ef3-b92c65becf76,2026-09-21 20:28:40,,,In progress,Desktop,en-US,695fd5e7dd1ecd302cfaeb9a,,,,,,,,,,,,,,,,,,,,,,,,,,,,,,,,,,,,,,,,,,,,,,,,,,,,,,,,,,,,,,,,,,,,,,,,,,,,,,,,,,,,,,,,,,,,,,,,,,,,,,,,,,,,,,,,,,,,,,,,,,,,,,,,,,,,,,,,,,,,,,,,,,,,,,,,,,,,,,,,,,,,,,,,,,,,,,,,,,,,,,,,,,,,,,,,,,,,,,,,,,,,,,,,,,,,,,,,,,,,,,,,,,,,,,,,,,,,,,,,,,,,,,,,,,,,,,,,,,,,,,,,,,,,,,,,,,,,,,,,,,,,,,,,,,,,,,,,,,,,,,,,,,,,,,,,,,,,,,,,,,,,,,,,,,,,,,,,,,,,,,,,,,,,,,,,,,,,,,
5bbbbea3-4ff9-4733-89ef-ddaf89553687,8c2cc4c0-29b9-416f-be3b-3d2f6f335a34,2026-09-21 20:30:01,,,In progress,Desktop,en-GB,6788117fe8e38fc8f3154214,,,,,,,,,,,,,,,,,,,,,,,,,,,,,,,,,,,,,,,,,,,,,,,,,,,,,,,,,,,,,,,,,,,,,,,,,,,,,,,,,,,,,,,,,,,,,,,,,,,,,,,,,,,,,,,,,,,,,,,,,,,,,,,,,,,,,,,,,,,,,,,,,,,,,,,,,,,,,,,,,,,,,,,,,,,,,,,,,,,,,,,,,,,,,,,,,,,,,,,,,,,,,,,,,,,,,,,,,,,,,,,,,,,,,,,,,,,,,,,,,,,,,,,,,,,,,,,,,,,,,,,,,,,,,,,,,,,,,,,,,,,,,,,,,,,,,,,,,,,,,,,,,,,,,,,,,,,,,,,,,,,,,,,,,,,,,,,,,,,,,,,,,,,,,,,,,,,,,,
fa468e03-1391-459e-a011-bfaff87fb0bf,1142b780-a9f8-4f80-80eb-426a357afb5f,2026-09-21 20:32:05,,,In progress,Desktop,en-US,698a6e871ab58f587864569d,,,,,,,,,,,,,,,,,,,,,,,,,,,,,,,,,,,,,,,,,,,,,,,,,,,,,,,,,,,,,,,,,,,,,,,,,,,,,,,,,,,,,,,,,,,,,,,,,,,,,,,,,,,,,,,,,,,,,,,,,,,,,,,,,,,,,,,,,,,,,,,,,,,,,,,,,,,,,,,,,,,,,,,,,,,,,,,,,,,,,,,,,,,,,,,,,,,,,,,,,,,,,,,,,,,,,,,,,,,,,,,,,,,,,,,,,,,,,,,,,,,,,,,,,,,,,,,,,,,,,,,,,,,,,,,,,,,,,,,,,,,,,,,,,,,,,,,,,,,,,,,,,,,,,,,,,,,,,,,,,,,,,,,,,,,,,,,,,,,,,,,,,,,,,,,,,,,,,,
f9ca4541-fcc8-4b57-a623-af9639430348,b0949a31-a753-4730-84f7-81d53355a058,2026-09-21 20:33:16,,,In progress,Desktop,en-US,6a1fbdb2a8e5ade1c900ae66,,,,,,,,,,,,,,,,,,,,,,,,,,,,,,,,,,,,,,,,,,,,,,,,,,,,,,,,,,,,,,,,,,,,,,,,,,,,,,,,,,,,,,,,,,,,,,,,,,,,,,,,,,,,,,,,,,,,,,,,,,,,,,,,,,,,,,,,,,,,,,,,,,,,,,,,,,,,,,,,,,,,,,,,,,,,,,,,,,,,,,,,,,,,,,,,,,,,,,,,,,,,,,,,,,,,,,,,,,,,,,,,,,,,,,,,,,,,,,,,,,,,,,,,,,,,,,,,,,,,,,,,,,,,,,,,,,,,,,,,,,,,,,,,,,,,,,,,,,,,,,,,,,,,,,,,,,,,,,,,,,,,,,,,,,,,,,,,,,,,,,,,,,,,,,,,,,,,,,
557b785f-2d34-4e52-844a-3419d8993a2e,e8478c95-637e-4244-a36c-17de279beb23,2026-09-21 20:33:55,,,In progress,Desktop,en-US,6ab04bed3c6739e493129a12,,,,,,,,,,,,,,,,,,,,,,,,,,,,,,,,,,,,,,,,,,,,,,,,,,,,,,,,,,,,,,,,,,,,,,,,,,,,,,,,,,,,,,,,,,,,,,,,,,,,,,,,,,,,,,,,,,,,,,,,,,,,,,,,,,,,,,,,,,,,,,,,,,,,,,,,,,,,,,,,,,,,,,,,,,,,,,,,,,,,,,,,,,,,,,,,,,,,,,,,,,,,,,,,,,,,,,,,,,,,,,,,,,,,,,,,,,,,,,,,,,,,,,,,,,,,,,,,,,,,,,,,,,,,,,,,,,,,,,,,,,,,,,,,,,,,,,,,,,,,,,,,,,,,,,,,,,,,,,,,,,,,,,,,,,,,,,,,,,,,,,,,,,,,,,,,,,,,,,
610db83f-36df-4f4a-ae9b-05ef80f94f08,b5233c94-1078-4f22-9a20-136197ca82ad,2026-09-21 20:34:00,,,In progress,Desktop,en-US,69cb8bf56b4681853352046a,"22
",female,Instagram,,ArrowRight,ArrowRight,ArrowRight,ArrowRight,ArrowRight,ArrowRight,ArrowRight,ArrowRight,ArrowLeft,ArrowLeft,ArrowLeft,ArrowLeft,ArrowRight,ArrowRight,ArrowRight,ArrowLeft,ArrowRight,ArrowRight,ArrowLeft,ArrowLeft,ArrowLeft,ArrowLeft,ArrowLeft,ArrowLeft,ArrowRight,ArrowRight,ArrowRight,ArrowRight,ArrowLeft,ArrowLeft,ArrowLeft,ArrowLeft,ArrowRight,ArrowRight,ArrowRight,ArrowRight,ArrowRight,ArrowRight,ArrowLeft,ArrowLeft,ArrowLeft,ArrowRight,ArrowLeft,ArrowLeft,ArrowLeft,ArrowRight,ArrowLeft,ArrowLeft,ArrowRight,ArrowRight,ArrowRight,ArrowRight,ArrowRight,ArrowLeft,ArrowRight,ArrowRight,ArrowLeft,ArrowLeft,ArrowLeft,ArrowLeft,ArrowLeft,ArrowLeft,ArrowRight,ArrowLeft,ArrowRight,ArrowRight,ArrowRight,ArrowRight,ArrowLeft,ArrowRight,ArrowLeft,ArrowLeft,ArrowLeft,ArrowRight,ArrowLeft,ArrowRight,ArrowRight,ArrowLeft,ArrowRight,ArrowLeft,ArrowRight,ArrowRight,ArrowLeft,ArrowLeft,ArrowLeft,ArrowLeft,ArrowLeft,ArrowLeft,,,,,,,,,,,,,,,,,,,,,,,,,,,,,,,,,,,,,,,,,,,,,,,,,,,,,,,,,,,,,,,,,,,,,,,,,,,,,,,,,,,,,,,,,Deciding which posts I might share,,,,,,,,,,,,,,,,,,,,,,,,,,,,,,,,,,,,,,,,,,,,,,,,,,,,,,,,,,,,,,,,,,,,,,,,,,,,,,,,,,,,,,,,,,,,,,,,,,,,,,,,,,,,,,,,,,,,,,,,,,,,,,,,,,1,2,,,,,,,,,,,,,,,,,,,,,,,,,,,,,,,,,,,,,,,,,,,,,,
be9a9700-8dd5-4561-9cdd-b01e92da1ea8,bdeeb38f-1653-4b24-8420-632fb6864d82,2026-09-21 20:34:14,,,In progress,Desktop,en-US,6372d1f14a6bd3713c1c0acf,,,,,,,,,,,,,,,,,,,,,,,,,,,,,,,,,,,,,,,,,,,,,,,,,,,,,,,,,,,,,,,,,,,,,,,,,,,,,,,,,,,,,,,,,,,,,,,,,,,,,,,,,,,,,,,,,,,,,,,,,,,,,,,,,,,,,,,,,,,,,,,,,,,,,,,,,,,,,,,,,,,,,,,,,,,,,,,,,,,,,,,,,,,,,,,,,,,,,,,,,,,,,,,,,,,,,,,,,,,,,,,,,,,,,,,,,,,,,,,,,,,,,,,,,,,,,,,,,,,,,,,,,,,,,,,,,,,,,,,,,,,,,,,,,,,,,,,,,,,,,,,,,,,,,,,,,,,,,,,,,,,,,,,,,,,,,,,,,,,,,,,,,,,,,,,,,,,,,,
f9225575-db67-4f1e-8cad-00e7a2c787f1,afb8e1ff-4554-4db9-982b-d00d4475f431,2026-09-21 20:35:15,,,In progress,Desktop,en-US,6a08b527726c1b66cd145a85,,,,,,,,,,,,,,,,,,,,,,,,,,,,,,,,,,,,,,,,,,,,,,,,,,,,,,,,,,,,,,,,,,,,,,,,,,,,,,,,,,,,,,,,,,,,,,,,,,,,,,,,,,,,,,,,,,,,,,,,,,,,,,,,,,,,,,,,,,,,,,,,,,,,,,,,,,,,,,,,,,,,,,,,,,,,,,,,,,,,,,,,,,,,,,,,,,,,,,,,,,,,,,,,,,,,,,,,,,,,,,,,,,,,,,,,,,,,,,,,,,,,,,,,,,,,,,,,,,,,,,,,,,,,,,,,,,,,,,,,,,,,,,,,,,,,,,,,,,,,,,,,,,,,,,,,,,,,,,,,,,,,,,,,,,,,,,,,,,,,,,,,,,,,,,,,,,,,,,
64d5e10a-9715-480f-8c23-695dc511c3d1,9013986b-3d74-4bea-bfb5-5cb754d1d0bb,2026-09-21 20:35:16,,,In progress,Desktop,en-US,6a186bfd2b06612ec0e1d962,,,,,,,,,,,,,,,,,,,,,,,,,,,,,,,,,,,,,,,,,,,,,,,,,,,,,,,,,,,,,,,,,,,,,,,,,,,,,,,,,,,,,,,,,,,,,,,,,,,,,,,,,,,,,,,,,,,,,,,,,,,,,,,,,,,,,,,,,,,,,,,,,,,,,,,,,,,,,,,,,,,,,,,,,,,,,,,,,,,,,,,,,,,,,,,,,,,,,,,,,,,,,,,,,,,,,,,,,,,,,,,,,,,,,,,,,,,,,,,,,,,,,,,,,,,,,,,,,,,,,,,,,,,,,,,,,,,,,,,,,,,,,,,,,,,,,,,,,,,,,,,,,,,,,,,,,,,,,,,,,,,,,,,,,,,,,,,,,,,,,,,,,,,,,,,,,,,,,,
264aa88b-2be6-486b-873a-daeb90b72ede,612396b2-2d15-4aab-bbfd-adba00f5a009,2026-09-21 20:35:27,2026-09-21 21:04:08,1721,Completed,Desktop,en-US,699e300a7e6dbb1b821665cd,38,male,Instagram,,ArrowRight,ArrowRight,ArrowRight,ArrowRight,ArrowRight,ArrowRight,ArrowRight,ArrowRight,ArrowLeft,ArrowLeft,ArrowLeft,ArrowLeft,ArrowRight,ArrowRight,ArrowRight,ArrowRight,ArrowRight,ArrowRight,ArrowLeft,ArrowLeft,ArrowLeft,ArrowLeft,ArrowLeft,ArrowRight,ArrowRight,ArrowRight,ArrowRight,ArrowRight,ArrowLeft,ArrowLeft,ArrowLeft,ArrowLeft,ArrowRight,ArrowRight,ArrowRight,ArrowRight,ArrowRight,ArrowRight,ArrowRight,ArrowRight,ArrowLeft,ArrowLeft,ArrowLeft,ArrowLeft,ArrowLeft,ArrowLeft,ArrowLeft,ArrowLeft,ArrowRight,ArrowRight,ArrowRight,ArrowRight,ArrowRight,ArrowRight,ArrowLeft,ArrowRight,ArrowLeft,ArrowLeft,ArrowLeft,ArrowLeft,ArrowLeft,ArrowLeft,ArrowRight,ArrowRight,ArrowRight,ArrowRight,ArrowRight,ArrowRight,ArrowLeft,ArrowLeft,ArrowLeft,ArrowLeft,ArrowLeft,ArrowLeft,ArrowLeft,ArrowRight,ArrowRight,ArrowLeft,ArrowLeft,ArrowRight,ArrowRight,ArrowRight,ArrowLeft,ArrowLeft,ArrowLeft,ArrowLeft,ArrowLeft,ArrowLeft,,,,,,,,,,,,,,,,,,,,,,,,,,,,,,,,,,,,,,,,,,,,,,,,,,,,,,,,,,,,,,,,,,,,,,,,,,,,,,,,,,,,,,,,,Learning about the views people hold on these issues,,1,1,1,1,1,1,4,4,1,1,1,1,1,1,1,1,7,7,7,7,6,6,7,7,1,1,1,1,1,1,1,1,1,1,1,1,7,7,7,7,7,7,7,7,7,7,7,7,1,1,1,1,1,1,1,1,7,7,7,7,7,7,7,7,1,1,1,1,1,1,1,1,1,1,1,1,1,1,1,1,6,6,7,7,7,7,7,7,7,7,7,7,7,7,7,7,1,1,5,5,1,1,1,1,1,1,1,1,7,7,1,1,7,7,7,7,7,7,7,7,6,6,7,7,1,1,1,1,1,1,2,2,1,1,1,1,6,6,7,7,7,7,7,7,7,7,7,7,1,1,1,1,6,6,7,7,5,5,6,6,1,1,1,1,7,7,7,7,7,7,7,7,7,7,7,7
93da4f47-75ca-4c1c-a4b5-9519c28d9f55,3cd3eb0c-c6b0-4c13-a467-8650af4f9ea2,2026-09-21 20:36:21,2026-09-21 20:51:56,935,Completed,Desktop,en-US,5c05dde7d183df000142a020,32,Female,Instagram,,ArrowRight,ArrowRight,ArrowRight,ArrowRight,ArrowRight,ArrowRight,ArrowRight,ArrowRight,ArrowLeft,ArrowLeft,ArrowRight,ArrowLeft,ArrowRight,ArrowRight,ArrowRight,ArrowRight,ArrowRight,ArrowRight,ArrowLeft,ArrowRight,ArrowRight,ArrowLeft,ArrowRight,ArrowRight,ArrowRight,ArrowRight,ArrowRight,ArrowRight,ArrowLeft,ArrowLeft,ArrowLeft,ArrowLeft,ArrowRight,ArrowRight,ArrowRight,ArrowRight,ArrowRight,ArrowRight,ArrowRight,ArrowRight,ArrowRight,ArrowRight,ArrowRight,ArrowLeft,ArrowRight,ArrowLeft,ArrowLeft,ArrowRight,ArrowRight,ArrowLeft,ArrowRight,ArrowRight,ArrowRight,ArrowRight,ArrowRight,ArrowRight,ArrowRight,ArrowRight,ArrowRight,ArrowLeft,ArrowLeft,ArrowLeft,ArrowRight,ArrowRight,ArrowRight,ArrowRight,ArrowRight,ArrowRight,ArrowLeft,ArrowRight,ArrowLeft,ArrowLeft,ArrowLeft,ArrowLeft,ArrowLeft,ArrowRight,ArrowRight,ArrowLeft,ArrowRight,ArrowRight,ArrowRight,ArrowRight,ArrowLeft,ArrowRight,ArrowLeft,ArrowLeft,ArrowLeft,ArrowRight,,,,,,,,,,,,,,,,,,,,,,,,,,,,,,,,,,,,,,,,,,,,,,,,,,,,,,,,,,,,,,,,,,,,,,,,,,,,,,,,,,,,,,,,,Learning about the views people hold on these issues,,1,2,1,2,1,2,6,6,1,2,1,1,1,1,1,2,5,5,6,5,5,5,6,5,1,2,2,3,1,2,2,2,2,2,2,2,7,5,6,5,5,3,6,5,6,4,2,3,2,2,3,5,1,2,5,7,6,3,7,6,6,5,6,5,1,5,3,5,2,2,2,3,1,5,2,2,1,3,2,2,4,2,6,6,6,6,6,5,6,6,7,6,6,3,6,5,1,3,5,4,2,4,2,2,3,3,2,6,4,4,2,2,6,5,6,5,5,3,6,4,6,5,6,3,1,1,1,2,2,2,2,2,2,2,2,2,3,3,6,6,7,6,6,5,7,6,7,6,1,1,1,1,5,5,6,6,3,4,2,2,2,2,4,4,7,6,6,6,7,6,7,3,7,6,4,4
6b649a9b-188d-4fd6-8873-a524e3825ff3,0257708f-0764-4704-b155-02267f0d79c2,2026-09-21 20:39:12,2026-09-21 20:56:29,1036,Completed,Desktop,en-US,695fd721c5664840abf5f9e9,19,agender,Instagram,,,,,,ArrowLeft,ArrowLeft,,,,,,,,ArrowLeft,ArrowLeft,,,,,,ArrowRight,,,,,,,,,,,,,,,ArrowLeft,,,,,,,ArrowLeft,,ArrowRight,,,,ArrowLeft,,,,,,,,,,,,,,,ArrowLeft,ArrowLeft,,,ArrowLeft,,,,ArrowRight,,,,,,,,ArrowLeft,,ArrowLeft,,,,ArrowRight,,,ArrowRight,ArrowRight,ArrowRight,ArrowRight,ArrowRight,ArrowRight,ArrowRight,ArrowRight,ArrowLeft,ArrowLeft,ArrowLeft,ArrowLeft,ArrowRight,ArrowRight,ArrowRight,ArrowRight,ArrowRight,ArrowRight,ArrowLeft,ArrowRight,ArrowLeft,ArrowLeft,ArrowLeft,ArrowLeft,ArrowRight,ArrowRight,ArrowRight,ArrowRight,ArrowLeft,ArrowLeft,ArrowLeft,ArrowLeft,ArrowRight,ArrowRight,ArrowRight,ArrowRight,ArrowRight,ArrowRight,ArrowRight,ArrowRight,ArrowRight,ArrowRight,ArrowLeft,ArrowLeft,ArrowLeft,ArrowLeft,ArrowLeft,ArrowLeft,ArrowRight,ArrowLeft,ArrowRight,ArrowRight,ArrowRight,ArrowRight,ArrowLeft,ArrowRight,ArrowLeft,ArrowLeft,ArrowLeft,ArrowLeft,ArrowLeft,ArrowLeft,ArrowRight,ArrowRight,ArrowRight,ArrowRight,ArrowRight,ArrowRight,ArrowLeft,ArrowLeft,ArrowLeft,ArrowLeft,ArrowLeft,ArrowLeft,ArrowRight,ArrowRight,ArrowRight,ArrowLeft,ArrowRight,ArrowLeft,ArrowRight,ArrowRight,ArrowLeft,ArrowLeft,ArrowLeft,ArrowLeft,ArrowLeft,ArrowLeft,Deciding which posts I might share,,1,3,1,2,1,2,4,4,1,1,1,1,1,2,1,3,7,4,7,6,7,4,6,6,1,1,2,2,2,3,2,2,1,1,2,3,7,6,6,6,7,4,7,5,7,7,7,5,1,1,1,1,1,1,1,1,7,4,7,6,7,7,5,5,1,1,1,2,1,1,1,3,2,2,3,4,1,2,1,1,4,4,4,4,6,5,5,4,7,7,6,6,6,6,6,6,2,2,5,5,2,2,4,4,1,3,1,1,6,6,2,2,7,7,7,6,6,4,7,6,6,6,7,7,1,1,1,2,1,1,2,3,1,2,2,2,7,6,6,6,7,5,7,6,7,6,7,7,1,2,1,3,7,7,7,7,1,1,6,6,1,1,2,2,7,5,7,6,7,5,7,6,7,6,7,7
2d493bf5-ab12-484f-ad32-e92243658519,b90571fb-f956-4b24-98ce-ac11fc99f206,2026-09-21 20:40:37,2026-09-21 21:05:25,1487,Completed,Desktop,en-US,6a00b4ed3cd71b1ae582fbdf,21,female,Instagram,,ArrowRight,ArrowRight,ArrowRight,ArrowLeft,ArrowRight,ArrowRight,ArrowRight,ArrowRight,ArrowRight,ArrowLeft,ArrowLeft,ArrowLeft,ArrowRight,ArrowLeft,ArrowRight,ArrowRight,ArrowRight,ArrowRight,ArrowLeft,ArrowRight,ArrowRight,ArrowRight,ArrowLeft,ArrowRight,ArrowLeft,ArrowLeft,ArrowRight,ArrowLeft,ArrowLeft,ArrowLeft,ArrowLeft,ArrowLeft,ArrowRight,ArrowRight,ArrowRight,ArrowRight,ArrowRight,ArrowRight,ArrowRight,ArrowRight,ArrowLeft,ArrowRight,ArrowRight,ArrowLeft,ArrowLeft,ArrowRight,ArrowLeft,ArrowLeft,ArrowRight,ArrowRight,ArrowRight,ArrowRight,ArrowLeft,ArrowLeft,ArrowLeft,ArrowLeft,ArrowRight,ArrowRight,ArrowRight,ArrowRight,ArrowRight,ArrowRight,ArrowLeft,ArrowLeft,ArrowRight,ArrowLeft,ArrowRight,ArrowLeft,ArrowLeft,ArrowLeft,ArrowLeft,ArrowLeft,ArrowLeft,ArrowRight,ArrowRight,ArrowRight,ArrowLeft,ArrowLeft,ArrowRight,ArrowRight,ArrowRight,ArrowLeft,ArrowLeft,ArrowRight,ArrowLeft,ArrowLeft,ArrowRight,ArrowRight,,,,,,,,,,,,,,,,,,,,,,,,,,,,,,,,,,,,,,,,,,,,,,,,,,,,,,,,,,,,,,,,,,,,,,,,,,,,,,,,,,,,,,,,,Learning about the views people hold on these issues,,3,2,2,2,4,3,6,5,2,3,3,2,2,2,2,2,6,7,6,5,6,6,5,6,3,2,4,3,2,2,3,2,2,3,3,2,5,4,3,5,4,5,3,5,4,5,3,2,5,4,5,5,6,4,6,7,6,6,6,7,5,6,6,6,2,2,3,2,2,1,2,2,1,1,2,1,1,1,1,1,5,4,7,7,6,7,7,7,7,7,6,7,7,7,6,6,3,2,4,5,2,2,2,2,5,4,6,5,6,7,4,3,4,5,4,5,4,4,4,5,7,7,6,7,6,4,5,3,4,4,5,4,3,2,4,3,3,2,5,6,3,4,5,6,3,2,5,5,5,4,6,4,4,5,6,6,5,4,2,3,4,3,4,3,3,4,6,7,3,2,7,6,4,5,3,2
099f3914-a999-47f5-bb72-782be395371c,8ac44c5c-b3e3-4ae4-b7e8-1e25f9b501ce,2026-09-21 20:40:50,,,In progress,Desktop,en-US,69fc9caf919259964b50b4cf,,,,,,,,,,,,,,,,,,,,,,,,,,,,,,,,,,,,,,,,,,,,,,,,,,,,,,,,,,,,,,,,,,,,,,,,,,,,,,,,,,,,,,,,,,,,,,,,,,,,,,,,,,,,,,,,,,,,,,,,,,,,,,,,,,,,,,,,,,,,,,,,,,,,,,,,,,,,,,,,,,,,,,,,,,,,,,,,,,,,,,,,,,,,,,,,,,,,,,,,,,,,,,,,,,,,,,,,,,,,,,,,,,,,,,,,,,,,,,,,,,,,,,,,,,,,,,,,,,,,,,,,,,,,,,,,,,,,,,,,,,,,,,,,,,,,,,,,,,,,,,,,,,,,,,,,,,,,,,,,,,,,,,,,,,,,,,,,,,,,,,,,,,,,,,,,,,,,,,
bb5ed826-6d9d-41fd-92b6-c27e7d10a9e9,de37c00c-e590-4670-bd5f-91cbdd4b2024,2026-09-21 20:42:28,,,In progress,Desktop,en-US,663e251d0e5b9e5b42d5c0d6,,,,,,,,,,,,,,,,,,,,,,,,,,,,,,,,,,,,,,,,,,,,,,,,,,,,,,,,,,,,,,,,,,,,,,,,,,,,,,,,,,,,,,,,,,,,,,,,,,,,,,,,,,,,,,,,,,,,,,,,,,,,,,,,,,,,,,,,,,,,,,,,,,,,,,,,,,,,,,,,,,,,,,,,,,,,,,,,,,,,,,,,,,,,,,,,,,,,,,,,,,,,,,,,,,,,,,,,,,,,,,,,,,,,,,,,,,,,,,,,,,,,,,,,,,,,,,,,,,,,,,,,,,,,,,,,,,,,,,,,,,,,,,,,,,,,,,,,,,,,,,,,,,,,,,,,,,,,,,,,,,,,,,,,,,,,,,,,,,,,,,,,,,,,,,,,,,,,,,
2c0df503-a24d-4a40-9c78-518c96bf27b4,b8c89392-0e45-4297-ab15-788805de8491,2026-09-21 20:44:37,,,In progress,Desktop,en-US,66972894d172f629fc01d988,45,Male,Facebook,,,,,,,,,,,,,,,,,,,,,,,,,,,,,,,,,,,,,,,,,,,,,,,,,,,,,,,,,,,,,,,,,,,,,,,,,,,,,,,,,,,,,,,,,,,,,,,,,,,,,,,,,,,,,,,,,,,,,,,,,,,,,,,,,,,,,,,,,,,,,,,,,,,,,,,,,,,,,,,,,,,,,,,,,,,,,,,,,,,,,,,,,,,,,,,,,,,,,,,,,,,,,,,,,,,,,,,,,,,,,,,,,,,,,,,,,,,,,,,,,,,,,,,,,,,,,,,,,,,,,,,,,,,,,,,,,,,,,,,,,,,,,,,,,,,,,,,,,,,,,,,,,,,,,,,,,,,,,,,,,,,,,,,,,,,,,,,,,,,,,,,,,,,,,,,,,,,
4a3fe193-f8c9-4596-87fa-138443acd5a5,c986b1f5-d2e2-4d34-b528-d88328e3dfcd,2026-09-21 20:45:39,2026-09-21 21:04:47,1147,Completed,Desktop,en-US,608e1375abb967e6241b6e33,42,Female,Facebook,,ArrowRight,ArrowRight,ArrowRight,ArrowLeft,ArrowRight,ArrowRight,ArrowRight,ArrowRight,ArrowRight,ArrowLeft,ArrowLeft,ArrowLeft,ArrowRight,ArrowRight,ArrowRight,ArrowRight,ArrowRight,ArrowRight,ArrowLeft,ArrowLeft,ArrowRight,ArrowRight,ArrowRight,ArrowRight,ArrowRight,ArrowRight,ArrowRight,ArrowLeft,ArrowLeft,ArrowLeft,ArrowLeft,ArrowLeft,ArrowRight,ArrowRight,ArrowRight,ArrowRight,ArrowRight,ArrowRight,ArrowRight,ArrowRight,ArrowRight,ArrowRight,ArrowLeft,ArrowLeft,ArrowRight,ArrowLeft,ArrowLeft,ArrowRight,ArrowRight,ArrowLeft,ArrowRight,ArrowRight,ArrowRight,ArrowRight,ArrowRight,ArrowRight,ArrowLeft,ArrowRight,ArrowLeft,ArrowRight,ArrowLeft,ArrowLeft,ArrowRight,ArrowLeft,ArrowRight,ArrowLeft,ArrowRight,ArrowLeft,ArrowRight,ArrowLeft,ArrowRight,ArrowLeft,ArrowLeft,ArrowLeft,ArrowLeft,ArrowRight,ArrowRight,ArrowLeft,ArrowRight,ArrowRight,ArrowRight,ArrowRight,ArrowLeft,ArrowLeft,ArrowLeft,ArrowLeft,ArrowRight,ArrowRight,,,,,,,,,,,,,,,,,,,,,,,,,,,,,,,,,,,,,,,,,,,,,,,,,,,,,,,,,,,,,,,,,,,,,,,,,,,,,,,,,,,,,,,,,Deciding which posts I might share,,1,1,1,1,1,1,6,6,1,1,1,1,1,1,1,1,6,6,6,6,6,6,6,6,5,2,5,5,2,2,6,6,1,1,2,2,7,7,6,6,6,6,5,5,6,6,2,2,2,2,3,2,2,2,5,2,7,7,7,7,7,7,7,7,1,1,1,1,1,1,1,1,1,1,1,1,1,1,1,1,5,5,5,5,7,7,6,7,6,6,6,6,7,7,6,6,3,2,6,6,5,2,3,3,2,2,2,2,7,7,2,2,7,7,6,6,7,7,7,7,7,7,7,7,1,1,1,1,1,1,6,6,1,1,6,6,7,7,4,4,7,7,7,7,7,7,7,7,1,1,1,1,7,7,7,7,1,1,2,2,1,1,5,5,6,6,7,7,7,7,7,7,7,7,7,7
1a858dba-0896-47c7-84b6-50ece1a2d993,8c7dc88e-12bd-43f7-b37e-8aeb8bd817aa,2026-09-21 20:47:19,2026-09-21 21:07:42,1222,Completed,Desktop,en-US,672980e9cb667a34695393ae,35,Female,Facebook,,,,,,,,,,,,,,,,,,,,,,,,,,,,,,,,,,,,,,,,,,,,,,,,,,,,,,,,,,,,,,,,,,,,,,,,,,,,,,,,,,,,,,,,,,ArrowRight,ArrowRight,ArrowRight,ArrowRight,ArrowRight,ArrowRight,ArrowRight,ArrowRight,ArrowRight,ArrowLeft,ArrowLeft,ArrowLeft,ArrowRight,ArrowRight,ArrowRight,ArrowRight,ArrowRight,ArrowRight,ArrowLeft,ArrowRight,ArrowRight,ArrowLeft,ArrowLeft,ArrowRight,ArrowRight,ArrowRight,ArrowRight,ArrowRight,ArrowRight,ArrowLeft,ArrowRight,ArrowLeft,ArrowRight,ArrowRight,ArrowRight,ArrowRight,ArrowRight,ArrowRight,ArrowRight,ArrowRight,ArrowRight,ArrowRight,ArrowRight,ArrowRight,ArrowLeft,ArrowRight,ArrowLeft,ArrowLeft,ArrowRight,ArrowLeft,ArrowRight,ArrowRight,ArrowRight,ArrowRight,ArrowRight,ArrowRight,ArrowLeft,ArrowLeft,ArrowRight,ArrowRight,ArrowLeft,ArrowLeft,ArrowRight,ArrowRight,ArrowRight,ArrowRight,ArrowRight,ArrowRight,ArrowRight,ArrowLeft,ArrowRight,ArrowLeft,ArrowLeft,ArrowLeft,ArrowRight,ArrowRight,ArrowRight,ArrowLeft,ArrowRight,ArrowRight,ArrowRight,ArrowRight,ArrowRight,ArrowLeft,ArrowRight,ArrowLeft,ArrowLeft,ArrowLeft,Deciding which posts I might share,,1,1,1,1,1,1,4,4,2,2,1,1,1,1,1,1,5,5,7,7,5,5,7,7,1,1,2,2,1,1,1,1,2,2,1,1,7,7,4,4,3,3,7,7,7,7,5,5,1,1,1,1,1,1,2,2,2,2,7,6,5,5,7,6,1,1,1,1,1,1,1,1,1,1,1,1,1,1,1,1,5,5,5,5,6,6,4,4,6,6,5,5,6,6,6,6,1,1,5,5,1,1,1,1,1,1,1,1,4,4,1,1,4,4,7,7,7,7,7,7,7,7,6,6,1,1,1,1,1,1,4,4,1,1,2,2,2,2,6,6,5,5,6,6,5,5,7,7,1,1,1,1,3,3,6,6,3,3,3,3,1,1,1,1,2,2,7,7,1,1,6,6,7,7,7,7
7c4c998d-6b06-488c-9ae8-7386b7114810,4971746b-6087-40a9-ae56-bfca7dfbeecf,2026-09-21 20:51:02,,,In progress,Desktop,en-US,69fc35c35e1cc29def1188f0,,,,,,,,,,,,,,,,,,,,,,,,,,,,,,,,,,,,,,,,,,,,,,,,,,,,,,,,,,,,,,,,,,,,,,,,,,,,,,,,,,,,,,,,,,,,,,,,,,,,,,,,,,,,,,,,,,,,,,,,,,,,,,,,,,,,,,,,,,,,,,,,,,,,,,,,,,,,,,,,,,,,,,,,,,,,,,,,,,,,,,,,,,,,,,,,,,,,,,,,,,,,,,,,,,,,,,,,,,,,,,,,,,,,,,,,,,,,,,,,,,,,,,,,,,,,,,,,,,,,,,,,,,,,,,,,,,,,,,,,,,,,,,,,,,,,,,,,,,,,,,,,,,,,,,,,,,,,,,,,,,,,,,,,,,,,,,,,,,,,,,,,,,,,,,,,,,,,,,
6bfaff9e-74c1-4740-b506-e9c3fb7d2bb9,f19d5164-4712-4380-9c7e-5fb3e98914b9,2026-09-21 20:51:55,,,In progress,Desktop,en-US,6980f3a83ded0a58f36a46c6,,,,,,,,,,,,,,,,,,,,,,,,,,,,,,,,,,,,,,,,,,,,,,,,,,,,,,,,,,,,,,,,,,,,,,,,,,,,,,,,,,,,,,,,,,,,,,,,,,,,,,,,,,,,,,,,,,,,,,,,,,,,,,,,,,,,,,,,,,,,,,,,,,,,,,,,,,,,,,,,,,,,,,,,,,,,,,,,,,,,,,,,,,,,,,,,,,,,,,,,,,,,,,,,,,,,,,,,,,,,,,,,,,,,,,,,,,,,,,,,,,,,,,,,,,,,,,,,,,,,,,,,,,,,,,,,,,,,,,,,,,,,,,,,,,,,,,,,,,,,,,,,,,,,,,,,,,,,,,,,,,,,,,,,,,,,,,,,,,,,,,,,,,,,,,,,,,,,,,
3c5e92f3-91f1-46c0-897c-7742c30a5750,87446bd5-a36d-47e8-94c7-6916509934a2,2026-09-21 20:53:47,,,In progress,Tablet,en-US,678f46cd0f21903076471f34,,,,,,,,,,,,,,,,,,,,,,,,,,,,,,,,,,,,,,,,,,,,,,,,,,,,,,,,,,,,,,,,,,,,,,,,,,,,,,,,,,,,,,,,,,,,,,,,,,,,,,,,,,,,,,,,,,,,,,,,,,,,,,,,,,,,,,,,,,,,,,,,,,,,,,,,,,,,,,,,,,,,,,,,,,,,,,,,,,,,,,,,,,,,,,,,,,,,,,,,,,,,,,,,,,,,,,,,,,,,,,,,,,,,,,,,,,,,,,,,,,,,,,,,,,,,,,,,,,,,,,,,,,,,,,,,,,,,,,,,,,,,,,,,,,,,,,,,,,,,,,,,,,,,,,,,,,,,,,,,,,,,,,,,,,,,,,,,,,,,,,,,,,,,,,,,,,,,,,
7b848296-853b-4b3c-97b3-02f9862dfe84,e3743713-0d8c-43a8-8b23-83623bdf94df,2026-09-21 20:57:04,2026-09-21 21:22:41,1537,Completed,Desktop,en-US,60f32eb8d0fa43b7850ae16b,42,female,X (formerly Twitter),,,,,,,,,,,,,,,,,,,,,,,,,,,,,,,,,,,,,,,,,,,,,,,,,,,,,,,,,,,,,,,,,,,,,,,,,,,,,,,,,,,,,,,,,,ArrowLeft,ArrowRight,ArrowRight,ArrowLeft,ArrowRight,ArrowRight,ArrowRight,ArrowRight,ArrowRight,ArrowLeft,ArrowRight,ArrowLeft,ArrowRight,ArrowRight,ArrowRight,ArrowRight,ArrowLeft,ArrowLeft,ArrowRight,ArrowRight,ArrowRight,ArrowRight,ArrowRight,ArrowRight,ArrowRight,ArrowRight,ArrowRight,ArrowRight,ArrowRight,ArrowRight,ArrowRight,ArrowRight,ArrowRight,ArrowRight,ArrowRight,ArrowRight,ArrowRight,ArrowRight,ArrowRight,ArrowLeft,ArrowRight,ArrowRight,ArrowRight,ArrowRight,ArrowLeft,ArrowRight,ArrowRight,ArrowLeft,ArrowLeft,ArrowRight,ArrowRight,ArrowRight,ArrowRight,ArrowRight,ArrowRight,ArrowRight,ArrowRight,ArrowRight,ArrowRight,ArrowRight,ArrowRight,ArrowLeft,ArrowRight,ArrowRight,ArrowRight,ArrowLeft,ArrowRight,ArrowLeft,ArrowRight,ArrowLeft,ArrowRight,ArrowRight,ArrowLeft,ArrowRight,ArrowRight,ArrowLeft,ArrowRight,ArrowLeft,ArrowRight,ArrowLeft,ArrowLeft,ArrowLeft,ArrowRight,ArrowRight,ArrowRight,ArrowLeft,ArrowRight,ArrowRight,Deciding which posts I might share,,5,2,6,2,6,2,4,4,4,3,5,2,6,3,6,2,2,2,6,6,4,4,6,6,4,4,4,4,4,4,4,4,3,2,3,2,4,6,4,4,4,3,4,4,4,4,4,4,6,4,6,3,4,4,2,1,2,4,5,6,3,7,4,4,2,1,6,4,4,4,4,4,2,5,2,2,3,1,6,6,2,4,2,1,3,3,4,5,6,6,6,6,6,4,6,7,3,2,4,4,6,7,2,2,4,4,6,3,4,2,4,4,2,4,2,4,4,4,4,4,4,4,4,4,4,1,4,4,3,2,3,1,4,4,3,3,4,4,4,4,1,2,2,6,3,6,5,6,4,4,5,2,4,4,6,7,2,2,6,5,2,2,4,4,2,2,4,4,2,3,4,7,2,6,3,5
08568849-47ae-4f50-aaf6-fee8bf146574,4c1ac8db-2f5c-4da0-aa72-e44906579aed,2026-09-21 20:58:29,,,In progress,Desktop,en-US,6658d3573e5b27b22f1a64c1,,,,,,,,,,,,,,,,,,,,,,,,,,,,,,,,,,,,,,,,,,,,,,,,,,,,,,,,,,,,,,,,,,,,,,,,,,,,,,,,,,,,,,,,,,,,,,,,,,,,,,,,,,,,,,,,,,,,,,,,,,,,,,,,,,,,,,,,,,,,,,,,,,,,,,,,,,,,,,,,,,,,,,,,,,,,,,,,,,,,,,,,,,,,,,,,,,,,,,,,,,,,,,,,,,,,,,,,,,,,,,,,,,,,,,,,,,,,,,,,,,,,,,,,,,,,,,,,,,,,,,,,,,,,,,,,,,,,,,,,,,,,,,,,,,,,,,,,,,,,,,,,,,,,,,,,,,,,,,,,,,,,,,,,,,,,,,,,,,,,,,,,,,,,,,,,,,,,,,
853d5a68-e0e4-46fd-bd47-4dc78edcb1cd,d627358e-f356-47bc-b7fc-1d6febf501a4,2026-09-21 21:02:08,2026-09-21 21:34:42,1953,Completed,Desktop,en,69c588bfea2f0214d7ceeb28,56,female,Facebook,,ArrowRight,ArrowRight,ArrowRight,ArrowRight,ArrowRight,ArrowRight,ArrowRight,ArrowRight,ArrowRight,ArrowRight,ArrowRight,ArrowRight,ArrowRight,ArrowRight,ArrowRight,ArrowRight,ArrowRight,ArrowRight,ArrowRight,ArrowRight,ArrowRight,ArrowRight,ArrowRight,ArrowRight,ArrowRight,ArrowRight,ArrowRight,ArrowRight,ArrowRight,ArrowRight,ArrowRight,ArrowRight,ArrowRight,ArrowRight,ArrowRight,ArrowRight,ArrowRight,ArrowRight,ArrowRight,ArrowRight,ArrowRight,ArrowRight,ArrowRight,ArrowRight,ArrowRight,ArrowRight,ArrowRight,ArrowRight,ArrowLeft,ArrowRight,ArrowRight,ArrowRight,ArrowRight,ArrowRight,ArrowRight,ArrowLeft,ArrowRight,ArrowRight,ArrowRight,ArrowRight,ArrowRight,ArrowRight,ArrowRight,ArrowRight,ArrowRight,ArrowRight,ArrowRight,ArrowRight,ArrowRight,ArrowRight,ArrowRight,ArrowRight,ArrowRight,ArrowRight,ArrowRight,ArrowRight,ArrowRight,ArrowRight,ArrowRight,ArrowRight,ArrowRight,ArrowRight,ArrowRight,ArrowRight,ArrowRight,ArrowRight,ArrowRight,ArrowRight,,,,,,,,,,,,,,,,,,,,,,,,,,,,,,,,,,,,,,,,,,,,,,,,,,,,,,,,,,,,,,,,,,,,,,,,,,,,,,,,,,,,,,,,,Deciding which posts I might share,,2,2,4,4,4,4,3,3,4,4,4,4,2,2,2,2,3,3,3,3,4,4,4,4,4,4,2,2,4,4,4,4,4,4,4,4,2,2,2,2,5,5,4,4,4,4,4,4,5,5,5,5,5,5,5,5,3,3,2,2,4,4,2,2,4,4,4,4,4,4,3,3,3,3,4,4,4,4,2,2,2,2,4,4,3,3,2,2,4,4,2,2,4,4,4,4,4,4,4,4,5,5,5,5,5,5,4,4,4,4,4,4,2,2,4,4,2,2,3,3,2,2,2,2,4,4,5,5,2,2,2,2,5,5,4,4,2,2,4,4,2,2,4,4,4,4,4,4,5,5,4,4,2,2,2,2,4,4,4,4,4,4,2,2,4,4,4,4,4,4,4,4,2,2,2,2
4de29353-873f-4c45-9e26-64a9e0514758,25028207-a2f5-42bd-a288-4fd036bda5d2,2026-09-21 21:02:13,,,In progress,Desktop,en-US,69a9fca6a1d845aa2c4b1e11,,,,,,,,,,,,,,,,,,,,,,,,,,,,,,,,,,,,,,,,,,,,,,,,,,,,,,,,,,,,,,,,,,,,,,,,,,,,,,,,,,,,,,,,,,,,,,,,,,,,,,,,,,,,,,,,,,,,,,,,,,,,,,,,,,,,,,,,,,,,,,,,,,,,,,,,,,,,,,,,,,,,,,,,,,,,,,,,,,,,,,,,,,,,,,,,,,,,,,,,,,,,,,,,,,,,,,,,,,,,,,,,,,,,,,,,,,,,,,,,,,,,,,,,,,,,,,,,,,,,,,,,,,,,,,,,,,,,,,,,,,,,,,,,,,,,,,,,,,,,,,,,,,,,,,,,,,,,,,,,,,,,,,,,,,,,,,,,,,,,,,,,,,,,,,,,,,,,,,
ccc28f2e-71ca-4f40-bf70-edf52605ebca,7e0fbbeb-609f-46c7-827d-33caf18b8948,2026-09-21 21:02:24,,,In progress,Desktop,en-US,66c003d8dcb57b6919043132,,,,,,,,,,,,,,,,,,,,,,,,,,,,,,,,,,,,,,,,,,,,,,,,,,,,,,,,,,,,,,,,,,,,,,,,,,,,,,,,,,,,,,,,,,,,,,,,,,,,,,,,,,,,,,,,,,,,,,,,,,,,,,,,,,,,,,,,,,,,,,,,,,,,,,,,,,,,,,,,,,,,,,,,,,,,,,,,,,,,,,,,,,,,,,,,,,,,,,,,,,,,,,,,,,,,,,,,,,,,,,,,,,,,,,,,,,,,,,,,,,,,,,,,,,,,,,,,,,,,,,,,,,,,,,,,,,,,,,,,,,,,,,,,,,,,,,,,,,,,,,,,,,,,,,,,,,,,,,,,,,,,,,,,,,,,,,,,,,,,,,,,,,,,,,,,,,,,,,
3261151e-168c-4fb2-a29d-61d07273d095,8bcf251e-5201-4942-9726-cde02ac72b91,2026-09-21 21:02:37,,,In progress,Desktop,en-US,69f923c5393031a021a63e6d,,,,,,,,,,,,,,,,,,,,,,,,,,,,,,,,,,,,,,,,,,,,,,,,,,,,,,,,,,,,,,,,,,,,,,,,,,,,,,,,,,,,,,,,,,,,,,,,,,,,,,,,,,,,,,,,,,,,,,,,,,,,,,,,,,,,,,,,,,,,,,,,,,,,,,,,,,,,,,,,,,,,,,,,,,,,,,,,,,,,,,,,,,,,,,,,,,,,,,,,,,,,,,,,,,,,,,,,,,,,,,,,,,,,,,,,,,,,,,,,,,,,,,,,,,,,,,,,,,,,,,,,,,,,,,,,,,,,,,,,,,,,,,,,,,,,,,,,,,,,,,,,,,,,,,,,,,,,,,,,,,,,,,,,,,,,,,,,,,,,,,,,,,,,,,,,,,,,,,
ad5d1bcf-65a1-4ec3-a94d-ec86dedcdcaf,41ed767b-d96a-4041-a64d-ea0589362fd1,2026-09-21 21:04:11,2026-09-21 21:49:13,2701,Completed,Desktop,en-US,615cc1ae57d01b89b641b9e8,"35
",female,Instagram,,,,,,,,,,,,,,,,,,,,,,,,,,,,,,,,,,,,,,,,,,,,,,,,,,,,,,,,,,,,,,,,,,,,,,,,,,,,,,,,,,,,,,,,,,ArrowRight,ArrowRight,ArrowRight,ArrowRight,ArrowRight,ArrowRight,ArrowRight,ArrowRight,ArrowLeft,ArrowLeft,ArrowRight,ArrowRight,ArrowRight,ArrowRight,ArrowRight,ArrowRight,ArrowRight,ArrowRight,ArrowLeft,ArrowRight,ArrowRight,ArrowRight,ArrowRight,ArrowRight,ArrowLeft,ArrowLeft,ArrowRight,ArrowRight,ArrowRight,ArrowRight,ArrowRight,ArrowRight,ArrowRight,ArrowRight,ArrowRight,ArrowLeft,ArrowRight,ArrowRight,ArrowRight,ArrowRight,ArrowRight,ArrowRight,ArrowRight,ArrowLeft,ArrowRight,ArrowRight,ArrowRight,ArrowRight,ArrowRight,ArrowRight,ArrowRight,ArrowRight,ArrowRight,ArrowRight,ArrowRight,ArrowRight,ArrowRight,ArrowRight,ArrowRight,ArrowRight,ArrowLeft,ArrowLeft,ArrowRight,ArrowRight,ArrowRight,ArrowRight,ArrowRight,ArrowLeft,ArrowRight,ArrowLeft,ArrowRight,ArrowRight,ArrowRight,ArrowRight,ArrowRight,ArrowRight,ArrowRight,ArrowLeft,ArrowRight,ArrowLeft,ArrowRight,ArrowLeft,ArrowRight,ArrowRight,ArrowRight,ArrowLeft,ArrowRight,ArrowRight,Deciding which posts I might share,,1,6,1,5,1,5,7,7,2,5,2,6,1,5,2,5,7,3,7,3,6,3,6,4,1,3,6,2,5,7,2,5,1,4,1,3,7,3,5,4,3,2,3,5,6,4,5,2,2,2,6,3,3,2,3,6,2,2,5,5,3,3,3,3,2,3,5,5,2,2,5,5,5,5,5,4,3,5,2,3,3,4,6,2,4,4,6,4,6,5,5,5,4,5,5,5,3,1,5,6,4,4,4,3,4,4,2,2,4,4,5,2,4,4,3,2,3,1,6,5,6,6,7,5,2,5,2,2,1,3,1,4,1,1,6,2,5,4,6,2,5,2,7,3,5,3,6,5,2,6,5,5,5,3,7,6,2,6,7,6,1,2,2,5,2,1,6,5,3,2,7,4,6,3,6,4
08b36d86-8d51-4f18-9bf4-9415de179f0c,abf27d8f-6521-4b7e-858b-b959ccb3c1d8,2026-09-21 21:06:43,,,In progress,Desktop,en-US,69f66f11b618df60a55bde9f,,,,,,,,,,,,,,,,,,,,,,,,,,,,,,,,,,,,,,,,,,,,,,,,,,,,,,,,,,,,,,,,,,,,,,,,,,,,,,,,,,,,,,,,,,,,,,,,,,,,,,,,,,,,,,,,,,,,,,,,,,,,,,,,,,,,,,,,,,,,,,,,,,,,,,,,,,,,,,,,,,,,,,,,,,,,,,,,,,,,,,,,,,,,,,,,,,,,,,,,,,,,,,,,,,,,,,,,,,,,,,,,,,,,,,,,,,,,,,,,,,,,,,,,,,,,,,,,,,,,,,,,,,,,,,,,,,,,,,,,,,,,,,,,,,,,,,,,,,,,,,,,,,,,,,,,,,,,,,,,,,,,,,,,,,,,,,,,,,,,,,,,,,,,,,,,,,,,,,
4626932d-41cf-4ff9-b58a-e103a3664d45,437f43cf-a76e-46bb-9b39-393aca0fecad,2026-09-21 21:11:49,,,In progress,Desktop,en-US,69cd93bad008552cebc34a1a,30,Female,Facebook,,,,,,,,,,,,,,,,,,,,,,,,,,,,,,,,,,,,,,,,,,,,,,,,,,,,,,,,,,,,,,,,,,,,,,,,,,,,,,,,,,,,,,,,,,,,,,,,,,,,,,,,,,,,,,,,,,,,,,,,,,,,,,,,,,,,,,,,,,,,,,,,,,,,,,,,,,,,,,,,,,,,,,,,,,,,,,,,,,,,,,,,,,,,,,,,,,,,,,,,,,,,,,,,,,,,,,,,,,,,,,,,,,,,,,,,,,,,,,,,,,,,,,,,,,,,,,,,,,,,,,,,,,,,,,,,,,,,,,,,,,,,,,,,,,,,,,,,,,,,,,,,,,,,,,,,,,,,,,,,,,,,,,,,,,,,,,,,,,,,,,,,,,,,,,,,,,,
423b3a0f-5746-485f-99c7-74daafab9553,e6a7a7ff-b690-40bd-958d-2cb48b617e71,2026-09-21 21:12:33,2026-09-21 21:31:06,1112,Completed,Desktop,en-US,663f97b1c419e64ec9a4db48,28,Female,Instagram,,,,,,,,,,,,,,,,,,,,,,,,,,,,,,,,,,,,,,,,,,,,,,,,,,,,,,,,,,,,,,,,,,,,,,,,,,,,,,,,,,,,,,,,,,ArrowRight,ArrowRight,ArrowRight,ArrowRight,ArrowRight,ArrowRight,ArrowRight,ArrowRight,ArrowLeft,ArrowLeft,ArrowLeft,ArrowLeft,ArrowRight,ArrowRight,ArrowRight,ArrowRight,ArrowRight,ArrowRight,ArrowLeft,ArrowRight,ArrowLeft,ArrowLeft,ArrowRight,ArrowRight,ArrowRight,ArrowRight,ArrowRight,ArrowRight,ArrowLeft,ArrowLeft,ArrowLeft,ArrowLeft,ArrowRight,ArrowRight,ArrowRight,ArrowRight,ArrowRight,ArrowRight,ArrowRight,ArrowRight,ArrowRight,ArrowLeft,ArrowRight,ArrowLeft,ArrowLeft,ArrowLeft,ArrowLeft,ArrowLeft,ArrowRight,ArrowRight,ArrowRight,ArrowRight,ArrowRight,ArrowRight,ArrowRight,ArrowRight,ArrowLeft,ArrowLeft,ArrowLeft,ArrowLeft,ArrowLeft,ArrowRight,ArrowRight,ArrowRight,ArrowRight,ArrowRight,ArrowRight,ArrowRight,ArrowLeft,ArrowLeft,ArrowLeft,ArrowLeft,ArrowLeft,ArrowLeft,ArrowRight,ArrowRight,ArrowLeft,ArrowLeft,ArrowRight,ArrowLeft,ArrowRight,ArrowRight,ArrowLeft,ArrowLeft,ArrowLeft,ArrowLeft,ArrowLeft,ArrowLeft,Learning about the views people hold on these issues,,1,1,1,1,1,1,4,4,1,1,1,1,1,1,1,1,6,6,7,7,7,7,6,6,2,2,4,4,2,2,4,4,2,2,2,2,7,7,5,5,6,6,6,6,7,7,5,5,1,1,1,1,1,1,3,3,7,7,7,7,6,6,7,7,1,1,2,2,1,1,1,1,2,2,2,2,2,2,1,1,5,5,6,6,6,6,6,6,7,7,6,6,7,7,6,6,2,2,2,2,2,2,2,2,2,2,1,1,4,4,1,1,5,5,7,7,6,6,7,7,6,6,4,4,1,1,1,1,2,2,3,3,1,1,2,2,6,6,3,3,7,7,6,6,7,7,7,7,1,1,1,1,6,6,7,7,3,3,5,5,1,1,4,4,6,6,7,7,7,7,7,7,6,6,7,7
96330773-c0b2-4acd-90f2-0845a72d9514,a9b00ead-3ead-442f-bc17-f381c1c97a3b,2026-09-21 21:13:26,,,In progress,Desktop,en-US,5d49a0b751695e0001a188a8,62,female,Facebook,,,,,,,,,,,,,,,,,,,,,,,,,,,,,,,,,,,,,,,,,,,,,,,,,,,,,,,,,,,,,,,,,,,,,,,,,,,,,,,,,,,,,,,,,,,,,,,,,,,,,,,,,,,,,,,,,,,,,,,,,,,,,,,,,,,,,,,,,,,,,,,,,,,,,,,,,,,,,,,,,,,,,,,,,,,,,,,,,,,,,,,,,,,,,,,,,,,,,,,,,,,,,,,,,,,,,,,,,,,,,,,,,,,,,,,,,,,,,,,,,,,,,,,,,,,,,,,,,,,,,,,,,,,,,,,,,,,,,,,,,,,,,,,,,,,,,,,,,,,,,,,,,,,,,,,,,,,,,,,,,,,,,,,,,,,,,,,,,,,,,,,,,,,,,,,,,,,
d6f16144-92e8-4537-93b3-9233e6b1a242,69b08373-4ff1-4193-9e01-e83f053aad30,2026-09-21 21:13:55,,,In progress,Desktop,en-US,69970eba9fbd28ba4a2fe706,,,,,,,,,,,,,,,,,,,,,,,,,,,,,,,,,,,,,,,,,,,,,,,,,,,,,,,,,,,,,,,,,,,,,,,,,,,,,,,,,,,,,,,,,,,,,,,,,,,,,,,,,,,,,,,,,,,,,,,,,,,,,,,,,,,,,,,,,,,,,,,,,,,,,,,,,,,,,,,,,,,,,,,,,,,,,,,,,,,,,,,,,,,,,,,,,,,,,,,,,,,,,,,,,,,,,,,,,,,,,,,,,,,,,,,,,,,,,,,,,,,,,,,,,,,,,,,,,,,,,,,,,,,,,,,,,,,,,,,,,,,,,,,,,,,,,,,,,,,,,,,,,,,,,,,,,,,,,,,,,,,,,,,,,,,,,,,,,,,,,,,,,,,,,,,,,,,,,,
8b91750c-a872-44af-aa5a-40f883673a1a,0826c83e-b040-4ed6-8c2d-56f21f8bd628,2026-09-21 21:14:27,,,In progress,Desktop,en-US,5fec06ae197628d566cdc782,,,,,,,,,,,,,,,,,,,,,,,,,,,,,,,,,,,,,,,,,,,,,,,,,,,,,,,,,,,,,,,,,,,,,,,,,,,,,,,,,,,,,,,,,,,,,,,,,,,,,,,,,,,,,,,,,,,,,,,,,,,,,,,,,,,,,,,,,,,,,,,,,,,,,,,,,,,,,,,,,,,,,,,,,,,,,,,,,,,,,,,,,,,,,,,,,,,,,,,,,,,,,,,,,,,,,,,,,,,,,,,,,,,,,,,,,,,,,,,,,,,,,,,,,,,,,,,,,,,,,,,,,,,,,,,,,,,,,,,,,,,,,,,,,,,,,,,,,,,,,,,,,,,,,,,,,,,,,,,,,,,,,,,,,,,,,,,,,,,,,,,,,,,,,,,,,,,,,,
acb08168-3aff-4b80-9994-a577cba46452,bc1bf2bb-158f-473a-a5bf-60f235480cd3,2026-09-21 21:16:47,,,In progress,Desktop,en-US,5b735a4c3503c60001a891b7,,,,,,,,,,,,,,,,,,,,,,,,,,,,,,,,,,,,,,,,,,,,,,,,,,,,,,,,,,,,,,,,,,,,,,,,,,,,,,,,,,,,,,,,,,,,,,,,,,,,,,,,,,,,,,,,,,,,,,,,,,,,,,,,,,,,,,,,,,,,,,,,,,,,,,,,,,,,,,,,,,,,,,,,,,,,,,,,,,,,,,,,,,,,,,,,,,,,,,,,,,,,,,,,,,,,,,,,,,,,,,,,,,,,,,,,,,,,,,,,,,,,,,,,,,,,,,,,,,,,,,,,,,,,,,,,,,,,,,,,,,,,,,,,,,,,,,,,,,,,,,,,,,,,,,,,,,,,,,,,,,,,,,,,,,,,,,,,,,,,,,,,,,,,,,,,,,,,,,
4b84cf1a-3848-476a-b087-b7c98ccf77b5,1d9377d4-08fd-4a05-b383-a51f453f5454,2026-09-21 21:20:36,2026-09-21 21:42:52,1336,Completed,Desktop,en-US,69b9c6588581f04030920529,31,woman,Instagram,,ArrowRight,ArrowRight,ArrowRight,ArrowRight,ArrowRight,ArrowRight,ArrowRight,ArrowRight,ArrowLeft,ArrowLeft,ArrowRight,ArrowLeft,ArrowRight,ArrowRight,ArrowRight,ArrowRight,ArrowRight,ArrowRight,ArrowLeft,ArrowRight,ArrowLeft,ArrowLeft,ArrowLeft,ArrowLeft,ArrowRight,ArrowRight,ArrowRight,ArrowRight,ArrowLeft,ArrowLeft,ArrowLeft,ArrowLeft,ArrowRight,ArrowRight,ArrowRight,ArrowRight,ArrowRight,ArrowRight,ArrowRight,ArrowRight,ArrowLeft,ArrowRight,ArrowLeft,ArrowLeft,ArrowLeft,ArrowLeft,ArrowLeft,ArrowLeft,ArrowRight,ArrowRight,ArrowRight,ArrowRight,ArrowRight,ArrowRight,ArrowRight,ArrowRight,ArrowLeft,ArrowLeft,ArrowLeft,ArrowLeft,ArrowLeft,ArrowRight,ArrowRight,ArrowRight,ArrowRight,ArrowRight,ArrowRight,ArrowRight,ArrowLeft,ArrowRight,ArrowLeft,ArrowLeft,ArrowLeft,ArrowLeft,ArrowLeft,ArrowRight,ArrowRight,ArrowLeft,ArrowRight,ArrowRight,ArrowRight,ArrowRight,ArrowLeft,ArrowLeft,ArrowLeft,ArrowLeft,ArrowLeft,ArrowLeft,,,,,,,,,,,,,,,,,,,,,,,,,,,,,,,,,,,,,,,,,,,,,,,,,,,,,,,,,,,,,,,,,,,,,,,,,,,,,,,,,,,,,,,,,Learning about the views people hold on these issues,,1,1,1,1,1,1,5,5,1,2,1,1,1,1,1,1,6,5,7,6,6,5,7,5,2,2,1,2,3,3,2,3,1,1,2,2,7,7,4,4,6,4,6,5,6,5,6,6,1,2,1,3,1,2,4,5,7,5,7,5,7,5,7,5,1,2,1,3,1,2,1,3,1,1,1,1,1,1,1,1,6,5,7,7,7,7,7,7,7,7,7,7,7,7,7,7,2,2,2,2,1,1,1,1,1,1,1,2,6,5,1,2,7,6,7,6,6,5,7,7,6,6,7,7,1,1,1,1,2,2,3,3,2,2,2,2,6,6,7,7,7,6,7,7,7,6,7,7,1,1,1,1,7,6,7,7,6,5,6,5,1,1,2,2,7,6,7,5,7,6,7,6,7,7,7,7
6974265b-a7a4-47f0-aae3-e26b6ed3a2fe,9348c934-9889-4266-9bd3-0ed46dc1caf3,2026-09-21 21:21:21,,,In progress,Desktop,en-US,6a16047ff95dc3c8297aa9d6,,,,,,,,,,,,,,,,,,,,,,,,,,,,,,,,,,,,,,,,,,,,,,,,,,,,,,,,,,,,,,,,,,,,,,,,,,,,,,,,,,,,,,,,,,,,,,,,,,,,,,,,,,,,,,,,,,,,,,,,,,,,,,,,,,,,,,,,,,,,,,,,,,,,,,,,,,,,,,,,,,,,,,,,,,,,,,,,,,,,,,,,,,,,,,,,,,,,,,,,,,,,,,,,,,,,,,,,,,,,,,,,,,,,,,,,,,,,,,,,,,,,,,,,,,,,,,,,,,,,,,,,,,,,,,,,,,,,,,,,,,,,,,,,,,,,,,,,,,,,,,,,,,,,,,,,,,,,,,,,,,,,,,,,,,,,,,,,,,,,,,,,,,,,,,,,,,,,,,
7f391460-464e-4142-ba33-f32ee66ccaeb,621b6799-fed1-4145-ad29-fa7ca8d03e73,2026-09-21 21:23:22,2026-09-21 21:44:31,1268,Completed,Desktop,en-US,69cc9559eb13e4265f07ba21,34,female,Other,reddit,,,,,,,,,,,,,,,,,,,,,,,,,,,,,,,,,,,,,,,,,,,,,,,,,,,,,,,,,,,,,,,,,,,,,,,,,,,,,,,,,,,,,,,,,ArrowRight,ArrowRight,ArrowRight,ArrowLeft,ArrowRight,ArrowRight,ArrowRight,ArrowRight,ArrowRight,ArrowLeft,ArrowLeft,ArrowLeft,ArrowRight,ArrowRight,ArrowRight,ArrowRight,ArrowRight,ArrowRight,ArrowLeft,ArrowLeft,ArrowRight,ArrowLeft,ArrowLeft,ArrowRight,ArrowRight,ArrowLeft,ArrowRight,ArrowRight,ArrowLeft,ArrowLeft,ArrowLeft,ArrowLeft,ArrowRight,ArrowRight,ArrowRight,ArrowRight,ArrowRight,ArrowRight,ArrowRight,ArrowRight,ArrowRight,ArrowLeft,ArrowRight,ArrowLeft,ArrowLeft,ArrowLeft,ArrowLeft,ArrowRight,ArrowRight,ArrowLeft,ArrowRight,ArrowRight,ArrowLeft,ArrowRight,ArrowLeft,ArrowRight,ArrowRight,ArrowLeft,ArrowRight,ArrowRight,ArrowLeft,ArrowLeft,ArrowRight,ArrowRight,ArrowRight,ArrowLeft,ArrowRight,ArrowRight,ArrowRight,ArrowLeft,ArrowLeft,ArrowLeft,ArrowRight,ArrowLeft,ArrowRight,ArrowRight,ArrowLeft,ArrowLeft,ArrowRight,ArrowRight,ArrowRight,ArrowRight,ArrowRight,ArrowLeft,ArrowRight,ArrowLeft,ArrowLeft,ArrowLeft,Deciding which posts I might share,,1,1,1,1,1,1,6,6,2,2,1,1,1,2,1,2,6,5,7,5,6,5,7,5,2,3,2,2,5,5,1,2,1,2,5,5,7,6,6,5,1,1,5,5,6,5,2,1,6,6,6,7,1,2,5,5,7,2,7,6,7,6,7,6,1,2,1,1,1,1,1,2,1,2,3,3,2,3,2,2,3,2,5,4,5,5,6,5,7,6,7,5,6,5,6,5,1,2,5,6,1,2,2,3,7,7,2,2,7,7,3,4,1,1,7,7,1,1,5,4,7,6,7,5,1,2,1,2,1,1,6,6,1,1,2,2,3,3,7,6,7,5,6,5,6,5,7,7,1,2,1,3,7,5,6,5,3,2,5,3,1,1,3,4,5,3,7,7,6,5,7,7,7,5,7,6
26180750-34e9-4766-ad3c-0cc31980a02f,d82f796b-49c3-44ba-a439-55049574630f,2026-09-21 21:24:43,,,In progress,Desktop,en-US,60c8467d9872c0d83f695499,,,,,,,,,,,,,,,,,,,,,,,,,,,,,,,,,,,,,,,,,,,,,,,,,,,,,,,,,,,,,,,,,,,,,,,,,,,,,,,,,,,,,,,,,,,,,,,,,,,,,,,,,,,,,,,,,,,,,,,,,,,,,,,,,,,,,,,,,,,,,,,,,,,,,,,,,,,,,,,,,,,,,,,,,,,,,,,,,,,,,,,,,,,,,,,,,,,,,,,,,,,,,,,,,,,,,,,,,,,,,,,,,,,,,,,,,,,,,,,,,,,,,,,,,,,,,,,,,,,,,,,,,,,,,,,,,,,,,,,,,,,,,,,,,,,,,,,,,,,,,,,,,,,,,,,,,,,,,,,,,,,,,,,,,,,,,,,,,,,,,,,,,,,,,,,,,,,,,,
47498d26-890c-46b5-9320-b39b288cf998,61470f59-2e36-4cab-a104-9c4154d6c79a,2026-09-21 21:25:02,2026-09-21 21:45:19,1216,Completed,Desktop,en-US,69e8d8794cd2df8c1346c1e3,25,Female,X (formerly Twitter),,ArrowRight,ArrowRight,ArrowRight,ArrowRight,ArrowRight,ArrowRight,ArrowRight,ArrowRight,ArrowLeft,ArrowLeft,ArrowLeft,ArrowLeft,ArrowRight,ArrowRight,ArrowRight,ArrowRight,ArrowRight,ArrowRight,ArrowRight,ArrowRight,ArrowLeft,ArrowLeft,ArrowLeft,ArrowLeft,ArrowRight,ArrowRight,ArrowRight,ArrowRight,ArrowLeft,ArrowLeft,ArrowLeft,ArrowLeft,ArrowRight,ArrowRight,ArrowRight,ArrowRight,ArrowRight,ArrowRight,ArrowRight,ArrowRight,ArrowLeft,ArrowLeft,ArrowLeft,ArrowLeft,ArrowLeft,ArrowLeft,ArrowLeft,ArrowRight,ArrowRight,ArrowRight,ArrowRight,ArrowRight,ArrowRight,ArrowRight,ArrowLeft,ArrowRight,ArrowLeft,ArrowLeft,ArrowLeft,ArrowRight,ArrowLeft,ArrowLeft,ArrowRight,ArrowRight,ArrowRight,ArrowRight,ArrowRight,ArrowRight,ArrowLeft,ArrowRight,ArrowLeft,ArrowLeft,ArrowLeft,ArrowLeft,ArrowRight,ArrowRight,ArrowRight,ArrowLeft,ArrowRight,ArrowRight,ArrowRight,ArrowRight,ArrowLeft,ArrowLeft,ArrowLeft,ArrowLeft,ArrowLeft,ArrowLeft,,,,,,,,,,,,,,,,,,,,,,,,,,,,,,,,,,,,,,,,,,,,,,,,,,,,,,,,,,,,,,,,,,,,,,,,,,,,,,,,,,,,,,,,,Learning about the views people hold on these issues,,1,1,1,1,1,1,6,6,1,1,1,1,1,1,1,1,7,5,7,7,7,5,7,5,1,1,2,2,2,3,1,1,1,3,1,3,7,5,6,6,7,5,7,5,7,6,6,4,1,3,2,3,1,3,1,3,7,3,7,3,7,3,7,3,1,1,1,1,1,4,1,3,1,1,1,1,1,1,1,2,7,5,7,5,7,5,7,5,7,5,7,5,7,7,7,5,1,2,2,3,1,3,1,1,1,3,1,3,7,7,1,2,7,5,7,5,7,5,7,5,7,5,7,6,1,1,1,1,4,4,3,3,1,1,4,4,5,5,4,4,7,7,7,7,7,7,7,7,1,3,1,3,4,4,7,5,4,4,4,4,1,1,1,3,7,7,7,7,7,7,7,7,7,7,7,5
86ef76f6-0a05-4f09-b963-99ada482ed27,170890ee-2efa-4807-92f8-8f6988de2fb0,2026-09-21 21:25:25,2026-09-21 21:56:12,1847,Completed,Desktop,en-US,6998758b636d6a1d33873ffb,"
56",female,Facebook,,ArrowRight,ArrowRight,ArrowRight,ArrowRight,ArrowRight,ArrowRight,ArrowRight,ArrowRight,ArrowRight,ArrowRight,ArrowLeft,ArrowLeft,ArrowLeft,ArrowRight,ArrowLeft,ArrowRight,ArrowRight,ArrowRight,ArrowRight,ArrowRight,ArrowRight,ArrowRight,ArrowLeft,ArrowRight,ArrowLeft,ArrowLeft,ArrowLeft,ArrowLeft,ArrowRight,ArrowRight,ArrowRight,ArrowRight,ArrowLeft,ArrowLeft,ArrowRight,ArrowLeft,ArrowLeft,ArrowLeft,ArrowLeft,ArrowLeft,ArrowRight,ArrowRight,ArrowRight,ArrowRight,ArrowRight,ArrowRight,ArrowRight,ArrowRight,ArrowLeft,ArrowRight,ArrowLeft,ArrowLeft,ArrowLeft,ArrowLeft,ArrowRight,ArrowLeft,ArrowRight,ArrowRight,ArrowRight,ArrowRight,ArrowRight,ArrowLeft,ArrowLeft,ArrowRight,ArrowRight,ArrowRight,ArrowRight,ArrowRight,ArrowRight,ArrowRight,ArrowRight,ArrowRight,ArrowRight,ArrowRight,ArrowRight,ArrowRight,ArrowLeft,ArrowRight,ArrowRight,ArrowRight,ArrowRight,ArrowLeft,ArrowRight,ArrowRight,ArrowRight,ArrowLeft,ArrowRight,ArrowRight,,,,,,,,,,,,,,,,,,,,,,,,,,,,,,,,,,,,,,,,,,,,,,,,,,,,,,,,,,,,,,,,,,,,,,,,,,,,,,,,,,,,,,,,,Deciding which posts I might share,,1,6,5,7,3,6,7,7,3,6,2,7,2,6,2,6,5,2,2,1,5,2,6,6,7,7,5,7,5,5,5,6,3,7,5,7,3,2,3,2,1,1,1,1,5,3,2,1,7,7,7,7,6,7,6,7,1,1,3,2,3,1,2,1,6,7,6,7,5,7,7,7,7,7,7,7,7,7,7,7,1,1,1,1,1,1,1,1,1,1,2,2,2,1,1,1,7,7,6,7,7,7,7,7,4,4,7,7,3,2,7,7,1,1,4,4,1,1,1,1,3,1,5,2,5,6,6,6,3,2,6,6,3,6,3,6,1,1,5,2,1,1,2,1,3,1,7,2,3,6,5,6,1,1,6,5,1,1,3,3,3,6,5,7,1,1,3,1,1,1,7,3,3,3,2,2
b884f6db-9379-41a5-b83d-ebf97fafcc44,65475667-895f-4dba-a64b-f23ea2686e6a,2026-09-21 21:29:13,,,In progress,Desktop,en-US,666c4b4f35d45bad63549cb6,,,,,,,,,,,,,,,,,,,,,,,,,,,,,,,,,,,,,,,,,,,,,,,,,,,,,,,,,,,,,,,,,,,,,,,,,,,,,,,,,,,,,,,,,,,,,,,,,,,,,,,,,,,,,,,,,,,,,,,,,,,,,,,,,,,,,,,,,,,,,,,,,,,,,,,,,,,,,,,,,,,,,,,,,,,,,,,,,,,,,,,,,,,,,,,,,,,,,,,,,,,,,,,,,,,,,,,,,,,,,,,,,,,,,,,,,,,,,,,,,,,,,,,,,,,,,,,,,,,,,,,,,,,,,,,,,,,,,,,,,,,,,,,,,,,,,,,,,,,,,,,,,,,,,,,,,,,,,,,,,,,,,,,,,,,,,,,,,,,,,,,,,,,,,,,,,,,,,,
5ead1867-0e68-4c73-b776-325d1f00548e,f9e3c6b3-cf4e-4f21-8c23-a14508bd5998,2026-09-21 21:29:42,2026-09-21 21:58:38,1736,Completed,Desktop,en-US,69a1cea7acb244362e5b2bf5,29,female,Facebook,,,,,,,,,,,,,,,,,,,,,,,,,,,,,,,,,,,,,,,,,,,,,,,,,,,,,,,,,,,,,,,,,,,,,,,,,,,,,,,,,,,,,,,,,,ArrowRight,ArrowRight,ArrowRight,ArrowLeft,ArrowRight,ArrowRight,ArrowRight,ArrowRight,ArrowLeft,ArrowLeft,ArrowRight,ArrowRight,ArrowRight,ArrowRight,ArrowRight,ArrowRight,ArrowRight,ArrowRight,ArrowLeft,ArrowLeft,ArrowLeft,ArrowLeft,ArrowLeft,ArrowRight,ArrowRight,ArrowRight,ArrowRight,ArrowRight,ArrowLeft,ArrowLeft,ArrowLeft,ArrowLeft,ArrowRight,ArrowRight,ArrowRight,ArrowRight,ArrowRight,ArrowRight,ArrowRight,ArrowRight,ArrowRight,ArrowRight,ArrowLeft,ArrowRight,ArrowLeft,ArrowLeft,ArrowLeft,ArrowLeft,ArrowRight,ArrowRight,ArrowRight,ArrowRight,ArrowRight,ArrowRight,ArrowLeft,ArrowRight,ArrowLeft,ArrowLeft,ArrowRight,ArrowLeft,ArrowRight,ArrowLeft,ArrowRight,ArrowRight,ArrowRight,ArrowRight,ArrowRight,ArrowRight,ArrowLeft,ArrowLeft,ArrowLeft,ArrowRight,ArrowLeft,ArrowLeft,ArrowRight,ArrowRight,ArrowLeft,ArrowLeft,ArrowRight,ArrowLeft,ArrowRight,ArrowRight,ArrowLeft,ArrowLeft,ArrowLeft,ArrowLeft,ArrowLeft,ArrowRight,Deciding which posts I might share,,1,6,1,6,1,7,6,6,1,6,1,6,1,7,1,4,6,2,7,2,3,6,6,2,1,6,1,6,2,6,1,6,1,6,1,6,7,2,6,2,3,3,6,2,6,2,1,6,1,6,1,6,1,6,1,6,6,2,6,2,6,2,6,2,1,7,1,6,1,6,1,6,1,6,1,6,1,6,1,6,5,2,5,2,1,6,3,1,6,2,6,2,6,2,6,2,1,6,1,6,2,6,2,6,2,6,1,6,6,2,1,6,6,2,7,2,7,2,6,2,6,2,7,1,1,6,1,6,1,6,1,6,1,6,7,2,6,2,7,2,7,2,5,1,6,2,7,3,1,6,1,6,7,2,7,2,1,6,6,2,1,6,1,6,7,2,7,2,7,2,7,1,7,2,1,6
dfbd305f-845e-41a8-b0bf-7274eb923f45,d8e75aa4-4b14-4edf-9730-e0692523efb9,2026-09-21 21:30:18,2026-09-21 21:58:45,1706,Completed,Desktop,en-US,5e02860c271305e0ae3ae33c,41,female,Instagram,,,,,,,,,,,,,,,,,,,,,,,,,,,,,,,,,,,,,,,,,,,,,,,,,,,,,,,,,,,,,,,,,,,,,,,,,,,,,,,,,,,,,,,,,,ArrowRight,ArrowRight,ArrowRight,ArrowRight,ArrowRight,ArrowRight,ArrowRight,ArrowRight,ArrowRight,ArrowLeft,ArrowLeft,ArrowLeft,ArrowLeft,ArrowLeft,ArrowLeft,ArrowLeft,ArrowLeft,ArrowLeft,ArrowLeft,ArrowLeft,ArrowRight,ArrowLeft,ArrowLeft,ArrowLeft,ArrowLeft,ArrowLeft,ArrowLeft,ArrowLeft,ArrowRight,ArrowRight,ArrowRight,ArrowRight,ArrowRight,ArrowRight,ArrowRight,ArrowRight,ArrowRight,ArrowRight,ArrowRight,ArrowRight,ArrowRight,ArrowRight,ArrowRight,ArrowRight,ArrowLeft,ArrowRight,ArrowLeft,ArrowRight,ArrowRight,ArrowRight,ArrowRight,ArrowRight,ArrowLeft,ArrowRight,ArrowLeft,ArrowLeft,ArrowRight,ArrowRight,ArrowRight,ArrowRight,ArrowLeft,ArrowLeft,ArrowLeft,ArrowRight,ArrowLeft,ArrowLeft,ArrowLeft,ArrowLeft,ArrowLeft,ArrowLeft,ArrowRight,ArrowRight,ArrowRight,ArrowRight,ArrowRight,ArrowRight,ArrowLeft,ArrowLeft,ArrowLeft,ArrowLeft,ArrowLeft,ArrowLeft,ArrowRight,ArrowLeft,ArrowRight,ArrowRight,ArrowLeft,ArrowRight,Deciding which posts I might share,,1,4,1,6,4,4,7,7,1,5,1,6,4,4,1,6,4,4,7,2,4,4,4,4,4,4,4,4,1,5,4,4,4,4,4,4,4,4,7,6,4,4,1,6,6,2,2,6,7,2,4,4,6,2,4,4,2,2,4,4,7,4,4,4,4,4,3,6,4,4,4,4,2,6,4,4,4,4,4,4,4,4,4,4,6,3,7,4,4,4,7,2,7,2,4,4,1,4,5,7,1,5,1,6,4,4,4,4,6,6,7,2,1,5,4,4,4,4,6,6,7,2,7,3,6,2,5,1,4,4,2,5,1,4,2,6,7,2,4,4,7,1,2,4,1,4,7,3,6,2,2,2,6,2,7,4,6,2,2,4,4,4,2,6,4,4,7,3,7,2,7,4,2,6,4,4
530b25ca-b2c0-4025-bf24-052cc0f75cfe,472d2fb9-cfad-442e-be2a-d18f6aad8856,2026-09-21 21:30:38,,,In progress,Desktop,en-US,69d19241b1ee91404ba8b653,,,,,,,,,,,,,,,,,,,,,,,,,,,,,,,,,,,,,,,,,,,,,,,,,,,,,,,,,,,,,,,,,,,,,,,,,,,,,,,,,,,,,,,,,,,,,,,,,,,,,,,,,,,,,,,,,,,,,,,,,,,,,,,,,,,,,,,,,,,,,,,,,,,,,,,,,,,,,,,,,,,,,,,,,,,,,,,,,,,,,,,,,,,,,,,,,,,,,,,,,,,,,,,,,,,,,,,,,,,,,,,,,,,,,,,,,,,,,,,,,,,,,,,,,,,,,,,,,,,,,,,,,,,,,,,,,,,,,,,,,,,,,,,,,,,,,,,,,,,,,,,,,,,,,,,,,,,,,,,,,,,,,,,,,,,,,,,,,,,,,,,,,,,,,,,,,,,,,,
cd58d6a4-4607-423b-85ff-142e45eff533,2dd14150-16f6-489a-a529-c923cfabbef1,2026-09-21 21:30:50,2026-09-21 22:03:05,1934,Completed,Desktop,en-US,6a98533b7c535ca60162236a,30,female,Instagram,,,,,,,,,,,,,,,,,,,,,,,,,,,,,,,,,,,,,,,,,,,,,,,,,,,,,,,,,,,,,,,,,,,,,,,,,,,,,,,,,,,,,,,,,,ArrowRight,ArrowRight,ArrowRight,ArrowRight,ArrowRight,ArrowRight,ArrowRight,ArrowRight,ArrowLeft,ArrowLeft,ArrowLeft,ArrowLeft,ArrowRight,ArrowRight,ArrowRight,ArrowRight,ArrowRight,ArrowRight,ArrowLeft,ArrowRight,ArrowLeft,ArrowLeft,ArrowLeft,ArrowLeft,ArrowRight,ArrowRight,ArrowRight,ArrowRight,ArrowLeft,ArrowLeft,ArrowLeft,ArrowLeft,ArrowRight,ArrowRight,ArrowRight,ArrowRight,ArrowRight,ArrowRight,ArrowRight,ArrowRight,ArrowRight,ArrowRight,ArrowLeft,ArrowRight,ArrowLeft,ArrowLeft,ArrowLeft,ArrowRight,ArrowRight,ArrowRight,ArrowRight,ArrowRight,ArrowRight,ArrowRight,ArrowRight,ArrowRight,ArrowLeft,ArrowLeft,ArrowLeft,ArrowLeft,ArrowLeft,ArrowLeft,ArrowRight,ArrowRight,ArrowRight,ArrowRight,ArrowRight,ArrowLeft,ArrowRight,ArrowLeft,ArrowRight,ArrowRight,ArrowLeft,ArrowLeft,ArrowRight,ArrowLeft,ArrowLeft,ArrowLeft,ArrowRight,ArrowLeft,ArrowRight,ArrowRight,ArrowLeft,ArrowLeft,ArrowLeft,ArrowLeft,ArrowLeft,ArrowLeft,Deciding which posts I might share,,4,1,4,1,4,1,7,7,3,2,3,2,3,2,4,2,7,5,7,6,7,5,7,5,1,1,1,3,1,1,1,2,1,1,1,1,7,7,6,7,6,6,7,7,7,6,7,5,2,1,2,2,2,2,2,3,7,7,7,7,7,7,7,7,1,1,1,1,1,1,1,1,1,1,2,2,2,2,2,2,5,5,5,6,6,6,6,6,6,7,7,7,7,7,7,7,3,2,1,1,1,1,1,1,2,3,2,2,6,5,2,2,5,4,5,4,6,6,7,6,7,7,7,7,1,1,2,1,1,1,1,1,1,1,7,7,1,1,7,7,4,3,4,3,4,2,7,7,2,1,1,1,7,7,7,7,2,3,7,7,1,1,1,1,7,7,7,7,6,6,7,7,7,7,7,7
fb6ef94d-dd41-4be0-92f1-60b4052558f3,5d03571a-b003-4a1c-9316-5de331057f2b,2026-09-21 21:35:03,2026-09-21 21:52:11,1028,Completed,Desktop,en-US,699e3dbbf60caeb5ac434d0b,28,female,X (formerly Twitter),,ArrowRight,ArrowRight,ArrowRight,ArrowRight,ArrowRight,ArrowRight,ArrowRight,ArrowRight,ArrowLeft,ArrowLeft,ArrowRight,ArrowLeft,ArrowRight,ArrowRight,ArrowRight,ArrowRight,ArrowRight,ArrowRight,ArrowLeft,ArrowRight,ArrowRight,ArrowLeft,ArrowLeft,ArrowLeft,ArrowRight,ArrowRight,ArrowRight,ArrowRight,ArrowRight,ArrowLeft,ArrowLeft,ArrowLeft,ArrowRight,ArrowRight,ArrowRight,ArrowRight,ArrowRight,ArrowRight,ArrowRight,ArrowRight,ArrowLeft,ArrowRight,ArrowLeft,ArrowLeft,ArrowLeft,ArrowLeft,ArrowLeft,ArrowLeft,ArrowRight,ArrowLeft,ArrowRight,ArrowRight,ArrowRight,ArrowRight,ArrowLeft,ArrowRight,ArrowRight,ArrowLeft,ArrowLeft,ArrowLeft,ArrowLeft,ArrowLeft,ArrowRight,ArrowRight,ArrowRight,ArrowRight,ArrowRight,ArrowRight,ArrowLeft,ArrowRight,ArrowLeft,ArrowLeft,ArrowLeft,ArrowLeft,ArrowLeft,ArrowRight,ArrowRight,ArrowLeft,ArrowRight,ArrowRight,ArrowRight,ArrowRight,ArrowLeft,ArrowLeft,ArrowLeft,ArrowLeft,ArrowLeft,ArrowLeft,,,,,,,,,,,,,,,,,,,,,,,,,,,,,,,,,,,,,,,,,,,,,,,,,,,,,,,,,,,,,,,,,,,,,,,,,,,,,,,,,,,,,,,,,Learning about the views people hold on these issues,,1,1,1,1,1,1,4,4,1,1,1,1,1,1,1,1,4,4,6,6,5,4,6,5,1,1,2,2,1,1,4,4,1,1,1,1,7,7,4,4,5,4,7,7,7,7,6,4,1,1,2,2,1,1,4,5,5,6,6,6,6,6,6,6,1,1,2,2,1,1,2,2,1,1,2,2,1,1,1,1,3,3,6,6,6,5,6,6,7,7,7,7,7,7,7,7,1,1,6,6,2,2,2,2,1,1,1,1,6,6,2,2,2,2,7,7,5,5,6,6,7,7,7,7,1,1,1,2,1,1,3,3,1,1,1,1,1,1,5,5,7,6,7,7,7,7,7,7,1,1,1,2,7,6,7,7,1,1,1,1,1,1,2,4,7,6,7,7,7,6,7,6,7,6,6,5
24241945-86c5-47e9-9180-fe221e148ea5,569740f9-cc7e-416b-84f8-c75d2baa0806,2026-09-21 21:37:32,,,In progress,Desktop,en-US,6a98920c30c146f31ca5b60e,37,male,Facebook,,,,,,,,,,,,,,,,,,,,,,,,,,,,,,,,,,,,,,,,,,,,,,,,,,,,,,,,,,,,,,,,,,,,,,,,,,,,,,,,,,,,,,,,,,,,,,,,,,,,,,,,,,,,,,,,,,,,,,,,,,,,,,,,,,,,,,,,,,,,,,,,,,,,,,,,,,,,,,,,,,,,,,,,,,,,,,,,,,,,,,,,,,,,,,,,,,,,,,,,,,,,,,,,,,,,,,,,,,,,,,,,,,,,,,,,,,,,,,,,,,,,,,,,,,,,,,,,,,,,,,,,,,,,,,,,,,,,,,,,,,,,,,,,,,,,,,,,,,,,,,,,,,,,,,,,,,,,,,,,,,,,,,,,,,,,,,,,,,,,,,,,,,,,,,,,,,,
242e33eb-5e69-42fc-a788-52a46233c84f,4af06c8c-aaec-4fd8-ac07-e8d7ef9668a5,2026-09-21 21:37:59,,,In progress,Desktop,en-US,69a1ed9da9ead5ab744e0ed9,,,,,,,,,,,,,,,,,,,,,,,,,,,,,,,,,,,,,,,,,,,,,,,,,,,,,,,,,,,,,,,,,,,,,,,,,,,,,,,,,,,,,,,,,,,,,,,,,,,,,,,,,,,,,,,,,,,,,,,,,,,,,,,,,,,,,,,,,,,,,,,,,,,,,,,,,,,,,,,,,,,,,,,,,,,,,,,,,,,,,,,,,,,,,,,,,,,,,,,,,,,,,,,,,,,,,,,,,,,,,,,,,,,,,,,,,,,,,,,,,,,,,,,,,,,,,,,,,,,,,,,,,,,,,,,,,,,,,,,,,,,,,,,,,,,,,,,,,,,,,,,,,,,,,,,,,,,,,,,,,,,,,,,,,,,,,,,,,,,,,,,,,,,,,,,,,,,,,,
429918dc-ce08-466c-908d-50d00a7d0d0a,5c5b0341-02ba-4a88-9c1f-1e49e2513f51,2026-09-21 21:40:09,,,In progress,Desktop,en-US,6a98eafa49917929246851b7,,,,,,,,,,,,,,,,,,,,,,,,,,,,,,,,,,,,,,,,,,,,,,,,,,,,,,,,,,,,,,,,,,,,,,,,,,,,,,,,,,,,,,,,,,,,,,,,,,,,,,,,,,,,,,,,,,,,,,,,,,,,,,,,,,,,,,,,,,,,,,,,,,,,,,,,,,,,,,,,,,,,,,,,,,,,,,,,,,,,,,,,,,,,,,,,,,,,,,,,,,,,,,,,,,,,,,,,,,,,,,,,,,,,,,,,,,,,,,,,,,,,,,,,,,,,,,,,,,,,,,,,,,,,,,,,,,,,,,,,,,,,,,,,,,,,,,,,,,,,,,,,,,,,,,,,,,,,,,,,,,,,,,,,,,,,,,,,,,,,,,,,,,,,,,,,,,,,,,
d210b3fb-614b-463a-bda1-e0b7319070b0,aa71052f-cf55-471e-a71d-e1768df2ca3b,2026-09-21 21:41:01,,,In progress,Desktop,en-US,69839047e652a277dc831f3d,,,,,,,,,,,,,,,,,,,,,,,,,,,,,,,,,,,,,,,,,,,,,,,,,,,,,,,,,,,,,,,,,,,,,,,,,,,,,,,,,,,,,,,,,,,,,,,,,,,,,,,,,,,,,,,,,,,,,,,,,,,,,,,,,,,,,,,,,,,,,,,,,,,,,,,,,,,,,,,,,,,,,,,,,,,,,,,,,,,,,,,,,,,,,,,,,,,,,,,,,,,,,,,,,,,,,,,,,,,,,,,,,,,,,,,,,,,,,,,,,,,,,,,,,,,,,,,,,,,,,,,,,,,,,,,,,,,,,,,,,,,,,,,,,,,,,,,,,,,,,,,,,,,,,,,,,,,,,,,,,,,,,,,,,,,,,,,,,,,,,,,,,,,,,,,,,,,,,,
c71e6a8c-52a9-401e-83bf-48cadffb9461,0bf1baf5-af5f-42ac-9d68-8693a475b2d3,2026-09-21 21:42:57,,,In progress,Desktop,en-US,69c3a14e1232bc5d75974db8,,,,,,,,,,,,,,,,,,,,,,,,,,,,,,,,,,,,,,,,,,,,,,,,,,,,,,,,,,,,,,,,,,,,,,,,,,,,,,,,,,,,,,,,,,,,,,,,,,,,,,,,,,,,,,,,,,,,,,,,,,,,,,,,,,,,,,,,,,,,,,,,,,,,,,,,,,,,,,,,,,,,,,,,,,,,,,,,,,,,,,,,,,,,,,,,,,,,,,,,,,,,,,,,,,,,,,,,,,,,,,,,,,,,,,,,,,,,,,,,,,,,,,,,,,,,,,,,,,,,,,,,,,,,,,,,,,,,,,,,,,,,,,,,,,,,,,,,,,,,,,,,,,,,,,,,,,,,,,,,,,,,,,,,,,,,,,,,,,,,,,,,,,,,,,,,,,,,,,
8e26cd12-782e-4f68-84af-4d726a907aa9,97b2ce6e-3899-4203-967c-8fd278c5f8be,2026-09-21 21:43:36,2026-09-21 22:09:28,1551,Completed,Desktop,en-US,6a022a91174d5be8d1527856,32,Female,Instagram,,ArrowRight,ArrowRight,ArrowRight,ArrowRight,ArrowRight,ArrowRight,ArrowRight,ArrowRight,ArrowRight,ArrowLeft,ArrowRight,ArrowLeft,ArrowRight,ArrowRight,ArrowRight,ArrowRight,ArrowRight,ArrowRight,ArrowLeft,ArrowLeft,ArrowRight,ArrowLeft,ArrowRight,ArrowLeft,ArrowRight,ArrowRight,ArrowRight,ArrowRight,ArrowLeft,ArrowLeft,ArrowLeft,ArrowLeft,ArrowRight,ArrowRight,ArrowRight,ArrowRight,ArrowRight,ArrowRight,ArrowRight,ArrowLeft,ArrowLeft,ArrowRight,ArrowRight,ArrowLeft,ArrowLeft,ArrowRight,ArrowLeft,ArrowLeft,ArrowRight,ArrowRight,ArrowRight,ArrowRight,ArrowRight,ArrowRight,ArrowLeft,ArrowRight,ArrowRight,ArrowLeft,ArrowLeft,ArrowLeft,ArrowLeft,ArrowLeft,ArrowRight,ArrowRight,ArrowRight,ArrowRight,ArrowRight,ArrowRight,ArrowLeft,ArrowRight,ArrowLeft,ArrowLeft,ArrowLeft,ArrowLeft,ArrowLeft,ArrowRight,ArrowRight,ArrowLeft,ArrowRight,ArrowRight,ArrowRight,ArrowRight,ArrowLeft,ArrowLeft,ArrowLeft,ArrowLeft,ArrowLeft,ArrowLeft,,,,,,,,,,,,,,,,,,,,,,,,,,,,,,,,,,,,,,,,,,,,,,,,,,,,,,,,,,,,,,,,,,,,,,,,,,,,,,,,,,,,,,,,,Learning about the views people hold on these issues,,7,7,1,1,1,1,6,6,1,1,1,1,1,1,1,1,7,7,7,7,6,6,7,7,1,1,1,1,1,1,1,1,1,1,1,1,7,7,7,7,6,6,7,7,7,7,7,7,2,2,4,4,1,1,5,5,7,7,7,7,1,1,7,7,1,1,1,1,1,1,1,1,1,1,1,1,1,1,1,1,7,7,7,7,7,7,7,7,7,7,7,7,7,7,7,7,1,1,4,4,1,1,1,1,4,4,1,1,6,6,2,2,5,5,7,7,4,4,7,7,7,7,7,7,1,1,1,1,1,1,4,4,2,2,4,4,4,4,7,7,7,7,7,7,7,7,7,7,1,1,1,1,5,5,7,7,4,4,4,4,1,1,1,1,7,7,7,7,7,7,7,7,7,7,7,7
9ca2fcb4-064d-4bd0-bcfb-08161322e794,a2756624-9293-4fd7-a8ab-4a81b7d02cd6,2026-09-21 21:47:28,2026-09-21 22:35:59,2911,Completed,Desktop,en-US,6a22b606a640c078e79786d6,48,female,Facebook,,,,,,,,,,,,,,,,,,,,,,,,,,,,,,,,,,,,,,,,,,,,,,,,,,,,,,,,,,,,,,,,,,,,,,,,,,,,,,,,,,,,,,,,,,ArrowLeft,ArrowRight,ArrowRight,ArrowRight,ArrowRight,ArrowLeft,ArrowRight,ArrowRight,ArrowRight,ArrowRight,ArrowRight,ArrowRight,ArrowRight,ArrowRight,ArrowRight,ArrowRight,ArrowRight,ArrowRight,ArrowRight,ArrowRight,ArrowRight,ArrowRight,ArrowRight,ArrowRight,ArrowLeft,ArrowLeft,ArrowRight,ArrowRight,ArrowRight,ArrowRight,ArrowRight,ArrowRight,ArrowRight,ArrowRight,ArrowRight,ArrowRight,ArrowRight,ArrowRight,ArrowRight,ArrowRight,ArrowRight,ArrowRight,ArrowRight,ArrowRight,ArrowRight,ArrowRight,ArrowRight,ArrowRight,ArrowRight,ArrowRight,ArrowRight,ArrowRight,ArrowRight,ArrowLeft,ArrowRight,ArrowRight,ArrowRight,ArrowRight,ArrowRight,ArrowRight,ArrowRight,ArrowRight,ArrowLeft,ArrowLeft,ArrowRight,ArrowRight,ArrowRight,ArrowRight,ArrowRight,ArrowRight,ArrowRight,ArrowRight,ArrowRight,ArrowRight,ArrowRight,ArrowRight,ArrowRight,ArrowRight,ArrowRight,ArrowRight,ArrowRight,ArrowRight,ArrowRight,ArrowRight,ArrowRight,ArrowRight,ArrowRight,ArrowRight,Deciding which posts I might share,,7,7,7,7,7,7,6,6,7,5,7,7,5,5,7,5,4,4,3,3,4,4,4,4,5,5,4,4,4,4,3,3,4,4,5,5,2,2,1,2,2,2,4,4,3,3,3,3,6,6,7,7,6,6,7,6,1,1,3,3,2,2,2,2,6,6,7,7,5,5,6,6,5,5,6,6,5,5,6,4,3,3,2,2,3,4,4,4,3,3,2,2,4,4,2,2,3,3,5,4,4,4,5,5,3,3,6,6,5,5,3,3,1,1,4,4,1,1,3,3,3,3,3,3,6,6,7,6,4,4,4,4,4,4,4,4,4,4,4,4,1,1,1,1,1,1,2,2,7,4,6,6,3,3,4,4,4,4,4,4,4,4,4,4,1,1,1,1,1,1,1,2,2,2,3,3
cd55d826-32fa-4f58-9173-cc9c22e9bd1e,23926565-2f24-448a-8cc9-9010d15ecf59,2026-09-21 21:48:52,,,In progress,Mobile,en-US,6a98bdeee7abe1da5f3efa09,33,Female,Instagram,,,,,,,,,,,,,,,,,,,,,,,,,,,,,,,,,,,,,,,,,,,,,,,,,,,,,,,,,,,,,,,,,,,,,,,,,,,,,,,,,,,,,,,,,,,,,,,,,,,,,,,,,,,,,,,,,,,,,,,,,,,,,,,,,,,,,,,,,,,,,,,,,,,,,,,,,,,,,,,,,,,,,,,,,,,,,,,,,,,,,,,,,,,,,,,,,,,,,,,,,,,,,,,,,,,,,,,,,,,,,,,,,,,,,,,,,,,,,,,,,,,,,,,,,,,,,,,,,,,,,,,,,,,,,,,,,,,,,,,,,,,,,,,,,,,,,,,,,,,,,,,,,,,,,,,,,,,,,,,,,,,,,,,,,,,,,,,,,,,,,,,,,,,,,,,,,,,
08ee3a58-faef-415a-ad07-50c60f83360c,fce7ad20-676b-42b2-ad9b-e85c9b114fa3,2026-09-21 21:49:37,2026-09-21 22:03:21,824,Completed,Desktop,en-US,6a0f85b953b5e08c224532e7,33,Female,Instagram,,ArrowRight,ArrowRight,ArrowRight,ArrowRight,ArrowRight,ArrowRight,ArrowRight,ArrowRight,ArrowRight,ArrowRight,ArrowRight,ArrowRight,ArrowRight,ArrowRight,ArrowRight,ArrowRight,ArrowRight,ArrowLeft,ArrowRight,ArrowRight,ArrowRight,ArrowRight,ArrowRight,ArrowRight,ArrowRight,ArrowRight,ArrowRight,ArrowRight,ArrowRight,ArrowRight,ArrowRight,ArrowRight,ArrowRight,ArrowRight,ArrowRight,ArrowRight,ArrowRight,ArrowRight,ArrowRight,ArrowRight,ArrowRight,ArrowRight,ArrowRight,ArrowRight,ArrowRight,ArrowRight,ArrowRight,ArrowRight,ArrowRight,ArrowRight,ArrowRight,ArrowRight,ArrowRight,ArrowRight,ArrowRight,ArrowRight,ArrowRight,ArrowRight,ArrowRight,ArrowRight,ArrowRight,ArrowRight,ArrowRight,ArrowRight,ArrowRight,ArrowRight,ArrowRight,ArrowRight,ArrowRight,ArrowRight,ArrowRight,ArrowLeft,ArrowLeft,ArrowLeft,ArrowRight,ArrowRight,ArrowRight,ArrowRight,ArrowRight,ArrowRight,ArrowLeft,ArrowRight,ArrowRight,ArrowRight,ArrowRight,ArrowLeft,ArrowRight,ArrowRight,,,,,,,,,,,,,,,,,,,,,,,,,,,,,,,,,,,,,,,,,,,,,,,,,,,,,,,,,,,,,,,,,,,,,,,,,,,,,,,,,,,,,,,,,Learning about the views people hold on these issues,,1,1,1,1,2,2,4,4,1,1,1,1,1,1,1,1,4,4,4,4,4,4,4,4,4,4,4,4,4,4,4,4,4,4,4,4,4,4,4,4,4,4,3,3,4,4,4,4,7,7,5,5,4,4,4,4,4,4,4,4,4,4,4,4,4,4,4,4,4,4,4,4,3,3,2,2,4,4,4,4,4,4,3,3,4,4,2,2,4,4,4,4,4,4,4,4,3,3,4,4,4,4,4,4,4,4,4,4,4,4,4,4,4,4,4,4,4,4,4,4,3,3,4,4,4,4,4,4,4,4,4,4,4,4,4,4,4,4,4,4,7,7,7,7,7,7,7,7,4,4,4,4,4,4,4,4,4,4,4,4,4,4,4,4,7,7,4,4,7,7,7,7,4,4,4,4
12082a3d-2b62-4b01-9a4a-c14c6865e502,78748b41-9633-4620-9a89-8ee114e685da,2026-09-21 21:52:25,,,In progress,Desktop,en-US,62c0e760fe5cc4964a774900,,,,,,,,,,,,,,,,,,,,,,,,,,,,,,,,,,,,,,,,,,,,,,,,,,,,,,,,,,,,,,,,,,,,,,,,,,,,,,,,,,,,,,,,,,,,,,,,,,,,,,,,,,,,,,,,,,,,,,,,,,,,,,,,,,,,,,,,,,,,,,,,,,,,,,,,,,,,,,,,,,,,,,,,,,,,,,,,,,,,,,,,,,,,,,,,,,,,,,,,,,,,,,,,,,,,,,,,,,,,,,,,,,,,,,,,,,,,,,,,,,,,,,,,,,,,,,,,,,,,,,,,,,,,,,,,,,,,,,,,,,,,,,,,,,,,,,,,,,,,,,,,,,,,,,,,,,,,,,,,,,,,,,,,,,,,,,,,,,,,,,,,,,,,,,,,,,,,,,
47eb617b-f2bc-4e65-a261-ad243e76f6f8,4bd127e3-6758-4214-ac69-3dece471eba8,2026-09-21 21:52:50,,,In progress,Desktop,en-US,69fb5a74008b7a3cbf9c1c68,48,female,Instagram,,,,,,,,,,,,,,,,,,,,,,,,,,,,,,,,,,,,,,,,,,,,,,,,,,,,,,,,,,,,,,,,,,,,,,,,,,,,,,,,,,,,,,,,,,ArrowRight,ArrowRight,ArrowRight,ArrowRight,ArrowRight,,ArrowRight,ArrowRight,ArrowRight,ArrowRight,ArrowRight,ArrowRight,ArrowRight,ArrowRight,ArrowRight,ArrowRight,ArrowRight,ArrowRight,,ArrowRight,ArrowRight,ArrowRight,ArrowRight,ArrowRight,ArrowRight,ArrowRight,ArrowRight,ArrowRight,ArrowRight,ArrowRight,ArrowRight,ArrowRight,ArrowRight,ArrowRight,ArrowRight,ArrowRight,ArrowRight,ArrowRight,ArrowRight,ArrowRight,ArrowRight,,ArrowRight,ArrowRight,ArrowRight,ArrowRight,ArrowRight,ArrowRight,ArrowRight,ArrowRight,ArrowRight,,ArrowRight,ArrowRight,ArrowRight,ArrowRight,ArrowRight,ArrowRight,ArrowRight,ArrowRight,ArrowRight,ArrowRight,ArrowRight,ArrowRight,ArrowRight,ArrowRight,ArrowRight,ArrowRight,ArrowRight,ArrowRight,,ArrowRight,ArrowRight,ArrowRight,ArrowRight,ArrowRight,ArrowRight,ArrowRight,ArrowRight,ArrowRight,ArrowRight,ArrowRight,ArrowRight,ArrowRight,ArrowRight,ArrowRight,ArrowRight,ArrowRight,,,,,,,,,,,,,,,,,,,,,,,,,,,,,,,,,,,,,,,,,,,,,,,,,,,,,,,,,,,,,,,,,,,,,,,,,,,,,,,,,,,,,,,,,,,,,,,,,,,,,,,,,,,,,,,,,,,,,,,,,,,,,,,,,,,,,,,,,,,,,,,,,,,,,,,,,,,,,,,,,,,,,,,,,,,,,,,,,,
ffe89015-3513-4faf-8fbd-28823357b485,bc20cc9b-788d-49db-9f4a-fd8051003aa2,2026-09-21 21:53:39,2026-09-21 22:12:44,1145,Completed,Desktop,en-US,"6aa2f7107184bd8c81a9aeb2
",31,Female,Facebook,,ArrowRight,ArrowRight,ArrowRight,ArrowRight,ArrowRight,ArrowRight,ArrowRight,ArrowRight,ArrowLeft,ArrowLeft,ArrowLeft,ArrowLeft,ArrowRight,ArrowRight,ArrowRight,ArrowRight,ArrowRight,ArrowRight,ArrowLeft,ArrowLeft,ArrowRight,ArrowLeft,ArrowLeft,ArrowLeft,ArrowRight,ArrowRight,ArrowRight,ArrowRight,ArrowLeft,ArrowLeft,ArrowLeft,ArrowLeft,ArrowRight,ArrowRight,ArrowRight,ArrowRight,ArrowRight,ArrowRight,ArrowRight,ArrowRight,ArrowLeft,ArrowLeft,ArrowLeft,ArrowLeft,ArrowLeft,ArrowLeft,ArrowLeft,ArrowLeft,ArrowRight,ArrowRight,ArrowLeft,ArrowRight,ArrowRight,ArrowRight,ArrowLeft,ArrowRight,ArrowLeft,ArrowLeft,ArrowLeft,ArrowLeft,ArrowLeft,ArrowLeft,ArrowRight,ArrowRight,ArrowRight,ArrowRight,ArrowRight,ArrowRight,ArrowLeft,ArrowLeft,ArrowLeft,ArrowLeft,ArrowLeft,ArrowLeft,ArrowLeft,ArrowRight,ArrowRight,ArrowLeft,ArrowLeft,ArrowLeft,ArrowRight,ArrowRight,ArrowLeft,ArrowLeft,ArrowLeft,ArrowLeft,ArrowRight,ArrowRight,,,,,,,,,,,,,,,,,,,,,,,,,,,,,,,,,,,,,,,,,,,,,,,,,,,,,,,,,,,,,,,,,,,,,,,,,,,,,,,,,,,,,,,,,Learning about the views people hold on these issues,,1,1,1,1,1,1,5,5,1,1,1,1,1,1,1,1,7,7,7,7,7,7,7,7,1,1,1,1,1,1,1,1,1,1,1,1,7,7,7,7,7,7,7,7,7,7,1,2,1,1,1,2,1,1,4,4,7,7,7,7,7,7,7,7,1,1,1,3,1,1,1,1,1,1,1,1,1,1,1,1,7,7,7,7,7,7,7,7,7,7,7,7,7,7,7,7,1,1,5,4,3,2,1,1,4,3,1,1,4,4,1,1,7,7,7,7,7,7,7,7,4,4,7,6,1,1,1,1,2,1,4,4,1,1,1,1,6,7,7,7,7,7,7,7,7,7,7,7,1,1,1,1,6,7,7,7,4,6,7,7,1,1,3,2,7,7,7,7,7,7,7,7,7,7,7,7
871089df-945d-4597-91ec-b6838e39cba4,b2d011ec-7019-4c55-9779-dfe44db45639,2026-09-21 21:54:44,2026-09-21 22:16:27,1302,Completed,Desktop,en-US,69c1579cb863ab3456bd3f68,38,"female
",Facebook,,ArrowLeft,ArrowLeft,ArrowLeft,ArrowRight,ArrowLeft,ArrowRight,ArrowLeft,ArrowRight,ArrowLeft,ArrowRight,ArrowRight,ArrowRight,ArrowLeft,ArrowRight,ArrowRight,ArrowRight,ArrowRight,ArrowRight,ArrowRight,ArrowRight,ArrowRight,ArrowRight,ArrowRight,ArrowRight,ArrowLeft,ArrowLeft,ArrowLeft,ArrowLeft,ArrowRight,ArrowRight,ArrowRight,ArrowRight,ArrowRight,ArrowRight,ArrowRight,ArrowLeft,ArrowRight,ArrowLeft,ArrowRight,ArrowLeft,ArrowRight,ArrowRight,ArrowRight,ArrowRight,ArrowRight,ArrowRight,ArrowRight,ArrowRight,ArrowLeft,ArrowRight,ArrowRight,ArrowRight,ArrowRight,ArrowLeft,ArrowRight,ArrowLeft,ArrowRight,ArrowRight,ArrowRight,ArrowRight,ArrowRight,ArrowRight,ArrowRight,ArrowRight,ArrowRight,ArrowRight,ArrowRight,ArrowRight,ArrowLeft,ArrowRight,ArrowRight,ArrowRight,ArrowRight,ArrowRight,ArrowRight,ArrowRight,ArrowLeft,ArrowRight,ArrowRight,ArrowRight,ArrowRight,ArrowLeft,ArrowRight,ArrowRight,ArrowRight,ArrowRight,ArrowRight,ArrowRight,,,,,,,,,,,,,,,,,,,,,,,,,,,,,,,,,,,,,,,,,,,,,,,,,,,,,,,,,,,,,,,,,,,,,,,,,,,,,,,,,,,,,,,,,Learning about the views people hold on these issues,,7,7,7,7,6,7,6,6,7,7,6,7,6,7,6,7,2,1,2,2,2,2,1,1,7,7,2,1,7,7,4,4,4,4,5,6,2,1,1,1,1,1,1,1,2,1,3,3,7,7,7,7,7,7,7,7,1,1,1,1,2,1,1,1,7,7,7,7,5,7,6,7,6,7,6,7,5,7,6,7,1,1,1,1,1,1,5,4,1,1,3,2,1,1,1,1,5,6,6,6,5,6,6,6,4,4,7,7,1,1,7,7,1,1,1,1,1,1,1,1,3,2,3,3,6,7,6,7,3,3,5,5,3,5,4,4,3,2,5,5,1,1,1,1,1,1,2,1,5,7,6,6,2,2,5,3,4,6,5,5,5,6,5,5,1,1,1,1,1,1,1,1,2,1,1,1
a6f27e2c-3219-4086-bd64-78259aeb5b5b,e584089d-5eb7-4168-9153-4f834ed6b090,2026-09-21 21:54:55,,,In progress,Desktop,en-US,672c1b00e4ed661368e89749,59,Female,Facebook,,,,,,,,,,,,,,,,,,,,,,,,,,,,,,,,,,,,,,,,,,,,,,,,,,,,,,,,,,,,,,,,,,,,,,,,,,,,,,,,,,,,,,,,,,ArrowRight,ArrowRight,ArrowRight,ArrowRight,ArrowRight,ArrowRight,ArrowRight,ArrowRight,ArrowLeft,ArrowLeft,ArrowLeft,ArrowLeft,ArrowRight,ArrowRight,ArrowRight,ArrowRight,ArrowRight,ArrowRight,ArrowLeft,ArrowRight,ArrowLeft,ArrowLeft,ArrowRight,ArrowLeft,ArrowRight,ArrowRight,ArrowRight,ArrowRight,ArrowRight,ArrowLeft,ArrowRight,ArrowRight,ArrowRight,ArrowRight,ArrowRight,ArrowRight,ArrowRight,ArrowRight,ArrowRight,ArrowRight,ArrowLeft,ArrowRight,ArrowLeft,ArrowLeft,ArrowLeft,ArrowRight,ArrowLeft,ArrowLeft,ArrowRight,ArrowRight,ArrowRight,ArrowRight,ArrowRight,ArrowRight,ArrowRight,ArrowRight,ArrowLeft,ArrowLeft,ArrowLeft,ArrowLeft,ArrowLeft,ArrowRight,ArrowRight,ArrowRight,ArrowRight,ArrowRight,ArrowRight,ArrowRight,ArrowLeft,ArrowLeft,ArrowLeft,ArrowLeft,ArrowLeft,ArrowRight,ArrowRight,ArrowRight,ArrowLeft,ArrowLeft,ArrowRight,ArrowRight,ArrowRight,ArrowRight,ArrowRight,ArrowLeft,ArrowRight,ArrowLeft,ArrowLeft,ArrowLeft,Deciding which posts I might share,,,,,,,,,,1,1,,,,,,,,,6,5,,,,,,,,,,,,,1,1,,,,,,,,,,,,,,,,,,,,,,,,,5,2,,,,,4,4,4,4,,,,,,,,,1,2,,,5,3,,,,,,,,,,,,,6,6,,,,,,,,,,,,,6,6,,,,,,,,,,,,,,,,,,,,,,,,,,,,,7,7,,,,,,,,,,,,,,,,,,,4,4,,,,,,,,,,,,,,,,
7554d436-4cf6-4f9f-8338-6fc028618a8b,9f76aa58-c9ef-4329-b5bf-6bcaf390d07a,2026-09-21 21:57:45,,,In progress,Mobile,en-US,695fb8d6d4b7722fb0a88d35,,,,,,,,,,,,,,,,,,,,,,,,,,,,,,,,,,,,,,,,,,,,,,,,,,,,,,,,,,,,,,,,,,,,,,,,,,,,,,,,,,,,,,,,,,,,,,,,,,,,,,,,,,,,,,,,,,,,,,,,,,,,,,,,,,,,,,,,,,,,,,,,,,,,,,,,,,,,,,,,,,,,,,,,,,,,,,,,,,,,,,,,,,,,,,,,,,,,,,,,,,,,,,,,,,,,,,,,,,,,,,,,,,,,,,,,,,,,,,,,,,,,,,,,,,,,,,,,,,,,,,,,,,,,,,,,,,,,,,,,,,,,,,,,,,,,,,,,,,,,,,,,,,,,,,,,,,,,,,,,,,,,,,,,,,,,,,,,,,,,,,,,,,,,,,,,,,,,,,
9dce3dda-cd3d-48ed-8dc9-8ed6f6c78e72,165edcc7-6d46-4773-9ca3-82841e8c1515,2026-09-21 21:57:57,,,In progress,Desktop,en-US,6a9831b1f2db8eaf54882efd,,,,,,,,,,,,,,,,,,,,,,,,,,,,,,,,,,,,,,,,,,,,,,,,,,,,,,,,,,,,,,,,,,,,,,,,,,,,,,,,,,,,,,,,,,,,,,,,,,,,,,,,,,,,,,,,,,,,,,,,,,,,,,,,,,,,,,,,,,,,,,,,,,,,,,,,,,,,,,,,,,,,,,,,,,,,,,,,,,,,,,,,,,,,,,,,,,,,,,,,,,,,,,,,,,,,,,,,,,,,,,,,,,,,,,,,,,,,,,,,,,,,,,,,,,,,,,,,,,,,,,,,,,,,,,,,,,,,,,,,,,,,,,,,,,,,,,,,,,,,,,,,,,,,,,,,,,,,,,,,,,,,,,,,,,,,,,,,,,,,,,,,,,,,,,,,,,,,,,
492acebe-75ea-4800-93d8-d89e79070c38,79b2ffc7-df5d-4d6f-a8b3-4102958e1341,2026-09-21 21:59:51,2026-09-21 22:21:32,1301,Completed,Desktop,en-US,6a9b165cf66ed05afc499dc9,24,Woman,Instagram,,ArrowRight,ArrowRight,ArrowRight,ArrowRight,ArrowRight,ArrowRight,ArrowRight,ArrowRight,ArrowLeft,ArrowLeft,ArrowLeft,ArrowLeft,ArrowRight,ArrowLeft,ArrowRight,ArrowRight,ArrowRight,ArrowRight,ArrowLeft,ArrowLeft,ArrowLeft,ArrowLeft,ArrowLeft,ArrowLeft,ArrowRight,ArrowRight,ArrowRight,ArrowRight,ArrowLeft,ArrowLeft,ArrowLeft,ArrowLeft,ArrowRight,ArrowRight,ArrowRight,ArrowRight,ArrowRight,ArrowRight,ArrowRight,ArrowRight,ArrowRight,ArrowLeft,ArrowLeft,ArrowLeft,ArrowLeft,ArrowLeft,ArrowLeft,ArrowLeft,ArrowRight,ArrowRight,ArrowRight,ArrowRight,ArrowRight,ArrowRight,ArrowLeft,ArrowRight,ArrowLeft,ArrowLeft,ArrowLeft,ArrowLeft,ArrowLeft,ArrowLeft,ArrowRight,ArrowRight,ArrowRight,ArrowRight,ArrowRight,ArrowRight,ArrowLeft,ArrowLeft,ArrowLeft,ArrowLeft,ArrowLeft,ArrowLeft,ArrowLeft,ArrowRight,ArrowRight,ArrowLeft,ArrowLeft,ArrowLeft,ArrowRight,ArrowRight,ArrowLeft,ArrowLeft,ArrowLeft,ArrowLeft,ArrowLeft,ArrowLeft,,,,,,,,,,,,,,,,,,,,,,,,,,,,,,,,,,,,,,,,,,,,,,,,,,,,,,,,,,,,,,,,,,,,,,,,,,,,,,,,,,,,,,,,,Learning about the views people hold on these issues,,1,1,1,1,1,1,3,3,1,1,1,1,1,1,1,1,7,7,7,7,6,6,7,7,1,2,2,3,1,1,1,2,1,2,1,2,1,1,5,5,7,6,7,7,7,7,7,7,1,1,1,1,1,1,2,2,7,5,7,6,7,6,6,5,1,2,1,3,1,1,1,1,1,2,1,1,1,1,1,1,7,7,7,5,7,7,7,6,7,6,7,6,7,7,7,6,1,2,3,2,1,2,1,1,3,3,1,1,6,6,1,2,7,6,7,7,7,6,7,6,7,7,7,7,1,1,1,1,7,6,1,3,1,1,1,2,7,5,7,7,7,7,7,7,7,7,7,7,1,1,3,5,7,7,7,7,7,5,7,7,1,1,3,5,7,6,7,7,7,7,7,7,1,1,7,7
0795c48f-b27b-4f08-b42c-359cb32ab773,2ece20ce-3e32-4ec1-8cc5-8a0b38a03fa6,2026-09-21 22:04:12,2026-09-21 22:24:15,1203,Completed,Desktop,en-US,69fa820cd5364c352cf16f6d,28,female,Facebook,,,,,,,,,,,,,,,,,,,,,,,,,,,,,,,,,,,,,,,,,,,,,,,,,,,,,,,,,,,,,,,,,,,,,,,,,,,,,,,,,,,,,,,,,,ArrowRight,ArrowRight,ArrowRight,ArrowRight,ArrowRight,ArrowRight,ArrowRight,ArrowRight,ArrowLeft,ArrowLeft,ArrowLeft,ArrowRight,ArrowRight,ArrowRight,ArrowRight,ArrowRight,ArrowRight,ArrowRight,ArrowLeft,ArrowLeft,ArrowLeft,ArrowLeft,ArrowLeft,ArrowRight,ArrowRight,ArrowRight,ArrowRight,ArrowRight,ArrowLeft,ArrowLeft,ArrowLeft,ArrowLeft,ArrowRight,ArrowRight,ArrowRight,ArrowLeft,ArrowRight,ArrowRight,ArrowRight,ArrowRight,ArrowLeft,ArrowLeft,ArrowLeft,ArrowLeft,ArrowLeft,ArrowRight,ArrowLeft,ArrowLeft,ArrowRight,ArrowRight,ArrowRight,ArrowRight,ArrowRight,ArrowRight,ArrowLeft,ArrowRight,ArrowLeft,ArrowRight,ArrowLeft,ArrowLeft,ArrowLeft,ArrowLeft,ArrowRight,ArrowRight,ArrowRight,ArrowRight,ArrowRight,ArrowLeft,ArrowLeft,ArrowLeft,ArrowLeft,ArrowLeft,ArrowLeft,ArrowLeft,ArrowRight,ArrowRight,ArrowRight,ArrowLeft,ArrowLeft,ArrowRight,ArrowRight,ArrowLeft,ArrowLeft,ArrowLeft,ArrowLeft,ArrowLeft,ArrowLeft,ArrowLeft,Deciding which posts I might share,,1,1,1,1,2,2,2,2,1,1,2,2,1,1,2,2,7,7,7,7,7,6,7,7,1,1,2,2,3,3,4,4,2,2,2,2,7,7,1,1,7,7,4,4,7,7,6,6,2,2,4,4,2,2,2,2,7,7,7,7,7,7,6,6,2,2,2,2,1,1,2,2,2,2,2,2,2,2,2,2,7,7,7,5,7,7,7,7,7,7,7,7,6,6,6,6,1,1,3,3,2,2,2,2,2,2,2,2,5,5,2,2,6,5,6,6,5,5,7,7,7,7,7,7,1,1,1,1,1,1,2,2,1,1,6,6,7,7,7,7,7,7,7,7,7,7,7,7,2,2,1,1,7,7,7,7,1,1,6,6,2,2,1,1,7,7,7,7,7,7,7,7,7,7,7,7
354307f5-1cf0-40a2-8cbc-03ca5163a0f8,74f569ef-25f5-4489-9eb3-27e026984764,2026-09-21 22:07:59,,,In progress,Desktop,en-US,6998f4bcb8ec1f18dc2863ca,,,,,,,,,,,,,,,,,,,,,,,,,,,,,,,,,,,,,,,,,,,,,,,,,,,,,,,,,,,,,,,,,,,,,,,,,,,,,,,,,,,,,,,,,,,,,,,,,,,,,,,,,,,,,,,,,,,,,,,,,,,,,,,,,,,,,,,,,,,,,,,,,,,,,,,,,,,,,,,,,,,,,,,,,,,,,,,,,,,,,,,,,,,,,,,,,,,,,,,,,,,,,,,,,,,,,,,,,,,,,,,,,,,,,,,,,,,,,,,,,,,,,,,,,,,,,,,,,,,,,,,,,,,,,,,,,,,,,,,,,,,,,,,,,,,,,,,,,,,,,,,,,,,,,,,,,,,,,,,,,,,,,,,,,,,,,,,,,,,,,,,,,,,,,,,,,,,,,,
3b449e2f-0521-47df-b572-5ff71df76767,11b4c706-0d39-4b16-a2bf-afd836e2fbd9,2026-09-21 22:08:22,2026-09-21 22:40:39,1936,Completed,Desktop,en-US,697ae1b71761c83767acd851,46,"Female ",Facebook,,ArrowRight,ArrowRight,ArrowRight,ArrowLeft,ArrowRight,ArrowRight,ArrowRight,ArrowRight,ArrowLeft,ArrowLeft,ArrowLeft,ArrowLeft,ArrowRight,ArrowRight,ArrowRight,ArrowRight,ArrowRight,ArrowRight,ArrowLeft,ArrowRight,ArrowLeft,ArrowLeft,ArrowLeft,ArrowLeft,ArrowRight,ArrowRight,ArrowRight,ArrowRight,ArrowLeft,ArrowLeft,ArrowLeft,ArrowLeft,ArrowRight,ArrowRight,ArrowRight,ArrowRight,ArrowRight,ArrowRight,ArrowRight,ArrowLeft,ArrowLeft,ArrowLeft,ArrowLeft,ArrowLeft,ArrowLeft,ArrowLeft,ArrowLeft,ArrowLeft,ArrowRight,ArrowRight,ArrowRight,ArrowRight,ArrowRight,ArrowRight,ArrowLeft,ArrowRight,ArrowLeft,ArrowLeft,ArrowLeft,ArrowLeft,ArrowLeft,ArrowLeft,ArrowRight,ArrowRight,ArrowRight,ArrowRight,ArrowRight,ArrowRight,ArrowLeft,ArrowRight,ArrowLeft,ArrowLeft,ArrowLeft,ArrowLeft,ArrowLeft,ArrowRight,ArrowRight,ArrowLeft,ArrowRight,ArrowRight,ArrowRight,ArrowRight,ArrowLeft,ArrowLeft,ArrowLeft,ArrowLeft,ArrowLeft,ArrowLeft,,,,,,,,,,,,,,,,,,,,,,,,,,,,,,,,,,,,,,,,,,,,,,,,,,,,,,,,,,,,,,,,,,,,,,,,,,,,,,,,,,,,,,,,,Something else (please describe),"Deciding if I would follow the person who made the post, based on whether I agreed with the statement and/or if I thought the statement made sense.",1,1,1,1,1,1,7,7,1,1,1,1,1,1,1,1,6,6,7,7,7,7,7,7,1,1,1,2,2,2,2,2,1,1,1,1,7,7,4,4,5,5,7,7,7,7,5,5,1,1,1,1,1,1,2,2,7,7,7,7,7,7,6,7,1,1,2,1,1,1,1,1,1,1,1,1,1,1,1,1,6,6,4,4,7,7,6,6,6,6,6,6,7,7,7,7,1,1,2,2,2,2,1,1,2,2,1,1,6,6,1,1,6,6,7,7,7,7,7,7,7,7,7,7,1,1,1,1,1,1,5,5,1,1,1,1,5,5,7,7,7,7,7,7,7,7,7,7,1,1,2,2,7,7,7,7,3,3,3,3,1,1,1,1,6,6,7,7,7,7,7,7,7,7,7,7
dab1c8ae-5832-4482-933c-3c306ee624a3,81239d8b-e412-4cb4-a796-664e57034601,2026-09-21 22:09:04,,,In progress,Desktop,en-US,697a54ec342839d72db664ea,,,,,,,,,,,,,,,,,,,,,,,,,,,,,,,,,,,,,,,,,,,,,,,,,,,,,,,,,,,,,,,,,,,,,,,,,,,,,,,,,,,,,,,,,,,,,,,,,,,,,,,,,,,,,,,,,,,,,,,,,,,,,,,,,,,,,,,,,,,,,,,,,,,,,,,,,,,,,,,,,,,,,,,,,,,,,,,,,,,,,,,,,,,,,,,,,,,,,,,,,,,,,,,,,,,,,,,,,,,,,,,,,,,,,,,,,,,,,,,,,,,,,,,,,,,,,,,,,,,,,,,,,,,,,,,,,,,,,,,,,,,,,,,,,,,,,,,,,,,,,,,,,,,,,,,,,,,,,,,,,,,,,,,,,,,,,,,,,,,,,,,,,,,,,,,,,,,,,,
e91c9a87-06ee-43f9-8d43-eaa76ce91c94,5ba27f11-d691-4f5c-915d-fd2db07f4b89,2026-09-21 22:10:52,,,In progress,Desktop,en-US,65f9f19bd5507db6a31a9537,,,,,,,,,,,,,,,,,,,,,,,,,,,,,,,,,,,,,,,,,,,,,,,,,,,,,,,,,,,,,,,,,,,,,,,,,,,,,,,,,,,,,,,,,,,,,,,,,,,,,,,,,,,,,,,,,,,,,,,,,,,,,,,,,,,,,,,,,,,,,,,,,,,,,,,,,,,,,,,,,,,,,,,,,,,,,,,,,,,,,,,,,,,,,,,,,,,,,,,,,,,,,,,,,,,,,,,,,,,,,,,,,,,,,,,,,,,,,,,,,,,,,,,,,,,,,,,,,,,,,,,,,,,,,,,,,,,,,,,,,,,,,,,,,,,,,,,,,,,,,,,,,,,,,,,,,,,,,,,,,,,,,,,,,,,,,,,,,,,,,,,,,,,,,,,,,,,,,,
81760ae4-7191-432b-a59c-9d3689e7422d,da6da4b2-1fe7-48ed-be94-5ed925ed7a4f,2026-09-21 22:12:40,,,In progress,Desktop,en-US,67b7e9b5ddacf5de163b3e25,,,,,,,,,,,,,,,,,,,,,,,,,,,,,,,,,,,,,,,,,,,,,,,,,,,,,,,,,,,,,,,,,,,,,,,,,,,,,,,,,,,,,,,,,,,,,,,,,,,,,,,,,,,,,,,,,,,,,,,,,,,,,,,,,,,,,,,,,,,,,,,,,,,,,,,,,,,,,,,,,,,,,,,,,,,,,,,,,,,,,,,,,,,,,,,,,,,,,,,,,,,,,,,,,,,,,,,,,,,,,,,,,,,,,,,,,,,,,,,,,,,,,,,,,,,,,,,,,,,,,,,,,,,,,,,,,,,,,,,,,,,,,,,,,,,,,,,,,,,,,,,,,,,,,,,,,,,,,,,,,,,,,,,,,,,,,,,,,,,,,,,,,,,,,,,,,,,,,,
dfac4f64-85b7-459f-897c-7bfcc42fcb73,ce9494d0-8125-4abe-bdb4-a2aac682e5b2,2026-09-21 22:13:54,,,In progress,Desktop,en-US,66f56dc513b67e1d3e36cb0a,,,,,,,,,,,,,,,,,,,,,,,,,,,,,,,,,,,,,,,,,,,,,,,,,,,,,,,,,,,,,,,,,,,,,,,,,,,,,,,,,,,,,,,,,,,,,,,,,,,,,,,,,,,,,,,,,,,,,,,,,,,,,,,,,,,,,,,,,,,,,,,,,,,,,,,,,,,,,,,,,,,,,,,,,,,,,,,,,,,,,,,,,,,,,,,,,,,,,,,,,,,,,,,,,,,,,,,,,,,,,,,,,,,,,,,,,,,,,,,,,,,,,,,,,,,,,,,,,,,,,,,,,,,,,,,,,,,,,,,,,,,,,,,,,,,,,,,,,,,,,,,,,,,,,,,,,,,,,,,,,,,,,,,,,,,,,,,,,,,,,,,,,,,,,,,,,,,,,,
f2141081-9b19-4d17-8c56-2190a117a110,a729d357-111e-4861-a20e-83e2988188dc,2026-09-21 22:16:28,,,In progress,Desktop,en-US,6a164194f8c4ea787fbe39a2,,,,,,,,,,,,,,,,,,,,,,,,,,,,,,,,,,,,,,,,,,,,,,,,,,,,,,,,,,,,,,,,,,,,,,,,,,,,,,,,,,,,,,,,,,,,,,,,,,,,,,,,,,,,,,,,,,,,,,,,,,,,,,,,,,,,,,,,,,,,,,,,,,,,,,,,,,,,,,,,,,,,,,,,,,,,,,,,,,,,,,,,,,,,,,,,,,,,,,,,,,,,,,,,,,,,,,,,,,,,,,,,,,,,,,,,,,,,,,,,,,,,,,,,,,,,,,,,,,,,,,,,,,,,,,,,,,,,,,,,,,,,,,,,,,,,,,,,,,,,,,,,,,,,,,,,,,,,,,,,,,,,,,,,,,,,,,,,,,,,,,,,,,,,,,,,,,,,,,
64c8c312-f08c-484f-9b1b-e51ac211f703,f66ecdb9-a66e-4860-a498-f267bbfe44e4,2026-09-21 22:17:11,,,In progress,Desktop,en-US,6a983bec797206a6e260a66c,,,,,,,,,,,,,,,,,,,,,,,,,,,,,,,,,,,,,,,,,,,,,,,,,,,,,,,,,,,,,,,,,,,,,,,,,,,,,,,,,,,,,,,,,,,,,,,,,,,,,,,,,,,,,,,,,,,,,,,,,,,,,,,,,,,,,,,,,,,,,,,,,,,,,,,,,,,,,,,,,,,,,,,,,,,,,,,,,,,,,,,,,,,,,,,,,,,,,,,,,,,,,,,,,,,,,,,,,,,,,,,,,,,,,,,,,,,,,,,,,,,,,,,,,,,,,,,,,,,,,,,,,,,,,,,,,,,,,,,,,,,,,,,,,,,,,,,,,,,,,,,,,,,,,,,,,,,,,,,,,,,,,,,,,,,,,,,,,,,,,,,,,,,,,,,,,,,,,,
65fa2469-1ea4-4f42-bd2a-2f5068deb1b2,5617495c-402a-4126-bfed-cbbc38f747c8,2026-09-21 22:20:23,2026-09-21 22:43:51,1407,Completed,Desktop,en-US,69f770818003b1c9761a1e68,50,Male,Other,Reddit,,,,,,,,,,,,,,,,,,,,,,,,,,,,,,,,,,,,,,,,,,,,,,,,,,,,,,,,,,,,,,,,,,,,,,,,,,,,,,,,,,,,,,,,,ArrowRight,ArrowRight,ArrowRight,ArrowRight,ArrowRight,ArrowRight,ArrowRight,ArrowRight,ArrowLeft,ArrowLeft,ArrowLeft,ArrowLeft,ArrowRight,ArrowRight,ArrowRight,ArrowRight,ArrowRight,ArrowRight,ArrowLeft,ArrowRight,ArrowLeft,ArrowLeft,ArrowLeft,ArrowRight,ArrowRight,ArrowRight,ArrowRight,ArrowRight,ArrowRight,ArrowLeft,ArrowLeft,ArrowLeft,ArrowRight,ArrowRight,ArrowRight,ArrowRight,ArrowRight,ArrowRight,ArrowRight,ArrowRight,ArrowRight,ArrowLeft,ArrowLeft,ArrowLeft,ArrowLeft,ArrowRight,ArrowLeft,ArrowLeft,ArrowRight,ArrowRight,ArrowRight,ArrowRight,ArrowRight,ArrowRight,ArrowRight,ArrowRight,ArrowLeft,ArrowLeft,ArrowLeft,ArrowLeft,ArrowLeft,ArrowLeft,ArrowRight,ArrowRight,ArrowRight,ArrowLeft,ArrowRight,ArrowRight,ArrowLeft,ArrowLeft,ArrowLeft,ArrowLeft,ArrowLeft,ArrowLeft,ArrowRight,ArrowRight,ArrowLeft,ArrowLeft,ArrowLeft,ArrowLeft,ArrowRight,ArrowRight,ArrowLeft,ArrowLeft,ArrowLeft,ArrowLeft,ArrowLeft,ArrowLeft,Learning about the views people hold on these issues,,1,1,2,2,2,2,4,4,2,2,1,1,2,2,2,2,6,6,7,7,7,7,6,6,2,2,4,4,4,4,3,3,2,2,2,2,7,7,6,6,5,5,6,6,6,6,5,5,1,1,2,2,1,1,2,2,5,5,5,5,5,5,5,5,2,2,2,2,2,2,2,2,1,1,1,1,2,2,1,1,5,5,5,5,5,5,5,5,5,5,5,5,5,5,5,5,1,1,5,5,3,3,3,3,3,3,1,1,4,4,1,1,7,7,6,6,7,7,6,6,6,6,6,6,1,1,2,2,2,2,4,4,2,2,2,2,5,5,6,6,5,5,6,6,6,6,7,7,1,1,4,4,5,5,7,7,5,5,5,5,2,2,4,4,5,5,7,7,5,5,6,6,6,6,6,6
792589bc-76dc-4290-b7d1-d6973160952a,0dd62b34-d193-4827-a0ad-04ded3202b9e,2026-09-21 22:24:34,,,In progress,Desktop,en-US,65d863e56337aa59292ccd66,,,,,,,,,,,,,,,,,,,,,,,,,,,,,,,,,,,,,,,,,,,,,,,,,,,,,,,,,,,,,,,,,,,,,,,,,,,,,,,,,,,,,,,,,,,,,,,,,,,,,,,,,,,,,,,,,,,,,,,,,,,,,,,,,,,,,,,,,,,,,,,,,,,,,,,,,,,,,,,,,,,,,,,,,,,,,,,,,,,,,,,,,,,,,,,,,,,,,,,,,,,,,,,,,,,,,,,,,,,,,,,,,,,,,,,,,,,,,,,,,,,,,,,,,,,,,,,,,,,,,,,,,,,,,,,,,,,,,,,,,,,,,,,,,,,,,,,,,,,,,,,,,,,,,,,,,,,,,,,,,,,,,,,,,,,,,,,,,,,,,,,,,,,,,,,,,,,,,,
38d7e822-cd9c-4f70-8e11-8bd3bd696ec4,be97eaf5-8104-4b0c-b829-c2b304747769,2026-09-21 22:24:46,,,In progress,Desktop,en-US,"6987a1543eaef72f782e2d62
",,,,,,,,,,,,,,,,,,,,,,,,,,,,,,,,,,,,,,,,,,,,,,,,,,,,,,,,,,,,,,,,,,,,,,,,,,,,,,,,,,,,,,,,,,,,,,,,,,,,,,,,,,,,,,,,,,,,,,,,,,,,,,,,,,,,,,,,,,,,,,,,,,,,,,,,,,,,,,,,,,,,,,,,,,,,,,,,,,,,,,,,,,,,,,,,,,,,,,,,,,,,,,,,,,,,,,,,,,,,,,,,,,,,,,,,,,,,,,,,,,,,,,,,,,,,,,,,,,,,,,,,,,,,,,,,,,,,,,,,,,,,,,,,,,,,,,,,,,,,,,,,,,,,,,,,,,,,,,,,,,,,,,,,,,,,,,,,,,,,,,,,,,,,,,,,,,,,,,
c0d0d815-921e-4157-94a3-cfc9c4f42aa4,32a147c8-df6e-48d7-a46f-a9fa291de1b1,2026-09-21 22:24:51,2026-09-21 22:59:52,2100,Completed,Desktop,en-US,69ec011da44ced8ff528bc22,33,female,Instagram,,,,,,,,,,,,,,,,,,,,,,,,,,,,,,,,,,,,,,,,,,,,,,,,,,,,,,,,,,,,,,,,,,,,,,,,,,,,,,,,,,,,,,,,,,ArrowRight,ArrowRight,ArrowRight,ArrowRight,ArrowRight,ArrowRight,ArrowRight,ArrowRight,ArrowRight,ArrowRight,ArrowRight,ArrowRight,ArrowRight,ArrowRight,ArrowRight,ArrowRight,ArrowRight,ArrowLeft,ArrowRight,ArrowRight,ArrowRight,ArrowRight,ArrowRight,ArrowRight,ArrowRight,ArrowRight,ArrowRight,ArrowRight,ArrowRight,ArrowLeft,ArrowLeft,ArrowRight,ArrowRight,ArrowRight,ArrowRight,ArrowRight,ArrowRight,ArrowRight,ArrowRight,ArrowRight,ArrowRight,ArrowRight,ArrowRight,ArrowRight,ArrowRight,ArrowRight,ArrowRight,ArrowRight,ArrowRight,ArrowRight,ArrowRight,ArrowRight,ArrowRight,ArrowRight,ArrowRight,ArrowRight,ArrowRight,ArrowRight,ArrowRight,ArrowRight,ArrowRight,ArrowRight,ArrowRight,ArrowRight,ArrowRight,ArrowRight,ArrowRight,ArrowRight,ArrowRight,ArrowLeft,ArrowRight,ArrowRight,ArrowRight,ArrowRight,ArrowRight,ArrowRight,ArrowRight,ArrowRight,ArrowRight,ArrowLeft,ArrowRight,ArrowLeft,ArrowRight,ArrowRight,ArrowRight,ArrowRight,ArrowLeft,ArrowRight,Deciding which posts I might share,,4,5,4,6,4,4,5,5,4,5,4,5,6,6,4,6,2,2,4,3,4,2,4,2,5,6,2,2,6,6,3,3,1,1,2,2,4,2,4,5,4,5,4,4,5,6,4,5,4,6,6,5,4,5,6,6,6,2,6,7,6,6,7,7,1,2,5,5,2,2,2,4,2,2,5,5,6,6,4,5,2,2,3,1,4,5,6,6,6,6,1,1,7,7,1,1,1,1,2,2,1,1,1,1,4,4,4,2,7,7,2,2,4,4,4,4,5,4,7,6,4,4,6,6,4,2,4,3,4,4,6,7,2,2,5,5,6,6,7,7,4,2,4,3,6,5,6,6,4,3,4,3,4,2,6,6,2,2,6,6,2,2,4,3,4,4,4,4,4,2,5,3,5,5,4,5
32e08e63-977d-4102-a1c6-e924b4ce22f1,a4d2cbc8-c449-4e74-a515-2edd602852a7,2026-09-21 22:26:43,,,In progress,Desktop,en-US,69e94d2b26399c0f94cdbd35,21,male,Instagram,,,,,,,,,,,,,,,,,,,,,,,,,,,,,,,,,,,,,,,,,,,,,,,,,,,,,,,,,,,,,,,,,,,,,,,,,,,,,,,,,,,,,,,,,,,,,,,,,,,,,,,,,,,,,,,,,,,,,,,,,,,,,,,,,,,,,,,,,,,,,,,,,,,,,,,,,,,,,,,,,,,,,,,,,,,,,,,,,,,,,,,,,,,,,,,,,,,,,,,,,,,,,,,,,,,,,,,,,,,,,,,,,,,,,,,,,,,,,,,,,,,,,,,,,,,,,,,,,,,,,,,,,,,,,,,,,,,,,,,,,,,,,,,,,,,,,,,,,,,,,,,,,,,,,,,,,,,,,,,,,,,,,,,,,,,,,,,,,,,,,,,,,,,,,,,,,,,
23e54ec0-df99-442a-b1e9-7665bcae0177,283cc5f3-88ce-40b4-b881-a699ab5e72ef,2026-09-21 22:31:01,2026-09-21 22:51:55,1254,Completed,Desktop,en-US,695ffa46659fdbcc01e69936,43,Female,Facebook,,ArrowRight,ArrowRight,ArrowRight,ArrowRight,ArrowRight,ArrowRight,ArrowRight,ArrowRight,ArrowRight,ArrowRight,ArrowRight,ArrowLeft,ArrowRight,ArrowRight,ArrowRight,ArrowRight,ArrowRight,ArrowRight,ArrowLeft,ArrowRight,ArrowRight,ArrowRight,ArrowLeft,ArrowRight,ArrowRight,ArrowRight,ArrowRight,ArrowRight,ArrowRight,ArrowRight,ArrowRight,ArrowLeft,ArrowRight,ArrowRight,ArrowRight,ArrowRight,ArrowRight,ArrowRight,ArrowRight,ArrowRight,ArrowRight,ArrowRight,ArrowRight,ArrowRight,ArrowRight,ArrowRight,ArrowLeft,ArrowLeft,ArrowRight,ArrowRight,ArrowRight,ArrowRight,ArrowRight,ArrowRight,ArrowRight,ArrowRight,ArrowRight,ArrowRight,ArrowRight,ArrowLeft,ArrowRight,ArrowRight,ArrowRight,ArrowRight,ArrowRight,ArrowRight,ArrowRight,ArrowRight,ArrowRight,ArrowRight,ArrowRight,ArrowLeft,ArrowRight,ArrowRight,ArrowRight,ArrowRight,ArrowRight,ArrowRight,ArrowRight,ArrowRight,ArrowRight,ArrowRight,ArrowRight,ArrowLeft,ArrowRight,ArrowRight,ArrowLeft,ArrowRight,,,,,,,,,,,,,,,,,,,,,,,,,,,,,,,,,,,,,,,,,,,,,,,,,,,,,,,,,,,,,,,,,,,,,,,,,,,,,,,,,,,,,,,,,Deciding which posts I might share,,1,1,1,2,1,1,4,4,1,1,1,1,1,1,1,1,7,7,7,7,7,7,7,7,1,1,4,4,1,1,4,4,1,1,2,2,7,7,7,7,6,5,6,5,7,7,5,4,4,4,4,4,1,1,1,1,7,6,7,6,7,7,7,6,1,1,1,1,1,1,1,1,1,1,1,1,1,1,1,1,4,4,4,4,7,7,6,6,7,6,7,6,7,6,7,6,1,1,5,5,1,2,1,2,4,4,1,1,6,6,1,1,6,6,7,7,7,7,7,7,5,6,6,7,1,1,1,1,2,4,2,4,2,2,1,1,1,1,7,7,7,6,7,6,6,6,7,7,1,1,1,1,5,5,6,7,2,2,6,6,1,1,2,2,7,6,7,7,7,6,7,7,7,7,7,7
a04820fe-0147-428d-991a-73a20f3ae295,836dac8a-e8cb-43d6-8329-56c04a8a6ce7,2026-09-21 22:32:48,,,In progress,Desktop,en-US,66f56dc513b67e1d3e36cb0a,,,,,,,,,,,,,,,,,,,,,,,,,,,,,,,,,,,,,,,,,,,,,,,,,,,,,,,,,,,,,,,,,,,,,,,,,,,,,,,,,,,,,,,,,,,,,,,,,,,,,,,,,,,,,,,,,,,,,,,,,,,,,,,,,,,,,,,,,,,,,,,,,,,,,,,,,,,,,,,,,,,,,,,,,,,,,,,,,,,,,,,,,,,,,,,,,,,,,,,,,,,,,,,,,,,,,,,,,,,,,,,,,,,,,,,,,,,,,,,,,,,,,,,,,,,,,,,,,,,,,,,,,,,,,,,,,,,,,,,,,,,,,,,,,,,,,,,,,,,,,,,,,,,,,,,,,,,,,,,,,,,,,,,,,,,,,,,,,,,,,,,,,,,,,,,,,,,,,,
07eb41ce-d02c-497f-8017-4d5367704fe3,2cd81e0e-a91f-4880-b732-06c14ceb37fa,2026-09-21 22:33:49,,,In progress,Desktop,en-US,5e8b32ec2c33ae7f20a0b401,,,,,,,,,,,,,,,,,,,,,,,,,,,,,,,,,,,,,,,,,,,,,,,,,,,,,,,,,,,,,,,,,,,,,,,,,,,,,,,,,,,,,,,,,,,,,,,,,,,,,,,,,,,,,,,,,,,,,,,,,,,,,,,,,,,,,,,,,,,,,,,,,,,,,,,,,,,,,,,,,,,,,,,,,,,,,,,,,,,,,,,,,,,,,,,,,,,,,,,,,,,,,,,,,,,,,,,,,,,,,,,,,,,,,,,,,,,,,,,,,,,,,,,,,,,,,,,,,,,,,,,,,,,,,,,,,,,,,,,,,,,,,,,,,,,,,,,,,,,,,,,,,,,,,,,,,,,,,,,,,,,,,,,,,,,,,,,,,,,,,,,,,,,,,,,,,,,,,,
df0efb4d-7df1-41f4-862b-72d1b3f99bc0,d3825b73-0906-435e-aeef-7ff97bad17ef,2026-09-21 22:36:59,2026-09-21 23:15:20,2301,Completed,Desktop,en-US,671f8f09c21cb157427bd152,38,female,Facebook,,,,,,,,,,,,,,,,,,,,,,,,,,,,,,,,,,,,,,,,,,,,,,,,,,,,,,,,,,,,,,,,,,,,,,,,,,,,,,,,,,,,,,,,,,ArrowRight,ArrowRight,ArrowRight,ArrowLeft,ArrowRight,ArrowRight,ArrowRight,ArrowRight,ArrowRight,ArrowLeft,ArrowRight,ArrowRight,ArrowRight,ArrowRight,ArrowLeft,ArrowRight,ArrowRight,ArrowRight,ArrowLeft,ArrowRight,ArrowLeft,ArrowRight,ArrowRight,ArrowRight,ArrowRight,ArrowRight,ArrowRight,ArrowLeft,ArrowRight,ArrowRight,ArrowRight,ArrowRight,ArrowRight,ArrowLeft,ArrowRight,ArrowLeft,ArrowRight,ArrowRight,ArrowRight,ArrowLeft,ArrowRight,ArrowRight,ArrowRight,ArrowRight,ArrowRight,ArrowLeft,ArrowRight,ArrowRight,ArrowLeft,ArrowRight,ArrowRight,ArrowLeft,ArrowRight,ArrowRight,ArrowLeft,ArrowRight,ArrowLeft,ArrowRight,ArrowLeft,ArrowLeft,ArrowRight,ArrowLeft,ArrowRight,ArrowRight,ArrowRight,ArrowRight,ArrowRight,ArrowLeft,ArrowLeft,ArrowLeft,ArrowRight,ArrowLeft,ArrowLeft,ArrowRight,ArrowRight,ArrowRight,ArrowLeft,ArrowLeft,ArrowLeft,ArrowLeft,ArrowRight,ArrowRight,ArrowRight,ArrowLeft,ArrowRight,ArrowLeft,ArrowLeft,ArrowLeft,Deciding which posts I might share,,1,1,1,1,1,1,6,7,1,2,1,1,1,2,1,2,4,4,4,4,3,3,4,4,4,4,4,4,3,3,7,7,1,1,4,4,7,7,7,7,3,4,7,5,3,3,4,4,1,2,1,4,1,1,2,2,3,3,1,1,1,1,2,2,5,5,7,6,6,5,6,6,1,1,7,6,7,7,7,6,4,4,1,1,7,7,1,1,4,4,3,3,7,6,4,4,5,5,5,5,3,3,4,4,1,2,1,4,7,7,1,4,5,5,7,7,7,7,7,6,7,7,7,6,1,2,1,2,4,4,1,2,1,2,7,7,7,6,7,7,6,5,1,1,5,5,7,7,1,3,1,2,7,5,7,7,1,2,7,7,1,2,4,4,6,5,7,7,5,4,7,6,7,7,1,2
0ec8c9fd-e593-4b86-8342-4fb990105fc0,beaea9aa-6ffe-4e2a-aae9-4934c9898778,2026-09-21 22:39:19,,,In progress,Desktop,en-US,672ef641e205d3da1e57dfb7,,,,,,,,,,,,,,,,,,,,,,,,,,,,,,,,,,,,,,,,,,,,,,,,,,,,,,,,,,,,,,,,,,,,,,,,,,,,,,,,,,,,,,,,,,,,,,,,,,,,,,,,,,,,,,,,,,,,,,,,,,,,,,,,,,,,,,,,,,,,,,,,,,,,,,,,,,,,,,,,,,,,,,,,,,,,,,,,,,,,,,,,,,,,,,,,,,,,,,,,,,,,,,,,,,,,,,,,,,,,,,,,,,,,,,,,,,,,,,,,,,,,,,,,,,,,,,,,,,,,,,,,,,,,,,,,,,,,,,,,,,,,,,,,,,,,,,,,,,,,,,,,,,,,,,,,,,,,,,,,,,,,,,,,,,,,,,,,,,,,,,,,,,,,,,,,,,,,,,
023bb0af-5303-4e14-b69a-d0f5a2904b7b,4792e229-1738-47bb-b59f-5fa614dab853,2026-09-21 22:39:52,,,In progress,Desktop,en-US,65ca8840fffb36c21fe83b01,,,,,,,,,,,,,,,,,,,,,,,,,,,,,,,,,,,,,,,,,,,,,,,,,,,,,,,,,,,,,,,,,,,,,,,,,,,,,,,,,,,,,,,,,,,,,,,,,,,,,,,,,,,,,,,,,,,,,,,,,,,,,,,,,,,,,,,,,,,,,,,,,,,,,,,,,,,,,,,,,,,,,,,,,,,,,,,,,,,,,,,,,,,,,,,,,,,,,,,,,,,,,,,,,,,,,,,,,,,,,,,,,,,,,,,,,,,,,,,,,,,,,,,,,,,,,,,,,,,,,,,,,,,,,,,,,,,,,,,,,,,,,,,,,,,,,,,,,,,,,,,,,,,,,,,,,,,,,,,,,,,,,,,,,,,,,,,,,,,,,,,,,,,,,,,,,,,,,,
78e488e2-7355-449d-833a-5a81d24787cb,28caa706-bc2e-4f43-8ab2-566a76705318,2026-09-21 22:46:04,,,In progress,Desktop,en-US,6aac52d7471b28d42ffa2e3e,,,,,,,,,,,,,,,,,,,,,,,,,,,,,,,,,,,,,,,,,,,,,,,,,,,,,,,,,,,,,,,,,,,,,,,,,,,,,,,,,,,,,,,,,,,,,,,,,,,,,,,,,,,,,,,,,,,,,,,,,,,,,,,,,,,,,,,,,,,,,,,,,,,,,,,,,,,,,,,,,,,,,,,,,,,,,,,,,,,,,,,,,,,,,,,,,,,,,,,,,,,,,,,,,,,,,,,,,,,,,,,,,,,,,,,,,,,,,,,,,,,,,,,,,,,,,,,,,,,,,,,,,,,,,,,,,,,,,,,,,,,,,,,,,,,,,,,,,,,,,,,,,,,,,,,,,,,,,,,,,,,,,,,,,,,,,,,,,,,,,,,,,,,,,,,,,,,,,,
03710655-d2a6-41dd-9e56-3b39ac70068d,969686e3-5ee2-4952-a03f-c263d036b2f4,2026-09-21 22:47:05,,,In progress,Mobile,en-US,6a0a2581e39887977004f99d,,,,,,,,,,,,,,,,,,,,,,,,,,,,,,,,,,,,,,,,,,,,,,,,,,,,,,,,,,,,,,,,,,,,,,,,,,,,,,,,,,,,,,,,,,,,,,,,,,,,,,,,,,,,,,,,,,,,,,,,,,,,,,,,,,,,,,,,,,,,,,,,,,,,,,,,,,,,,,,,,,,,,,,,,,,,,,,,,,,,,,,,,,,,,,,,,,,,,,,,,,,,,,,,,,,,,,,,,,,,,,,,,,,,,,,,,,,,,,,,,,,,,,,,,,,,,,,,,,,,,,,,,,,,,,,,,,,,,,,,,,,,,,,,,,,,,,,,,,,,,,,,,,,,,,,,,,,,,,,,,,,,,,,,,,,,,,,,,,,,,,,,,,,,,,,,,,,,,,
48e7793b-c920-4726-8f70-8a9f683b0897,3028a882-8383-4b07-a14e-3f84137fed4b,2026-09-21 22:50:29,,,In progress,Desktop,en-US,6a1fa1458cdf47b0d797dcaf,,,,,,,,,,,,,,,,,,,,,,,,,,,,,,,,,,,,,,,,,,,,,,,,,,,,,,,,,,,,,,,,,,,,,,,,,,,,,,,,,,,,,,,,,,,,,,,,,,,,,,,,,,,,,,,,,,,,,,,,,,,,,,,,,,,,,,,,,,,,,,,,,,,,,,,,,,,,,,,,,,,,,,,,,,,,,,,,,,,,,,,,,,,,,,,,,,,,,,,,,,,,,,,,,,,,,,,,,,,,,,,,,,,,,,,,,,,,,,,,,,,,,,,,,,,,,,,,,,,,,,,,,,,,,,,,,,,,,,,,,,,,,,,,,,,,,,,,,,,,,,,,,,,,,,,,,,,,,,,,,,,,,,,,,,,,,,,,,,,,,,,,,,,,,,,,,,,,,,
78a772d7-63af-46cf-85ce-d5cb610b78e2,701ffb88-5e83-407c-b4f3-eba90c387568,2026-09-21 22:50:47,,,In progress,Desktop,en-US,6726bf2a28a4fd335d8c2f52,,,,,,,,,,,,,,,,,,,,,,,,,,,,,,,,,,,,,,,,,,,,,,,,,,,,,,,,,,,,,,,,,,,,,,,,,,,,,,,,,,,,,,,,,,,,,,,,,,,,,,,,,,,,,,,,,,,,,,,,,,,,,,,,,,,,,,,,,,,,,,,,,,,,,,,,,,,,,,,,,,,,,,,,,,,,,,,,,,,,,,,,,,,,,,,,,,,,,,,,,,,,,,,,,,,,,,,,,,,,,,,,,,,,,,,,,,,,,,,,,,,,,,,,,,,,,,,,,,,,,,,,,,,,,,,,,,,,,,,,,,,,,,,,,,,,,,,,,,,,,,,,,,,,,,,,,,,,,,,,,,,,,,,,,,,,,,,,,,,,,,,,,,,,,,,,,,,,,,
6adc58a1-0562-47be-aaf2-22703b44f777,881a0342-cbbd-4db0-b4dd-e4b0bb5c78a0,2026-09-21 23:00:12,,,In progress,Desktop,en-US,6733c9f67240fddc73fe943b,,,,,,,,,,,,,,,,,,,,,,,,,,,,,,,,,,,,,,,,,,,,,,,,,,,,,,,,,,,,,,,,,,,,,,,,,,,,,,,,,,,,,,,,,,,,,,,,,,,,,,,,,,,,,,,,,,,,,,,,,,,,,,,,,,,,,,,,,,,,,,,,,,,,,,,,,,,,,,,,,,,,,,,,,,,,,,,,,,,,,,,,,,,,,,,,,,,,,,,,,,,,,,,,,,,,,,,,,,,,,,,,,,,,,,,,,,,,,,,,,,,,,,,,,,,,,,,,,,,,,,,,,,,,,,,,,,,,,,,,,,,,,,,,,,,,,,,,,,,,,,,,,,,,,,,,,,,,,,,,,,,,,,,,,,,,,,,,,,,,,,,,,,,,,,,,,,,,,,
176991f8-7529-4665-a5ba-6f15eac25936,4d227bf8-2d7a-44fd-80f7-829ff81a488b,2026-09-21 23:01:22,,,In progress,Desktop,en-US,69f49265f6b2413d7240fd03,,,,,,,,,,,,,,,,,,,,,,,,,,,,,,,,,,,,,,,,,,,,,,,,,,,,,,,,,,,,,,,,,,,,,,,,,,,,,,,,,,,,,,,,,,,,,,,,,,,,,,,,,,,,,,,,,,,,,,,,,,,,,,,,,,,,,,,,,,,,,,,,,,,,,,,,,,,,,,,,,,,,,,,,,,,,,,,,,,,,,,,,,,,,,,,,,,,,,,,,,,,,,,,,,,,,,,,,,,,,,,,,,,,,,,,,,,,,,,,,,,,,,,,,,,,,,,,,,,,,,,,,,,,,,,,,,,,,,,,,,,,,,,,,,,,,,,,,,,,,,,,,,,,,,,,,,,,,,,,,,,,,,,,,,,,,,,,,,,,,,,,,,,,,,,,,,,,,,,
4c1a92da-8a57-4dd6-ab3b-1e669487a8b4,03765d69-3a09-40bb-b5be-87cf80ea3933,2026-09-21 23:01:39,,,In progress,Desktop,en-US,69fcfa398914d8fb67b2cbbc,,,,,,,,,,,,,,,,,,,,,,,,,,,,,,,,,,,,,,,,,,,,,,,,,,,,,,,,,,,,,,,,,,,,,,,,,,,,,,,,,,,,,,,,,,,,,,,,,,,,,,,,,,,,,,,,,,,,,,,,,,,,,,,,,,,,,,,,,,,,,,,,,,,,,,,,,,,,,,,,,,,,,,,,,,,,,,,,,,,,,,,,,,,,,,,,,,,,,,,,,,,,,,,,,,,,,,,,,,,,,,,,,,,,,,,,,,,,,,,,,,,,,,,,,,,,,,,,,,,,,,,,,,,,,,,,,,,,,,,,,,,,,,,,,,,,,,,,,,,,,,,,,,,,,,,,,,,,,,,,,,,,,,,,,,,,,,,,,,,,,,,,,,,,,,,,,,,,,,
ea10dea3-7822-432c-9e67-d3dc9dfa2145,6df580ed-9d50-4d54-8dd9-1a59a96cbcdb,2026-09-21 23:02:38,,,In progress,Mobile,en-US,6a9b671e08695f059a24c995,,,,,,,,,,,,,,,,,,,,,,,,,,,,,,,,,,,,,,,,,,,,,,,,,,,,,,,,,,,,,,,,,,,,,,,,,,,,,,,,,,,,,,,,,,,,,,,,,,,,,,,,,,,,,,,,,,,,,,,,,,,,,,,,,,,,,,,,,,,,,,,,,,,,,,,,,,,,,,,,,,,,,,,,,,,,,,,,,,,,,,,,,,,,,,,,,,,,,,,,,,,,,,,,,,,,,,,,,,,,,,,,,,,,,,,,,,,,,,,,,,,,,,,,,,,,,,,,,,,,,,,,,,,,,,,,,,,,,,,,,,,,,,,,,,,,,,,,,,,,,,,,,,,,,,,,,,,,,,,,,,,,,,,,,,,,,,,,,,,,,,,,,,,,,,,,,,,,,,
c16a1948-f5b0-4160-96c5-4fcba3f0f136,76eafc22-1fa1-4d25-9721-1d35c84f6a0a,2026-09-21 23:04:43,,,In progress,Desktop,en-US,69edb5b9c3b82c709c528040,,,,,,,,,,,,,,,,,,,,,,,,,,,,,,,,,,,,,,,,,,,,,,,,,,,,,,,,,,,,,,,,,,,,,,,,,,,,,,,,,,,,,,,,,,,,,,,,,,,,,,,,,,,,,,,,,,,,,,,,,,,,,,,,,,,,,,,,,,,,,,,,,,,,,,,,,,,,,,,,,,,,,,,,,,,,,,,,,,,,,,,,,,,,,,,,,,,,,,,,,,,,,,,,,,,,,,,,,,,,,,,,,,,,,,,,,,,,,,,,,,,,,,,,,,,,,,,,,,,,,,,,,,,,,,,,,,,,,,,,,,,,,,,,,,,,,,,,,,,,,,,,,,,,,,,,,,,,,,,,,,,,,,,,,,,,,,,,,,,,,,,,,,,,,,,,,,,,,,
63b90504-9dfa-4087-8a84-ae8d6563ba01,b5454ba9-0245-4535-90ce-af0281ac4b8d,2026-09-21 23:05:25,2026-09-21 23:21:05,939,Completed,Desktop,en-US,629186f7e2f20297ead170be,30,male,Instagram,,,,,,,,,,,,,,,,,,,,,,,,,,,,,,,,,,,,,,,,,,,,,,,,,,,,,,,,,,,,,,,,,,,,,,,,,,,,,,,,,,,,,,,,,,ArrowRight,ArrowRight,ArrowRight,ArrowRight,ArrowRight,ArrowRight,ArrowRight,ArrowRight,ArrowRight,ArrowRight,ArrowRight,ArrowRight,ArrowRight,ArrowRight,ArrowRight,ArrowRight,ArrowRight,ArrowRight,ArrowRight,ArrowRight,ArrowRight,ArrowRight,ArrowRight,ArrowRight,ArrowRight,ArrowRight,ArrowRight,ArrowRight,ArrowRight,ArrowRight,ArrowRight,ArrowRight,ArrowRight,ArrowRight,ArrowRight,ArrowRight,ArrowRight,ArrowRight,ArrowRight,ArrowRight,ArrowRight,ArrowRight,ArrowRight,ArrowRight,ArrowRight,ArrowRight,ArrowRight,ArrowRight,ArrowRight,ArrowRight,ArrowRight,ArrowRight,ArrowRight,ArrowRight,ArrowRight,ArrowRight,ArrowRight,ArrowRight,ArrowRight,ArrowRight,ArrowRight,ArrowRight,ArrowRight,ArrowRight,ArrowRight,ArrowRight,ArrowRight,ArrowLeft,ArrowRight,ArrowRight,ArrowRight,ArrowRight,ArrowRight,ArrowRight,ArrowRight,ArrowRight,ArrowRight,ArrowLeft,ArrowRight,ArrowRight,ArrowRight,ArrowRight,ArrowRight,ArrowRight,ArrowRight,ArrowRight,ArrowLeft,ArrowRight,Deciding which posts I might share,,1,1,1,1,1,1,1,1,2,1,1,1,1,1,1,1,4,4,2,2,1,1,5,4,4,4,4,4,4,4,5,5,1,1,4,4,7,7,4,4,2,1,1,1,4,4,3,2,4,4,6,6,2,2,6,5,4,4,6,6,4,4,5,5,3,3,3,3,2,1,3,3,4,4,5,5,4,4,4,4,1,1,3,3,2,2,2,2,3,3,2,2,4,4,2,2,3,3,4,4,4,4,4,4,2,2,6,6,4,4,6,6,1,1,1,1,1,1,1,1,3,3,5,5,1,1,1,1,4,4,3,3,1,1,5,5,2,2,4,4,7,7,6,7,7,7,6,6,1,1,2,1,6,5,6,7,2,3,3,3,1,1,3,2,4,4,6,6,7,7,7,7,7,7,5,6
dd158ac8-a12a-44a4-ba60-90b6ac526506,47cb5b26-e71d-40a8-8f78-1eab21befbde,2026-09-21 23:05:38,,,In progress,Desktop,en-US,6a985fa06bf211748c55bbb5,,,,,,,,,,,,,,,,,,,,,,,,,,,,,,,,,,,,,,,,,,,,,,,,,,,,,,,,,,,,,,,,,,,,,,,,,,,,,,,,,,,,,,,,,,,,,,,,,,,,,,,,,,,,,,,,,,,,,,,,,,,,,,,,,,,,,,,,,,,,,,,,,,,,,,,,,,,,,,,,,,,,,,,,,,,,,,,,,,,,,,,,,,,,,,,,,,,,,,,,,,,,,,,,,,,,,,,,,,,,,,,,,,,,,,,,,,,,,,,,,,,,,,,,,,,,,,,,,,,,,,,,,,,,,,,,,,,,,,,,,,,,,,,,,,,,,,,,,,,,,,,,,,,,,,,,,,,,,,,,,,,,,,,,,,,,,,,,,,,,,,,,,,,,,,,,,,,,,,
ca453054-dd50-4250-8ade-9ad2ac3c131f,3aee2e7f-71bb-4b62-908d-14124ab6c4fa,2026-09-21 23:07:51,,,In progress,Desktop,en-US,67028e3c5308fc008653cf26,,,,,,,,,,,,,,,,,,,,,,,,,,,,,,,,,,,,,,,,,,,,,,,,,,,,,,,,,,,,,,,,,,,,,,,,,,,,,,,,,,,,,,,,,,,,,,,,,,,,,,,,,,,,,,,,,,,,,,,,,,,,,,,,,,,,,,,,,,,,,,,,,,,,,,,,,,,,,,,,,,,,,,,,,,,,,,,,,,,,,,,,,,,,,,,,,,,,,,,,,,,,,,,,,,,,,,,,,,,,,,,,,,,,,,,,,,,,,,,,,,,,,,,,,,,,,,,,,,,,,,,,,,,,,,,,,,,,,,,,,,,,,,,,,,,,,,,,,,,,,,,,,,,,,,,,,,,,,,,,,,,,,,,,,,,,,,,,,,,,,,,,,,,,,,,,,,,,,,
23328849-a156-45b0-805b-67d8215e1cd3,b5f7dbb2-d4c0-44a6-bda2-d4be795c4d5a,2026-09-21 23:08:17,2026-09-21 23:37:01,1724,Completed,Desktop,en-US,69938e2e275658c7ae38b991,48,Female,Other,Tik Tok,,,,,,,,,,,,,,,,,,,,,,,,,,,,,,,,,,,,,,,,,,,,,,,,,,,,,,,,,,,,,,,,,,,,,,,,,,,,,,,,,,,,,,,,,ArrowRight,ArrowRight,ArrowRight,ArrowRight,ArrowRight,ArrowRight,ArrowRight,ArrowRight,ArrowRight,ArrowRight,ArrowRight,ArrowRight,ArrowRight,ArrowRight,ArrowRight,ArrowRight,ArrowRight,ArrowRight,ArrowRight,ArrowRight,ArrowRight,ArrowRight,ArrowRight,ArrowRight,ArrowRight,ArrowRight,ArrowRight,ArrowRight,ArrowLeft,ArrowRight,ArrowRight,ArrowRight,ArrowRight,ArrowRight,ArrowRight,ArrowRight,ArrowRight,ArrowLeft,ArrowLeft,ArrowRight,ArrowRight,ArrowRight,ArrowRight,ArrowRight,ArrowRight,ArrowRight,ArrowLeft,ArrowRight,ArrowLeft,ArrowLeft,ArrowRight,ArrowRight,ArrowRight,ArrowRight,ArrowRight,ArrowRight,ArrowRight,ArrowRight,ArrowRight,ArrowRight,ArrowRight,ArrowRight,ArrowRight,ArrowRight,ArrowRight,ArrowLeft,ArrowRight,ArrowRight,ArrowRight,ArrowRight,ArrowRight,ArrowRight,ArrowRight,ArrowRight,ArrowRight,ArrowRight,ArrowRight,ArrowRight,ArrowRight,ArrowRight,ArrowRight,ArrowLeft,ArrowRight,ArrowRight,ArrowRight,ArrowRight,ArrowRight,ArrowRight,Deciding which posts I might share,,6,7,6,6,6,6,6,7,5,6,5,6,5,5,5,4,4,4,6,5,1,1,2,4,4,4,5,4,7,7,4,4,5,4,4,4,4,4,4,4,4,4,4,4,5,6,4,4,7,7,7,7,6,6,7,7,7,7,7,7,6,6,5,5,4,4,4,4,1,1,4,4,7,7,7,7,7,7,7,7,4,4,1,1,7,7,1,1,4,6,3,4,6,6,4,4,6,5,7,7,4,4,3,1,4,4,5,5,6,4,4,4,4,4,4,4,2,1,5,5,4,4,4,4,4,4,5,7,4,4,6,5,6,6,4,4,4,4,6,6,4,4,1,1,4,4,7,7,7,7,4,4,4,4,6,5,4,4,6,5,4,4,4,4,4,4,4,4,1,2,5,5,4,4,4,4
c9f6d776-dfdc-4fbd-a3d5-21ba191dd4c7,9a1f5cbe-2945-480f-a7d9-5f02ef121d5e,2026-09-21 23:09:52,,,In progress,Desktop,en-US,6a1f063a77245fc76234a5ba,64,female,Instagram,,,,,,,,,,,,,,,,,,,,,,,,,,,,,,,,,,,,,,,,,,,,,,,,,,,,,,,,,,,,,,,,,,,,,,,,,,,,,,,,,,,,,,,,,,,,,,,,,,,,,,,,,,,,,,,,,,,,,,,,,,,,,,,,,,,,,,,,,,,,,,,,,,,,,,,,,,,,,,,,,,,,,,,,,,,,,,,,,,,,,,,,,,,,,,,,,,,,,,,,,,,,,,,,,,,,,,,,,,,,,,,,,,,,,,,,,,,,,,,,,,,,,,,,,,,,,,,,,,,,,,,,,,,,,,,,,,,,,,,,,,,,,,,,,,,,,,,,,,,,,,,,,,,,,,,,,,,,,,,,,,,,,,,,,,,,,,,,,,,,,,,,,,,,,,,,,,,
1a9ef50c-b4da-4034-91ab-e3274fba01c0,04d7f699-853f-48d4-baf8-ac399f2bf72d,2026-09-21 23:12:14,,,In progress,Desktop,en-US,69601b75e222e16eba858689,,,,,,,,,,,,,,,,,,,,,,,,,,,,,,,,,,,,,,,,,,,,,,,,,,,,,,,,,,,,,,,,,,,,,,,,,,,,,,,,,,,,,,,,,,,,,,,,,,,,,,,,,,,,,,,,,,,,,,,,,,,,,,,,,,,,,,,,,,,,,,,,,,,,,,,,,,,,,,,,,,,,,,,,,,,,,,,,,,,,,,,,,,,,,,,,,,,,,,,,,,,,,,,,,,,,,,,,,,,,,,,,,,,,,,,,,,,,,,,,,,,,,,,,,,,,,,,,,,,,,,,,,,,,,,,,,,,,,,,,,,,,,,,,,,,,,,,,,,,,,,,,,,,,,,,,,,,,,,,,,,,,,,,,,,,,,,,,,,,,,,,,,,,,,,,,,,,,,,
22c54075-7ebb-4dfa-a098-1b4e6feae8b1,0603467b-9fab-4774-ade5-bd049813f8bb,2026-09-21 23:14:46,,,In progress,Desktop,en-GB,6a9aea8dd3837ba3b6091628,,,,,,,,,,,,,,,,,,,,,,,,,,,,,,,,,,,,,,,,,,,,,,,,,,,,,,,,,,,,,,,,,,,,,,,,,,,,,,,,,,,,,,,,,,,,,,,,,,,,,,,,,,,,,,,,,,,,,,,,,,,,,,,,,,,,,,,,,,,,,,,,,,,,,,,,,,,,,,,,,,,,,,,,,,,,,,,,,,,,,,,,,,,,,,,,,,,,,,,,,,,,,,,,,,,,,,,,,,,,,,,,,,,,,,,,,,,,,,,,,,,,,,,,,,,,,,,,,,,,,,,,,,,,,,,,,,,,,,,,,,,,,,,,,,,,,,,,,,,,,,,,,,,,,,,,,,,,,,,,,,,,,,,,,,,,,,,,,,,,,,,,,,,,,,,,,,,,,,
7caf2915-2ca8-40a5-93be-54e167135d39,ff5afdd9-322d-4b0d-b27e-995db8ca1216,2026-09-21 23:15:40,,,In progress,Desktop,en-US,6a9853f7d2b8aef619516ef4,,,,,,,,,,,,,,,,,,,,,,,,,,,,,,,,,,,,,,,,,,,,,,,,,,,,,,,,,,,,,,,,,,,,,,,,,,,,,,,,,,,,,,,,,,,,,,,,,,,,,,,,,,,,,,,,,,,,,,,,,,,,,,,,,,,,,,,,,,,,,,,,,,,,,,,,,,,,,,,,,,,,,,,,,,,,,,,,,,,,,,,,,,,,,,,,,,,,,,,,,,,,,,,,,,,,,,,,,,,,,,,,,,,,,,,,,,,,,,,,,,,,,,,,,,,,,,,,,,,,,,,,,,,,,,,,,,,,,,,,,,,,,,,,,,,,,,,,,,,,,,,,,,,,,,,,,,,,,,,,,,,,,,,,,,,,,,,,,,,,,,,,,,,,,,,,,,,,,,
c5c36734-2443-4bed-a67b-5296140ad721,ee338839-a985-4695-bb25-30c97ab7fed8,2026-09-21 23:19:37,,,In progress,Desktop,en-US,6a0ca26d6f991cfbd0c5e2e2,,,,,,,,,,,,,,,,,,,,,,,,,,,,,,,,,,,,,,,,,,,,,,,,,,,,,,,,,,,,,,,,,,,,,,,,,,,,,,,,,,,,,,,,,,,,,,,,,,,,,,,,,,,,,,,,,,,,,,,,,,,,,,,,,,,,,,,,,,,,,,,,,,,,,,,,,,,,,,,,,,,,,,,,,,,,,,,,,,,,,,,,,,,,,,,,,,,,,,,,,,,,,,,,,,,,,,,,,,,,,,,,,,,,,,,,,,,,,,,,,,,,,,,,,,,,,,,,,,,,,,,,,,,,,,,,,,,,,,,,,,,,,,,,,,,,,,,,,,,,,,,,,,,,,,,,,,,,,,,,,,,,,,,,,,,,,,,,,,,,,,,,,,,,,,,,,,,,,,
ae328178-7f29-4dec-83c9-5a67ac5f1331,bd921637-1de2-4905-b76f-af367adac4e9,2026-09-21 23:20:13,,,In progress,Desktop,en-US,6705bf2688ed88bcafd57446,,,,,,,,,,,,,,,,,,,,,,,,,,,,,,,,,,,,,,,,,,,,,,,,,,,,,,,,,,,,,,,,,,,,,,,,,,,,,,,,,,,,,,,,,,,,,,,,,,,,,,,,,,,,,,,,,,,,,,,,,,,,,,,,,,,,,,,,,,,,,,,,,,,,,,,,,,,,,,,,,,,,,,,,,,,,,,,,,,,,,,,,,,,,,,,,,,,,,,,,,,,,,,,,,,,,,,,,,,,,,,,,,,,,,,,,,,,,,,,,,,,,,,,,,,,,,,,,,,,,,,,,,,,,,,,,,,,,,,,,,,,,,,,,,,,,,,,,,,,,,,,,,,,,,,,,,,,,,,,,,,,,,,,,,,,,,,,,,,,,,,,,,,,,,,,,,,,,,,
9faf8ffb-568d-4040-af86-ad5aed11bf2a,25f90a3b-2cd3-48a7-9b6a-1a45372f641b,2026-09-21 23:20:28,,,In progress,Desktop,en-US,6a1cd4be0d00c9539d189586,,,,,,,,,,,,,,,,,,,,,,,,,,,,,,,,,,,,,,,,,,,,,,,,,,,,,,,,,,,,,,,,,,,,,,,,,,,,,,,,,,,,,,,,,,,,,,,,,,,,,,,,,,,,,,,,,,,,,,,,,,,,,,,,,,,,,,,,,,,,,,,,,,,,,,,,,,,,,,,,,,,,,,,,,,,,,,,,,,,,,,,,,,,,,,,,,,,,,,,,,,,,,,,,,,,,,,,,,,,,,,,,,,,,,,,,,,,,,,,,,,,,,,,,,,,,,,,,,,,,,,,,,,,,,,,,,,,,,,,,,,,,,,,,,,,,,,,,,,,,,,,,,,,,,,,,,,,,,,,,,,,,,,,,,,,,,,,,,,,,,,,,,,,,,,,,,,,,,,
f3d0d4a1-7a63-4dc1-b5f7-d66e0fb02991,e22d1ba0-d77b-4f91-882d-a562a15ad445,2026-09-21 23:22:28,,,In progress,Desktop,en-US,5d1fee93a3262d0019af14d2,42,"male
",X (formerly Twitter),,ArrowRight,ArrowRight,ArrowRight,ArrowRight,ArrowRight,ArrowRight,ArrowRight,ArrowRight,ArrowRight,ArrowLeft,ArrowLeft,ArrowLeft,ArrowRight,ArrowRight,ArrowLeft,ArrowRight,ArrowRight,ArrowRight,ArrowLeft,ArrowLeft,ArrowRight,ArrowRight,ArrowLeft,ArrowRight,ArrowLeft,ArrowLeft,ArrowLeft,ArrowLeft,ArrowRight,ArrowLeft,ArrowLeft,ArrowLeft,ArrowRight,ArrowRight,ArrowRight,ArrowRight,ArrowRight,ArrowRight,ArrowRight,ArrowRight,ArrowLeft,ArrowRight,ArrowLeft,ArrowLeft,ArrowLeft,ArrowLeft,ArrowLeft,ArrowLeft,ArrowRight,ArrowLeft,ArrowRight,ArrowRight,ArrowLeft,ArrowRight,ArrowLeft,ArrowRight,ArrowLeft,ArrowRight,ArrowLeft,ArrowLeft,ArrowLeft,ArrowLeft,ArrowRight,ArrowRight,ArrowRight,ArrowLeft,ArrowRight,ArrowRight,ArrowLeft,ArrowLeft,ArrowLeft,ArrowLeft,ArrowRight,ArrowRight,ArrowLeft,ArrowRight,ArrowRight,ArrowLeft,ArrowRight,ArrowLeft,ArrowRight,ArrowRight,ArrowLeft,ArrowLeft,ArrowRight,ArrowLeft,ArrowLeft,ArrowRight,,,,,,,,,,,,,,,,,,,,,,,,,,,,,,,,,,,,,,,,,,,,,,,,,,,,,,,,,,,,,,,,,,,,,,,,,,,,,,,,,,,,,,,,,Something else (please describe),who i would follow,,,,,,,,,,,,,,,,,,,,,,,,,,,,,,,,,,,,,,,,,,,,,,,,,,,,,,,,,,,,,,,,,,,,,,,,,,,,,,,,,,,,,,,,,,,,,,,,,,,,,,,,,,,,,,,,,,,,,,,,,,,,,,,1,1,,,,,,,,,,,,,,,,,,,,,,,,,,,,,,,,,,,,,,,,,,,,,,,,
0e43bb85-d382-4f48-a50f-5aea9cc561e9,89f0cda1-5ac5-43a4-86d7-abe4861e2b60,2026-09-21 23:22:39,2026-09-21 23:46:38,1438,Completed,Desktop,en-US,69d5048e7ac1ae5d85837ac2,36,female,Facebook,,ArrowRight,ArrowLeft,ArrowRight,ArrowLeft,ArrowRight,ArrowRight,ArrowRight,ArrowRight,ArrowRight,ArrowRight,ArrowRight,ArrowRight,ArrowRight,ArrowLeft,ArrowRight,ArrowRight,ArrowRight,ArrowLeft,ArrowRight,ArrowRight,ArrowRight,ArrowRight,ArrowLeft,ArrowRight,ArrowRight,ArrowRight,ArrowRight,ArrowRight,ArrowRight,ArrowRight,ArrowRight,ArrowRight,ArrowRight,ArrowRight,ArrowRight,ArrowRight,ArrowRight,ArrowRight,ArrowRight,ArrowRight,ArrowRight,ArrowRight,ArrowRight,ArrowRight,ArrowRight,ArrowRight,ArrowRight,ArrowRight,ArrowRight,ArrowLeft,ArrowLeft,ArrowRight,ArrowRight,ArrowRight,ArrowRight,ArrowRight,ArrowRight,ArrowRight,ArrowRight,ArrowRight,ArrowRight,ArrowRight,ArrowRight,ArrowLeft,ArrowRight,ArrowRight,ArrowRight,ArrowRight,ArrowRight,ArrowRight,ArrowLeft,ArrowRight,ArrowRight,ArrowRight,ArrowLeft,ArrowRight,ArrowLeft,ArrowRight,ArrowRight,ArrowRight,ArrowRight,ArrowLeft,ArrowRight,ArrowRight,ArrowRight,ArrowRight,ArrowRight,ArrowRight,,,,,,,,,,,,,,,,,,,,,,,,,,,,,,,,,,,,,,,,,,,,,,,,,,,,,,,,,,,,,,,,,,,,,,,,,,,,,,,,,,,,,,,,,Deciding which posts I might share,,5,7,6,7,6,7,7,7,3,5,5,7,2,5,3,6,4,4,1,1,2,2,2,1,5,7,6,6,1,1,5,5,5,7,6,7,5,5,3,1,1,1,1,1,5,7,7,7,5,7,7,7,5,7,7,7,2,1,3,1,3,1,3,1,2,5,4,1,1,6,5,7,5,7,5,7,3,6,3,1,1,1,2,1,3,1,1,1,3,1,3,2,5,3,4,4,3,5,5,7,3,5,3,7,1,1,5,7,2,1,5,7,3,1,7,6,3,1,5,1,2,1,3,1,3,7,3,7,2,5,5,7,4,4,1,1,4,4,6,4,1,1,1,1,3,1,5,2,5,7,5,7,3,1,6,3,4,4,2,2,3,6,5,7,1,1,3,2,1,1,2,1,3,1,6,3
f3d6a159-cfb9-4946-9c93-37ea3888ca7f,eaf52786-4296-4fce-934f-c05d05cc58be,2026-09-21 23:22:52,,,In progress,Desktop,en-US,5ec44da606cb7931f04a35e9,,,,,,,,,,,,,,,,,,,,,,,,,,,,,,,,,,,,,,,,,,,,,,,,,,,,,,,,,,,,,,,,,,,,,,,,,,,,,,,,,,,,,,,,,,,,,,,,,,,,,,,,,,,,,,,,,,,,,,,,,,,,,,,,,,,,,,,,,,,,,,,,,,,,,,,,,,,,,,,,,,,,,,,,,,,,,,,,,,,,,,,,,,,,,,,,,,,,,,,,,,,,,,,,,,,,,,,,,,,,,,,,,,,,,,,,,,,,,,,,,,,,,,,,,,,,,,,,,,,,,,,,,,,,,,,,,,,,,,,,,,,,,,,,,,,,,,,,,,,,,,,,,,,,,,,,,,,,,,,,,,,,,,,,,,,,,,,,,,,,,,,,,,,,,,,,,,,,,,
c46ba4aa-2757-4280-b510-593d9f2d0652,9515251b-48dc-468c-b91f-f9ad9f89eed4,2026-09-21 23:26:41,,,In progress,Desktop,en-US,6672d8756129fc9217ceb0d1,27,Male,Other,YouTube,,,,,,,,,,,,,,,,,,,,,,,,,,,,,,,,,,,,,,,,,,,ArrowLeft,,,,,,,,,,,,,,,,,,,,,,,,,,,,,,,,,,,,,,,,,,,,,,,,,,,,,,,,,,,,,,,,,,,,,,,,,,,,,,,,,,,,,,,,,,,,,,,,,,,,,,,,,,,,,,,,,,,,,,,,,,,,,,,,,,,,,,,,,,,,,,,,,,,,,,,,,,,,,,,,,,,,,,,,,,,,,,,,,,,,,,,,,,,,,,,,,,,,,,,,,,,,,,,,,,,,,,,,,,,,,,,,,,,,,,,,,,,,,,,,,,,,,,,,,,,,,,,,,,,,,,,,,,,,,,,,,,,,,,,,,,,,,,,,,,,,,,,,,,,,,,,,,,,,,,,
c8d1a33a-005c-409b-9d5c-904655738f55,a926c2e8-7820-4002-a00f-ee0b398078e2,2026-09-21 23:26:53,2026-09-21 23:50:31,1418,Completed,Desktop,en-US,69cfd3a8dc59402e42230ced,20,"non binary
",X (formerly Twitter),,,,,,,,,,,,,,,,,,,,,,,,,,,,,,,,,,,,,,,,,,,,,,,,,,,,,,,,,,,,,,,,,,,,,,,,,,,,,,,,,,,,,,,,,,ArrowRight,ArrowRight,ArrowRight,ArrowRight,ArrowRight,ArrowRight,ArrowRight,ArrowRight,ArrowLeft,ArrowLeft,ArrowLeft,ArrowRight,ArrowRight,ArrowRight,ArrowRight,ArrowRight,ArrowRight,ArrowRight,ArrowRight,ArrowRight,ArrowLeft,ArrowLeft,ArrowLeft,ArrowRight,ArrowRight,ArrowRight,ArrowRight,ArrowRight,ArrowRight,ArrowRight,ArrowRight,ArrowRight,ArrowRight,ArrowRight,ArrowRight,ArrowRight,ArrowRight,ArrowRight,ArrowRight,ArrowRight,ArrowRight,ArrowRight,ArrowRight,ArrowRight,ArrowRight,ArrowRight,ArrowRight,ArrowRight,ArrowRight,ArrowRight,ArrowRight,ArrowRight,ArrowRight,ArrowRight,ArrowRight,ArrowRight,ArrowRight,ArrowLeft,ArrowRight,ArrowLeft,ArrowRight,ArrowRight,ArrowRight,ArrowRight,ArrowRight,ArrowRight,ArrowRight,ArrowRight,ArrowRight,ArrowRight,ArrowRight,ArrowRight,ArrowRight,ArrowRight,ArrowRight,ArrowRight,ArrowRight,ArrowRight,ArrowRight,ArrowRight,ArrowRight,ArrowRight,ArrowRight,ArrowLeft,ArrowRight,ArrowLeft,ArrowLeft,ArrowRight,Deciding which posts I might share,,1,1,1,1,1,1,6,6,1,1,1,1,1,1,1,1,7,6,7,7,7,6,7,7,1,1,4,4,3,3,2,2,5,4,5,5,7,7,7,7,5,5,7,6,7,6,6,5,1,1,1,1,1,1,2,2,6,5,7,6,7,7,7,7,2,2,4,4,1,1,3,3,1,1,1,1,1,1,1,1,6,6,7,7,7,7,7,7,7,7,7,7,7,7,6,6,2,2,4,4,1,1,1,1,3,4,1,1,6,6,1,1,4,4,7,6,7,7,7,7,6,5,5,5,1,1,1,1,2,4,6,5,3,3,4,4,2,4,5,5,7,7,7,7,7,7,7,7,1,1,1,1,4,4,6,6,4,4,3,3,2,3,5,4,6,6,7,7,6,6,7,7,7,7,7,7
896fcc54-e15b-4491-8510-e0b0f2fa8d2a,8d21bb40-0543-4a72-85f5-08cfaf5e4c7c,2026-09-21 23:28:06,,,In progress,Desktop,en-US,69d834f811b9ae679f0231bb,,,,,,,,,,,,,,,,,,,,,,,,,,,,,,,,,,,,,,,,,,,,,,,,,,,,,,,,,,,,,,,,,,,,,,,,,,,,,,,,,,,,,,,,,,,,,,,,,,,,,,,,,,,,,,,,,,,,,,,,,,,,,,,,,,,,,,,,,,,,,,,,,,,,,,,,,,,,,,,,,,,,,,,,,,,,,,,,,,,,,,,,,,,,,,,,,,,,,,,,,,,,,,,,,,,,,,,,,,,,,,,,,,,,,,,,,,,,,,,,,,,,,,,,,,,,,,,,,,,,,,,,,,,,,,,,,,,,,,,,,,,,,,,,,,,,,,,,,,,,,,,,,,,,,,,,,,,,,,,,,,,,,,,,,,,,,,,,,,,,,,,,,,,,,,,,,,,,,,
26332f31-ef2a-447d-93f0-7c6defe01d6c,fb9e8a1c-9e82-43c0-a4dc-41dd15cc4791,2026-09-21 23:28:26,2026-09-21 23:44:17,950,Completed,Desktop,en-US,6a00b64e8223d6f907dc83da,18,Woman,Instagram,,,,,,,,,,,,,,,,,,,,,,,,,,,,,,,,,,,,,,,,,,,,,,,,,,,,,,,,,,,,,,,,,,,,,,,,,,,,,,,,,,,,,,,,,,ArrowRight,ArrowRight,ArrowRight,ArrowRight,ArrowRight,ArrowRight,ArrowRight,ArrowRight,ArrowRight,ArrowLeft,ArrowRight,ArrowLeft,ArrowRight,ArrowRight,ArrowRight,ArrowRight,ArrowRight,ArrowRight,ArrowLeft,ArrowRight,ArrowRight,ArrowLeft,ArrowLeft,ArrowLeft,ArrowRight,ArrowRight,ArrowRight,ArrowRight,ArrowRight,ArrowLeft,ArrowRight,ArrowLeft,ArrowRight,ArrowRight,ArrowRight,ArrowRight,ArrowRight,ArrowRight,ArrowRight,ArrowRight,ArrowRight,ArrowLeft,ArrowRight,ArrowLeft,ArrowLeft,ArrowLeft,ArrowLeft,ArrowRight,ArrowRight,ArrowRight,ArrowRight,ArrowRight,ArrowRight,ArrowRight,ArrowLeft,ArrowRight,ArrowRight,ArrowLeft,ArrowLeft,ArrowLeft,ArrowLeft,ArrowLeft,ArrowRight,ArrowRight,ArrowRight,ArrowRight,ArrowRight,ArrowRight,ArrowRight,ArrowLeft,ArrowRight,ArrowLeft,ArrowLeft,ArrowLeft,ArrowRight,ArrowRight,ArrowLeft,ArrowLeft,ArrowRight,ArrowLeft,ArrowRight,ArrowRight,ArrowLeft,ArrowLeft,ArrowRight,ArrowLeft,ArrowLeft,ArrowLeft,Deciding which posts I might share,,1,1,1,1,1,1,6,6,1,1,1,1,1,1,1,2,6,5,7,6,5,5,6,6,2,2,2,2,3,3,4,4,1,1,1,1,6,6,4,4,6,5,6,5,6,6,6,5,1,2,1,1,2,2,4,4,3,4,6,6,5,5,6,6,2,2,2,3,1,1,2,2,1,1,2,2,2,2,2,2,5,4,6,6,5,5,6,6,7,6,6,6,6,5,6,6,1,1,3,3,2,2,2,2,5,5,1,2,6,6,1,1,5,5,6,5,6,5,6,6,7,6,6,6,1,1,1,1,1,2,2,2,1,1,1,1,6,5,6,6,6,5,6,5,5,5,6,6,1,1,1,1,5,4,6,6,5,4,6,6,2,2,5,5,5,5,6,5,5,4,6,6,7,7,6,6
28126485-30f5-4ee6-8879-ed246b8b2dcd,0e60f713-15f1-4940-969b-2cc63acccd5b,2026-09-21 23:29:22,,,In progress,Desktop,en-US,69eaf9f93523e705d60990d3,,,,,,,,,,,,,,,,,,,,,,,,,,,,,,,,,,,,,,,,,,,,,,,,,,,,,,,,,,,,,,,,,,,,,,,,,,,,,,,,,,,,,,,,,,,,,,,,,,,,,,,,,,,,,,,,,,,,,,,,,,,,,,,,,,,,,,,,,,,,,,,,,,,,,,,,,,,,,,,,,,,,,,,,,,,,,,,,,,,,,,,,,,,,,,,,,,,,,,,,,,,,,,,,,,,,,,,,,,,,,,,,,,,,,,,,,,,,,,,,,,,,,,,,,,,,,,,,,,,,,,,,,,,,,,,,,,,,,,,,,,,,,,,,,,,,,,,,,,,,,,,,,,,,,,,,,,,,,,,,,,,,,,,,,,,,,,,,,,,,,,,,,,,,,,,,,,,,,,
08fd7c21-75db-4e9b-b060-8df589457473,469113c1-99e1-4d8b-85e7-019deabd3aad,2026-09-21 23:29:59,,,In progress,Desktop,en-US,6a9e6bbb1370f0237397d22d,,,,,,,,,,,,,,,,,,,,,,,,,,,,,,,,,,,,,,,,,,,,,,,,,,,,,,,,,,,,,,,,,,,,,,,,,,,,,,,,,,,,,,,,,,,,,,,,,,,,,,,,,,,,,,,,,,,,,,,,,,,,,,,,,,,,,,,,,,,,,,,,,,,,,,,,,,,,,,,,,,,,,,,,,,,,,,,,,,,,,,,,,,,,,,,,,,,,,,,,,,,,,,,,,,,,,,,,,,,,,,,,,,,,,,,,,,,,,,,,,,,,,,,,,,,,,,,,,,,,,,,,,,,,,,,,,,,,,,,,,,,,,,,,,,,,,,,,,,,,,,,,,,,,,,,,,,,,,,,,,,,,,,,,,,,,,,,,,,,,,,,,,,,,,,,,,,,,,,
70901aeb-effb-4ca6-b701-1aca8d69e1a5,5d147550-0f2d-435b-bf76-4aec53c223ba,2026-09-21 23:31:04,,,In progress,Desktop,en-US,60fd8cf1b99f6ccb0e5fc85a,40,female,Other,Youtube,,ArrowRight,,,,,,,ArrowRight,,,,,,,,ArrowRight,ArrowRight,,,,,ArrowLeft,ArrowRight,,,,,,,,,ArrowRight,ArrowRight,,ArrowRight,,,,,,,,ArrowLeft,ArrowRight,ArrowRight,,,,ArrowRight,,,,,,,,,,ArrowLeft,,,,,,ArrowRight,,,,,ArrowLeft,ArrowLeft,ArrowRight,,,,,,,ArrowLeft,,,,ArrowLeft,,,,,,,,,,,,,,,,,,,,,,,,,,,,,,,,,,,,,,,,,,,,,,,,,,,,,,,,,,,,,,,,,,,,,,,,,,,,,,,,,,,,,,,,,,,,,,,,,,,,,,,,,,,,,,,,,,,,,,,,,,,,,,,,,,,,,,,,,,,,,,,,,,,,,,,,,,,,,,,,,,,,,,,,,,,,,,,,,,,,,,,,,,,,,,,,,,,,,,,,,,,,,,,,,,,,,,,,,,,,,,,,,,,,,,,,,,,,,,,,,,,,,,,,,,,,,,,,,,,,,,,,,,,,,,
78ee6844-9d3d-4752-8820-9c8d4f43dbe1,1d2b5e93-610c-49ba-8844-573b913651fb,2026-09-21 23:31:47,,,In progress,Desktop,en-US,6563b8c95e1de3467955294d,,,,,,,,,,,,,,,,,,,,,,,,,,,,,,,,,,,,,,,,,,,,,,,,,,,,,,,,,,,,,,,,,,,,,,,,,,,,,,,,,,,,,,,,,,,,,,,,,,,,,,,,,,,,,,,,,,,,,,,,,,,,,,,,,,,,,,,,,,,,,,,,,,,,,,,,,,,,,,,,,,,,,,,,,,,,,,,,,,,,,,,,,,,,,,,,,,,,,,,,,,,,,,,,,,,,,,,,,,,,,,,,,,,,,,,,,,,,,,,,,,,,,,,,,,,,,,,,,,,,,,,,,,,,,,,,,,,,,,,,,,,,,,,,,,,,,,,,,,,,,,,,,,,,,,,,,,,,,,,,,,,,,,,,,,,,,,,,,,,,,,,,,,,,,,,,,,,,,,
b93b85c7-2291-4449-a24c-f89e060281d0,34a356a4-9f94-4a84-934e-ae4928309f71,2026-09-21 23:32:19,,,In progress,Desktop,en-US,610a151c96de07b15f28c8cb,,,,,,,,,,,,,,,,,,,,,,,,,,,,,,,,,,,,,,,,,,,,,,,,,,,,,,,,,,,,,,,,,,,,,,,,,,,,,,,,,,,,,,,,,,,,,,,,,,,,,,,,,,,,,,,,,,,,,,,,,,,,,,,,,,,,,,,,,,,,,,,,,,,,,,,,,,,,,,,,,,,,,,,,,,,,,,,,,,,,,,,,,,,,,,,,,,,,,,,,,,,,,,,,,,,,,,,,,,,,,,,,,,,,,,,,,,,,,,,,,,,,,,,,,,,,,,,,,,,,,,,,,,,,,,,,,,,,,,,,,,,,,,,,,,,,,,,,,,,,,,,,,,,,,,,,,,,,,,,,,,,,,,,,,,,,,,,,,,,,,,,,,,,,,,,,,,,,,,
6479dbe5-2610-41ca-b02c-c4d9f663c617,82028bcb-7250-4621-8119-01405dc106a5,2026-09-21 23:32:53,,,In progress,Desktop,en-US,698754c1f51d3f9181f7952b,,,,,,,,,,,,,,,,,,,,,,,,,,,,,,,,,,,,,,,,,,,,,,,,,,,,,,,,,,,,,,,,,,,,,,,,,,,,,,,,,,,,,,,,,,,,,,,,,,,,,,,,,,,,,,,,,,,,,,,,,,,,,,,,,,,,,,,,,,,,,,,,,,,,,,,,,,,,,,,,,,,,,,,,,,,,,,,,,,,,,,,,,,,,,,,,,,,,,,,,,,,,,,,,,,,,,,,,,,,,,,,,,,,,,,,,,,,,,,,,,,,,,,,,,,,,,,,,,,,,,,,,,,,,,,,,,,,,,,,,,,,,,,,,,,,,,,,,,,,,,,,,,,,,,,,,,,,,,,,,,,,,,,,,,,,,,,,,,,,,,,,,,,,,,,,,,,,,,,
2b7e962a-4b21-493b-aaed-033d45783ea1,e413f181-dd72-40f7-83cd-a2cb174e1470,2026-09-21 23:33:02,2026-09-22 00:26:40,3217,Completed,Desktop,en-US,69fa522cfa0c5795862b46b6,38,female,Facebook,,,,,,,,,,,,,,,,,,,,,,,,,,,,,,,,,,,,,,,,,,,,,,,,,,,,,,,,,,,,,,,,,,,,,,,,,,,,,,,,,,,,,,,,,,ArrowLeft,ArrowLeft,ArrowLeft,ArrowRight,ArrowLeft,ArrowLeft,ArrowLeft,ArrowLeft,ArrowRight,ArrowRight,ArrowRight,ArrowRight,ArrowLeft,ArrowLeft,ArrowLeft,ArrowRight,ArrowRight,ArrowRight,ArrowRight,ArrowRight,ArrowRight,ArrowRight,ArrowRight,ArrowRight,ArrowRight,ArrowLeft,ArrowLeft,ArrowLeft,ArrowRight,ArrowRight,ArrowRight,ArrowRight,ArrowLeft,ArrowLeft,ArrowLeft,ArrowRight,ArrowRight,ArrowLeft,ArrowRight,ArrowRight,ArrowRight,ArrowRight,ArrowRight,ArrowRight,ArrowRight,ArrowRight,ArrowRight,ArrowRight,ArrowRight,ArrowRight,ArrowRight,ArrowLeft,ArrowRight,ArrowLeft,ArrowRight,ArrowLeft,ArrowRight,ArrowRight,ArrowRight,ArrowRight,ArrowLeft,ArrowRight,ArrowRight,ArrowRight,ArrowRight,ArrowRight,ArrowRight,ArrowRight,ArrowRight,ArrowRight,ArrowRight,ArrowRight,ArrowRight,ArrowRight,ArrowRight,ArrowRight,ArrowLeft,ArrowRight,ArrowRight,ArrowRight,ArrowRight,ArrowRight,ArrowRight,ArrowRight,ArrowRight,ArrowRight,ArrowRight,ArrowRight,Deciding which posts I might share,,6,7,6,7,6,7,6,7,6,7,6,7,6,7,6,7,6,4,3,2,2,4,4,3,6,4,4,4,3,2,4,3,2,4,2,5,4,4,4,2,2,2,1,4,4,3,2,2,7,7,6,7,6,7,6,6,2,1,3,1,1,1,2,1,6,7,5,7,6,7,5,7,5,7,4,6,4,6,4,6,2,2,2,1,2,1,4,2,2,2,2,1,3,1,2,2,5,7,5,6,5,6,5,7,6,7,7,7,2,1,6,7,1,2,2,1,1,1,2,1,6,2,4,4,4,6,4,5,2,4,2,4,2,6,6,4,6,2,5,6,1,1,1,2,1,1,3,1,3,6,2,4,6,4,6,4,3,2,2,4,3,4,4,6,1,1,2,1,2,1,1,1,5,3,4,4
cddbd2a7-b1e0-4f9b-9973-46b10fdc3345,2edb46d2-9ea2-45c7-828a-94d5a2d45e8d,2026-09-21 23:33:43,,,In progress,Desktop,en-US,6a05c48b93b5011e2d21be9a,31,Male,Instagram,,,,,,,,,,,,,,,,,,,,,,,,,,,,,,,,,,,,,,,,,,,,,,,,,,,,,,,,,,,,,,,,,,,,,,,,,,,,,,,,,,,,,,,,,,,,,,,,,,,,,,,,,,,,,,,,,,,,,,,,,,,,,,,,,,,,,,,,,,,,,,,,,,,,,,,,,,,,,,,,,,,,,,,,,,,,,,,,,,,,,,,,,,,,,,,,,,,,,,,,,,,,,,,,,,,,,,,,,,,,,,,,,,,,,,,,,,,,,,,,,,,,,,,,,,,,,,,,,,,,,,,,,,,,,,,,,,,,,,,,,,,,,,,,,,,,,,,,,,,,,,,,,,,,,,,,,,,,,,,,,,,,,,,,,,,,,,,,,,,,,,,,,,,,,,,,,,,
7a14dbb2-faf4-41fc-ae9a-5803dc444dc9,fc05691c-bb14-4f09-adc2-e6de69982b60,2026-09-21 23:36:05,,,In progress,Desktop,en-US,69d806bc612902240f66de89,,,,,,,,,,,,,,,,,,,,,,,,,,,,,,,,,,,,,,,,,,,,,,,,,,,,,,,,,,,,,,,,,,,,,,,,,,,,,,,,,,,,,,,,,,,,,,,,,,,,,,,,,,,,,,,,,,,,,,,,,,,,,,,,,,,,,,,,,,,,,,,,,,,,,,,,,,,,,,,,,,,,,,,,,,,,,,,,,,,,,,,,,,,,,,,,,,,,,,,,,,,,,,,,,,,,,,,,,,,,,,,,,,,,,,,,,,,,,,,,,,,,,,,,,,,,,,,,,,,,,,,,,,,,,,,,,,,,,,,,,,,,,,,,,,,,,,,,,,,,,,,,,,,,,,,,,,,,,,,,,,,,,,,,,,,,,,,,,,,,,,,,,,,,,,,,,,,,,,
09f38309-65f4-44dd-8dc9-430bdaa92aa7,d2e10d1b-7b7e-4537-b8d0-9e5bee31607f,2026-09-21 23:36:49,,,In progress,Desktop,en-US,69cb3f491047c8c49d91a637,,,,,,,,,,,,,,,,,,,,,,,,,,,,,,,,,,,,,,,,,,,,,,,,,,,,,,,,,,,,,,,,,,,,,,,,,,,,,,,,,,,,,,,,,,,,,,,,,,,,,,,,,,,,,,,,,,,,,,,,,,,,,,,,,,,,,,,,,,,,,,,,,,,,,,,,,,,,,,,,,,,,,,,,,,,,,,,,,,,,,,,,,,,,,,,,,,,,,,,,,,,,,,,,,,,,,,,,,,,,,,,,,,,,,,,,,,,,,,,,,,,,,,,,,,,,,,,,,,,,,,,,,,,,,,,,,,,,,,,,,,,,,,,,,,,,,,,,,,,,,,,,,,,,,,,,,,,,,,,,,,,,,,,,,,,,,,,,,,,,,,,,,,,,,,,,,,,,,,
ef88dcd3-79ac-4d1a-acc2-a3160bbb7efa,ce515729-6622-4284-a112-0c1ec9c7c590,2026-09-21 23:36:59,2026-09-21 23:53:02,963,Completed,Desktop,en-US,6a1647ddf5e2f04458bbe7c9,33,female,Facebook,,,,,,,,,,,,,,,,,,,,,,,,,,,,,,,,,,,,,,,,,,,,,,,,,,,,,,,,,,,,,,,,,,,,,,,,,,,,,,,,,,,,,,,,,,ArrowRight,ArrowLeft,ArrowLeft,ArrowLeft,ArrowRight,ArrowRight,ArrowRight,ArrowRight,ArrowRight,ArrowRight,ArrowRight,ArrowRight,ArrowRight,ArrowLeft,ArrowLeft,ArrowLeft,ArrowRight,ArrowRight,ArrowLeft,ArrowRight,ArrowLeft,ArrowRight,ArrowRight,ArrowLeft,ArrowLeft,ArrowRight,ArrowRight,ArrowLeft,ArrowRight,ArrowRight,ArrowLeft,ArrowRight,ArrowRight,ArrowRight,ArrowRight,ArrowRight,ArrowLeft,ArrowLeft,ArrowRight,ArrowRight,ArrowLeft,ArrowLeft,ArrowRight,ArrowLeft,ArrowLeft,ArrowRight,ArrowRight,ArrowLeft,ArrowRight,ArrowRight,ArrowLeft,ArrowRight,ArrowRight,ArrowLeft,ArrowRight,ArrowRight,ArrowLeft,ArrowRight,ArrowRight,ArrowRight,ArrowRight,ArrowRight,ArrowRight,ArrowRight,ArrowLeft,ArrowLeft,ArrowLeft,ArrowRight,ArrowLeft,ArrowLeft,ArrowLeft,ArrowRight,ArrowRight,ArrowRight,ArrowRight,ArrowRight,ArrowLeft,ArrowRight,ArrowRight,ArrowLeft,ArrowLeft,ArrowLeft,ArrowRight,ArrowRight,ArrowLeft,ArrowRight,ArrowRight,ArrowLeft,Deciding which posts I might share,,7,7,7,7,7,7,6,6,2,2,6,6,7,7,7,7,4,4,1,1,1,1,2,2,6,6,2,2,6,6,2,2,2,2,6,6,2,2,2,2,2,2,2,2,6,6,2,2,7,7,7,7,7,7,7,7,2,2,2,6,2,1,1,1,2,2,6,6,2,2,6,6,6,6,6,7,6,6,6,6,2,2,1,1,2,2,2,2,2,1,2,3,2,2,2,2,4,4,6,6,2,2,7,7,1,1,6,6,2,2,2,2,2,2,2,2,1,1,1,1,1,1,6,6,6,6,2,2,2,2,2,6,2,1,2,6,2,2,6,6,1,1,1,1,2,2,2,3,6,7,6,6,2,2,2,2,2,3,5,2,2,2,5,5,1,1,2,2,1,1,2,2,2,2,2,2
4632ebde-8f65-4a2c-8f62-9c0920ca9e2a,991c6446-c1ac-43f5-9bac-823ff1a48e70,2026-09-21 23:37:30,,,In progress,Desktop,en-US,6980f344c8172cdee6d7d4f9,30,"nonbinary woman ",Instagram,,,,,,,,,,,,,,,,,,,,,,,,,,,,,,,,,,,,,,,,,,,,,,,,,,,,,,,,,,,,,,,,,,,,,,,,,,,,,,,,,,,,,,,,,,,ArrowRight,ArrowRight,,,,ArrowRight,,,ArrowRight,,,,ArrowRight,,,ArrowRight,,,,,,,,,ArrowRight,ArrowRight,ArrowRight,,,,,,,,,,,,,,,,,,,,,,,,,,,ArrowRight,,,ArrowRight,,,,ArrowRight,ArrowRight,,,,ArrowRight,ArrowRight,,ArrowRight,,,ArrowRight,,,,ArrowRight,,ArrowRight,,,,ArrowRight,,ArrowRight,,ArrowRight,,,,,,,,,,,,,,,,,,,,,,,,,,,,,,,,,,,,,,,,,,,,,,,,,,,,,,,,,,,,,,,,,,,,,,,,,,,,,,,,,,,,,,,,,,,,,,,,,,,,,,,,,,,,,,,,,,,,,,,,,,,,,,,,,,,,,,,,,,,,,,,,,,,,,,,,,,,,,,,,,,,,,,,,,,,,,,,,,,,
90282cd4-6930-4dfc-a55f-36a89013250c,dac186b4-ffe5-443f-80d7-e2865234d9fa,2026-09-21 23:38:35,,,In progress,Desktop,en-US,6471243669fd3f43501ed674,,,,,,,,,,,,,,,,,,,,,,,,,,,,,,,,,,,,,,,,,,,,,,,,,,,,,,,,,,,,,,,,,,,,,,,,,,,,,,,,,,,,,,,,,,,,,,,,,,,,,,,,,,,,,,,,,,,,,,,,,,,,,,,,,,,,,,,,,,,,,,,,,,,,,,,,,,,,,,,,,,,,,,,,,,,,,,,,,,,,,,,,,,,,,,,,,,,,,,,,,,,,,,,,,,,,,,,,,,,,,,,,,,,,,,,,,,,,,,,,,,,,,,,,,,,,,,,,,,,,,,,,,,,,,,,,,,,,,,,,,,,,,,,,,,,,,,,,,,,,,,,,,,,,,,,,,,,,,,,,,,,,,,,,,,,,,,,,,,,,,,,,,,,,,,,,,,,,,,
d1d7db0f-eb8d-47b2-b272-edb6a568dc00,d18d65c3-f831-4c7a-bd3b-553ebd9a5b2d,2026-09-21 23:45:03,,,In progress,Desktop,en-US,6615d2264e4143b2a0c983d6,,,,,,,,,,,,,,,,,,,,,,,,,,,,,,,,,,,,,,,,,,,,,,,,,,,,,,,,,,,,,,,,,,,,,,,,,,,,,,,,,,,,,,,,,,,,,,,,,,,,,,,,,,,,,,,,,,,,,,,,,,,,,,,,,,,,,,,,,,,,,,,,,,,,,,,,,,,,,,,,,,,,,,,,,,,,,,,,,,,,,,,,,,,,,,,,,,,,,,,,,,,,,,,,,,,,,,,,,,,,,,,,,,,,,,,,,,,,,,,,,,,,,,,,,,,,,,,,,,,,,,,,,,,,,,,,,,,,,,,,,,,,,,,,,,,,,,,,,,,,,,,,,,,,,,,,,,,,,,,,,,,,,,,,,,,,,,,,,,,,,,,,,,,,,,,,,,,,,,
a7558ae2-34e5-476d-af86-3c6ffb592b38,febd2739-9457-4e7e-aac7-d4eb44ec8bc8,2026-09-21 23:46:12,,,In progress,Desktop,en-US,69fe15de5c160284185b1090,,,,,,,,,,,,,,,,,,,,,,,,,,,,,,,,,,,,,,,,,,,,,,,,,,,,,,,,,,,,,,,,,,,,,,,,,,,,,,,,,,,,,,,,,,,,,,,,,,,,,,,,,,,,,,,,,,,,,,,,,,,,,,,,,,,,,,,,,,,,,,,,,,,,,,,,,,,,,,,,,,,,,,,,,,,,,,,,,,,,,,,,,,,,,,,,,,,,,,,,,,,,,,,,,,,,,,,,,,,,,,,,,,,,,,,,,,,,,,,,,,,,,,,,,,,,,,,,,,,,,,,,,,,,,,,,,,,,,,,,,,,,,,,,,,,,,,,,,,,,,,,,,,,,,,,,,,,,,,,,,,,,,,,,,,,,,,,,,,,,,,,,,,,,,,,,,,,,,,
57ffd17c-8e87-4c20-a645-bdef829f390e,96f6f090-db78-44c6-8fc8-191771e6fe08,2026-09-21 23:48:27,2026-09-22 00:12:51,1463,Completed,Desktop,en-US,6a06473163e2fd405681645f,"42
",male,Facebook,,ArrowRight,ArrowRight,ArrowRight,ArrowRight,ArrowRight,ArrowLeft,ArrowRight,ArrowRight,ArrowRight,ArrowLeft,ArrowLeft,ArrowLeft,ArrowRight,ArrowRight,ArrowLeft,ArrowRight,ArrowRight,ArrowRight,ArrowLeft,ArrowRight,ArrowRight,ArrowRight,ArrowRight,ArrowRight,ArrowRight,ArrowRight,ArrowRight,ArrowRight,ArrowRight,ArrowLeft,ArrowRight,ArrowLeft,ArrowRight,ArrowRight,ArrowRight,ArrowRight,ArrowRight,ArrowRight,ArrowRight,ArrowRight,ArrowRight,ArrowRight,ArrowRight,ArrowRight,ArrowLeft,ArrowLeft,ArrowLeft,ArrowLeft,ArrowRight,ArrowLeft,ArrowRight,ArrowRight,ArrowRight,ArrowRight,ArrowRight,ArrowRight,ArrowLeft,ArrowLeft,ArrowLeft,ArrowLeft,ArrowLeft,ArrowLeft,ArrowRight,ArrowRight,ArrowRight,ArrowRight,ArrowRight,ArrowRight,ArrowLeft,ArrowRight,ArrowLeft,ArrowLeft,ArrowLeft,ArrowLeft,ArrowLeft,ArrowRight,ArrowRight,ArrowLeft,ArrowRight,ArrowRight,ArrowRight,ArrowRight,ArrowLeft,ArrowLeft,ArrowLeft,ArrowLeft,ArrowLeft,ArrowLeft,,,,,,,,,,,,,,,,,,,,,,,,,,,,,,,,,,,,,,,,,,,,,,,,,,,,,,,,,,,,,,,,,,,,,,,,,,,,,,,,,,,,,,,,,Deciding which posts I might share,,1,2,1,2,1,2,6,6,1,2,1,2,1,2,1,2,2,1,5,6,5,6,4,4,3,2,2,2,6,5,5,6,2,2,2,4,7,6,4,4,1,2,2,1,6,6,2,2,2,1,3,1,1,1,2,2,3,2,6,6,6,5,6,6,1,2,1,2,1,3,2,2,5,4,5,4,1,1,2,2,2,2,3,2,3,3,3,4,7,6,7,7,7,7,7,5,1,1,2,1,1,1,1,2,5,5,1,1,7,7,2,1,5,6,7,6,5,6,7,7,6,5,5,4,1,1,1,2,1,1,4,4,1,1,1,1,3,4,5,6,7,7,7,6,7,6,7,7,1,1,1,1,6,5,6,6,5,3,1,2,1,1,5,4,4,4,7,7,7,6,7,6,7,6,7,6
2d13c3d7-c8c9-400f-97ad-414118c89abd,ce4e8214-18b4-49bc-9628-6bcc965ea023,2026-09-21 23:51:13,,,In progress,Mobile,en-US,66eee38af9dffb18e0c64eec,,,,,,,,,,,,,,,,,,,,,,,,,,,,,,,,,,,,,,,,,,,,,,,,,,,,,,,,,,,,,,,,,,,,,,,,,,,,,,,,,,,,,,,,,,,,,,,,,,,,,,,,,,,,,,,,,,,,,,,,,,,,,,,,,,,,,,,,,,,,,,,,,,,,,,,,,,,,,,,,,,,,,,,,,,,,,,,,,,,,,,,,,,,,,,,,,,,,,,,,,,,,,,,,,,,,,,,,,,,,,,,,,,,,,,,,,,,,,,,,,,,,,,,,,,,,,,,,,,,,,,,,,,,,,,,,,,,,,,,,,,,,,,,,,,,,,,,,,,,,,,,,,,,,,,,,,,,,,,,,,,,,,,,,,,,,,,,,,,,,,,,,,,,,,,,,,,,,,,
0eadc67b-80e0-463f-afb8-8ad72f9586b2,219d38de-29a7-4674-9914-a9e9223797b0,2026-09-21 23:52:14,2026-09-22 00:24:58,1964,Completed,Desktop,en-US,6a9857d4953bef6fd5621d67,22,male,X (formerly Twitter),,ArrowRight,ArrowRight,ArrowRight,ArrowRight,ArrowRight,ArrowLeft,ArrowRight,ArrowLeft,ArrowLeft,ArrowLeft,ArrowRight,ArrowLeft,ArrowRight,ArrowRight,ArrowLeft,ArrowLeft,ArrowLeft,ArrowLeft,ArrowLeft,ArrowRight,ArrowRight,ArrowLeft,ArrowRight,ArrowRight,ArrowLeft,ArrowRight,ArrowLeft,ArrowLeft,ArrowLeft,ArrowRight,ArrowLeft,ArrowLeft,ArrowLeft,ArrowRight,ArrowRight,ArrowLeft,ArrowRight,ArrowRight,ArrowRight,ArrowLeft,ArrowLeft,ArrowLeft,ArrowRight,ArrowRight,ArrowLeft,ArrowRight,ArrowRight,ArrowRight,ArrowLeft,ArrowLeft,ArrowRight,ArrowLeft,ArrowLeft,ArrowLeft,ArrowLeft,ArrowRight,ArrowRight,ArrowLeft,ArrowLeft,ArrowRight,ArrowRight,ArrowRight,ArrowLeft,ArrowRight,ArrowLeft,ArrowRight,ArrowLeft,ArrowLeft,ArrowLeft,ArrowRight,ArrowRight,ArrowLeft,ArrowLeft,ArrowLeft,ArrowRight,ArrowRight,ArrowLeft,ArrowLeft,ArrowRight,ArrowLeft,ArrowRight,ArrowLeft,ArrowRight,ArrowLeft,ArrowLeft,ArrowLeft,ArrowLeft,ArrowLeft,,,,,,,,,,,,,,,,,,,,,,,,,,,,,,,,,,,,,,,,,,,,,,,,,,,,,,,,,,,,,,,,,,,,,,,,,,,,,,,,,,,,,,,,,Learning about the views people hold on these issues,,7,7,7,7,7,7,7,7,7,7,7,7,7,7,7,7,7,7,7,7,7,7,7,7,7,7,7,7,7,7,7,7,7,7,1,1,7,7,7,7,7,7,7,7,7,7,7,7,7,7,7,7,7,7,7,7,7,7,7,7,7,7,7,7,7,7,3,4,7,7,7,7,7,7,1,3,7,7,7,7,7,7,7,7,7,7,7,5,7,7,7,7,7,7,7,5,7,7,7,7,7,7,7,7,7,7,7,7,7,7,7,7,7,7,7,7,7,7,7,7,7,7,7,7,1,1,7,7,7,7,7,5,7,7,7,7,7,7,7,7,7,7,7,7,7,7,7,7,7,7,7,7,7,7,7,7,7,7,7,7,7,7,7,7,2,3,7,7,7,7,5,6,7,7,7,7
cf8d7509-8ca3-4526-b8d9-d690c0ea51d3,82a7b82b-c4b5-4625-8fb9-e258af7de630,2026-09-21 23:52:16,,,In progress,Mobile,en-US,69e21403949dce81cfe62033,,,,,,,,,,,,,,,,,,,,,,,,,,,,,,,,,,,,,,,,,,,,,,,,,,,,,,,,,,,,,,,,,,,,,,,,,,,,,,,,,,,,,,,,,,,,,,,,,,,,,,,,,,,,,,,,,,,,,,,,,,,,,,,,,,,,,,,,,,,,,,,,,,,,,,,,,,,,,,,,,,,,,,,,,,,,,,,,,,,,,,,,,,,,,,,,,,,,,,,,,,,,,,,,,,,,,,,,,,,,,,,,,,,,,,,,,,,,,,,,,,,,,,,,,,,,,,,,,,,,,,,,,,,,,,,,,,,,,,,,,,,,,,,,,,,,,,,,,,,,,,,,,,,,,,,,,,,,,,,,,,,,,,,,,,,,,,,,,,,,,,,,,,,,,,,,,,,,,,
9a955314-58c7-4fc3-b00d-515b1d43e6c6,168399e7-1d8a-4222-a967-5f7401497380,2026-09-21 23:54:23,,,In progress,Desktop,en-US,"66eee38af9dffb18e0c64eec
",,,,,,,,,,,,,,,,,,,,,,,,,,,,,,,,,,,,,,,,,,,,,,,,,,,,,,,,,,,,,,,,,,,,,,,,,,,,,,,,,,,,,,,,,,,,,,,,,,,,,,,,,,,,,,,,,,,,,,,,,,,,,,,,,,,,,,,,,,,,,,,,,,,,,,,,,,,,,,,,,,,,,,,,,,,,,,,,,,,,,,,,,,,,,,,,,,,,,,,,,,,,,,,,,,,,,,,,,,,,,,,,,,,,,,,,,,,,,,,,,,,,,,,,,,,,,,,,,,,,,,,,,,,,,,,,,,,,,,,,,,,,,,,,,,,,,,,,,,,,,,,,,,,,,,,,,,,,,,,,,,,,,,,,,,,,,,,,,,,,,,,,,,,,,,,,,,,,,,
fd51edc0-49ff-41a1-9e66-93d83d90ce69,54d1a229-6302-4ca4-9d20-24ecae22fbcc,2026-09-21 23:54:32,,,In progress,Desktop,en-US,6945535841ab7457fe30cada,,,,,,,,,,,,,,,,,,,,,,,,,,,,,,,,,,,,,,,,,,,,,,,,,,,,,,,,,,,,,,,,,,,,,,,,,,,,,,,,,,,,,,,,,,,,,,,,,,,,,,,,,,,,,,,,,,,,,,,,,,,,,,,,,,,,,,,,,,,,,,,,,,,,,,,,,,,,,,,,,,,,,,,,,,,,,,,,,,,,,,,,,,,,,,,,,,,,,,,,,,,,,,,,,,,,,,,,,,,,,,,,,,,,,,,,,,,,,,,,,,,,,,,,,,,,,,,,,,,,,,,,,,,,,,,,,,,,,,,,,,,,,,,,,,,,,,,,,,,,,,,,,,,,,,,,,,,,,,,,,,,,,,,,,,,,,,,,,,,,,,,,,,,,,,,,,,,,,,
93dcd0a8-b82c-4dbd-940e-09ce5cea47aa,19e7ec70-c895-4925-9dca-79c3c1938f40,2026-09-21 23:55:38,,,In progress,Desktop,en-US,69e7959ed48cfd369a5f0da5,,,,,,,,,,,,,,,,,,,,,,,,,,,,,,,,,,,,,,,,,,,,,,,,,,,,,,,,,,,,,,,,,,,,,,,,,,,,,,,,,,,,,,,,,,,,,,,,,,,,,,,,,,,,,,,,,,,,,,,,,,,,,,,,,,,,,,,,,,,,,,,,,,,,,,,,,,,,,,,,,,,,,,,,,,,,,,,,,,,,,,,,,,,,,,,,,,,,,,,,,,,,,,,,,,,,,,,,,,,,,,,,,,,,,,,,,,,,,,,,,,,,,,,,,,,,,,,,,,,,,,,,,,,,,,,,,,,,,,,,,,,,,,,,,,,,,,,,,,,,,,,,,,,,,,,,,,,,,,,,,,,,,,,,,,,,,,,,,,,,,,,,,,,,,,,,,,,,,,
15d3fd0b-3d2e-471e-bdc8-ff37256dd0db,f5c6d248-e189-482a-b5e4-26206a315535,2026-09-21 23:55:49,,,In progress,Desktop,en-US,5f84743db0bcc50c63cdb55c,,,,,,,,,,,,,,,,,,,,,,,,,,,,,,,,,,,,,,,,,,,,,,,,,,,,,,,,,,,,,,,,,,,,,,,,,,,,,,,,,,,,,,,,,,,,,,,,,,,,,,,,,,,,,,,,,,,,,,,,,,,,,,,,,,,,,,,,,,,,,,,,,,,,,,,,,,,,,,,,,,,,,,,,,,,,,,,,,,,,,,,,,,,,,,,,,,,,,,,,,,,,,,,,,,,,,,,,,,,,,,,,,,,,,,,,,,,,,,,,,,,,,,,,,,,,,,,,,,,,,,,,,,,,,,,,,,,,,,,,,,,,,,,,,,,,,,,,,,,,,,,,,,,,,,,,,,,,,,,,,,,,,,,,,,,,,,,,,,,,,,,,,,,,,,,,,,,,,,
b67bd33b-9359-454f-8d5d-b1d66011c243,47c09089-76fa-480a-ba43-4cfeccde3d4f,2026-09-21 23:56:45,,,In progress,Desktop,en-US,69af9cfa02fcdbbb9eae4b3f,,,,,,,,,,,,,,,,,,,,,,,,,,,,,,,,,,,,,,,,,,,,,,,,,,,,,,,,,,,,,,,,,,,,,,,,,,,,,,,,,,,,,,,,,,,,,,,,,,,,,,,,,,,,,,,,,,,,,,,,,,,,,,,,,,,,,,,,,,,,,,,,,,,,,,,,,,,,,,,,,,,,,,,,,,,,,,,,,,,,,,,,,,,,,,,,,,,,,,,,,,,,,,,,,,,,,,,,,,,,,,,,,,,,,,,,,,,,,,,,,,,,,,,,,,,,,,,,,,,,,,,,,,,,,,,,,,,,,,,,,,,,,,,,,,,,,,,,,,,,,,,,,,,,,,,,,,,,,,,,,,,,,,,,,,,,,,,,,,,,,,,,,,,,,,,,,,,,,,
47351c33-ff0f-4252-8d4a-1b314d5080c2,a2862373-50a9-48c3-b227-dd2460adb01b,2026-09-21 23:57:06,,,In progress,Desktop,en-US,677867dd92e5cc616ab5ffce,,,,,,,,,,,,,,,,,,,,,,,,,,,,,,,,,,,,,,,,,,,,,,,,,,,,,,,,,,,,,,,,,,,,,,,,,,,,,,,,,,,,,,,,,,,,,,,,,,,,,,,,,,,,,,,,,,,,,,,,,,,,,,,,,,,,,,,,,,,,,,,,,,,,,,,,,,,,,,,,,,,,,,,,,,,,,,,,,,,,,,,,,,,,,,,,,,,,,,,,,,,,,,,,,,,,,,,,,,,,,,,,,,,,,,,,,,,,,,,,,,,,,,,,,,,,,,,,,,,,,,,,,,,,,,,,,,,,,,,,,,,,,,,,,,,,,,,,,,,,,,,,,,,,,,,,,,,,,,,,,,,,,,,,,,,,,,,,,,,,,,,,,,,,,,,,,,,,,,
1d389178-6ab4-4024-ba7f-fa79c85ae841,18c3eac0-4d7a-4989-842d-ccce7bc3a59f,2026-09-21 23:58:25,,,In progress,Desktop,en-US,6a0afbacaa3e392a11a7e8a1,,,,,,,,,,,,,,,,,,,,,,,,,,,,,,,,,,,,,,,,,,,,,,,,,,,,,,,,,,,,,,,,,,,,,,,,,,,,,,,,,,,,,,,,,,,,,,,,,,,,,,,,,,,,,,,,,,,,,,,,,,,,,,,,,,,,,,,,,,,,,,,,,,,,,,,,,,,,,,,,,,,,,,,,,,,,,,,,,,,,,,,,,,,,,,,,,,,,,,,,,,,,,,,,,,,,,,,,,,,,,,,,,,,,,,,,,,,,,,,,,,,,,,,,,,,,,,,,,,,,,,,,,,,,,,,,,,,,,,,,,,,,,,,,,,,,,,,,,,,,,,,,,,,,,,,,,,,,,,,,,,,,,,,,,,,,,,,,,,,,,,,,,,,,,,,,,,,,,,
9e6a93d9-bf41-4951-a04c-086d90f91041,40459a11-c6ce-48cd-80fd-4ed9ac8d31bc,2026-09-21 23:59:01,,,In progress,Desktop,en-US,674e8a26a79fc76ab5d9a621,,,,,,,,,,,,,,,,,,,,,,,,,,,,,,,,,,,,,,,,,,,,,,,,,,,,,,,,,,,,,,,,,,,,,,,,,,,,,,,,,,,,,,,,,,,,,,,,,,,,,,,,,,,,,,,,,,,,,,,,,,,,,,,,,,,,,,,,,,,,,,,,,,,,,,,,,,,,,,,,,,,,,,,,,,,,,,,,,,,,,,,,,,,,,,,,,,,,,,,,,,,,,,,,,,,,,,,,,,,,,,,,,,,,,,,,,,,,,,,,,,,,,,,,,,,,,,,,,,,,,,,,,,,,,,,,,,,,,,,,,,,,,,,,,,,,,,,,,,,,,,,,,,,,,,,,,,,,,,,,,,,,,,,,,,,,,,,,,,,,,,,,,,,,,,,,,,,,,,
952d7c5c-5ae0-418f-aa67-a539bc3de34f,cdc17ff6-c724-46f5-99bf-ce7f968d90a3,2026-09-21 23:59:17,,,In progress,Desktop,en-US,67bf8696b3b7e7a95c9cd9bf,,,,,,,,,,,,,,,,,,,,,,,,,,,,,,,,,,,,,,,,,,,,,,,,,,,,,,,,,,,,,,,,,,,,,,,,,,,,,,,,,,,,,,,,,,,,,,,,,,,,,,,,,,,,,,,,,,,,,,,,,,,,,,,,,,,,,,,,,,,,,,,,,,,,,,,,,,,,,,,,,,,,,,,,,,,,,,,,,,,,,,,,,,,,,,,,,,,,,,,,,,,,,,,,,,,,,,,,,,,,,,,,,,,,,,,,,,,,,,,,,,,,,,,,,,,,,,,,,,,,,,,,,,,,,,,,,,,,,,,,,,,,,,,,,,,,,,,,,,,,,,,,,,,,,,,,,,,,,,,,,,,,,,,,,,,,,,,,,,,,,,,,,,,,,,,,,,,,,,
c877ff92-b869-4863-a876-ffabd23fd523,9a6da07c-704e-4e7f-bfdb-a32cf977d4bb,2026-09-21 23:59:48,,,In progress,Desktop,en-US,6a9827fabace4632a9ffb769,35,male,Instagram,,,,,,,,,,,,,,,,,,,,,,,,,,,,,,,,,,,,,,,,,,,,,,,,,,,,,,,,,,,,,,,,,,,,,,,,,,,,,,,,,,,,,,,,,,,,ArrowLeft,ArrowLeft,ArrowLeft,ArrowLeft,,ArrowLeft,ArrowLeft,,,,,ArrowLeft,,,,,,,ArrowLeft,,,ArrowLeft,,,ArrowLeft,ArrowLeft,ArrowLeft,,,,,,,,,,,,,,,,,,,,,,,,,,,,,ArrowLeft,ArrowLeft,,ArrowLeft,ArrowLeft,,,,,,ArrowLeft,,,,ArrowLeft,,,,,,,,,ArrowLeft,ArrowRight,,,,,ArrowLeft,,,,,,,,,,,,,,,,,,,,,,,,,,,,,,,,,,,,,,,,,,,,,,,,,,,,,,,,,,,,,,,,,,,,,,,,,,,,,,,,,,,,,,,,,,,,,,,,,,,,,,,,,,,,,,,,,,,,,,,,,,,,,,,,,,,,,,,,,,,,,,,,,,,,,,,,,,,,,,,,,,,,,,,,,,,,,,,,,,,
dff1c367-5b6b-4971-9c7a-489b0824c021,874e6b70-6d7e-4a7b-bb91-e42d2c99ee93,2026-09-22 00:01:28,,,In progress,Desktop,en-US,6a9f9737901acf6ca6b5353c,,,,,,,,,,,,,,,,,,,,,,,,,,,,,,,,,,,,,,,,,,,,,,,,,,,,,,,,,,,,,,,,,,,,,,,,,,,,,,,,,,,,,,,,,,,,,,,,,,,,,,,,,,,,,,,,,,,,,,,,,,,,,,,,,,,,,,,,,,,,,,,,,,,,,,,,,,,,,,,,,,,,,,,,,,,,,,,,,,,,,,,,,,,,,,,,,,,,,,,,,,,,,,,,,,,,,,,,,,,,,,,,,,,,,,,,,,,,,,,,,,,,,,,,,,,,,,,,,,,,,,,,,,,,,,,,,,,,,,,,,,,,,,,,,,,,,,,,,,,,,,,,,,,,,,,,,,,,,,,,,,,,,,,,,,,,,,,,,,,,,,,,,,,,,,,,,,,,,,
3caefe5f-15d4-40eb-b467-d8924a5d2d4a,f9299de7-1b59-4a53-bb06-d3580fb206f8,2026-09-22 00:02:37,,,In progress,Desktop,en-US,667b56b086373fdd0b1ea4a3,,,,,,,,,,,,,,,,,,,,,,,,,,,,,,,,,,,,,,,,,,,,,,,,,,,,,,,,,,,,,,,,,,,,,,,,,,,,,,,,,,,,,,,,,,,,,,,,,,,,,,,,,,,,,,,,,,,,,,,,,,,,,,,,,,,,,,,,,,,,,,,,,,,,,,,,,,,,,,,,,,,,,,,,,,,,,,,,,,,,,,,,,,,,,,,,,,,,,,,,,,,,,,,,,,,,,,,,,,,,,,,,,,,,,,,,,,,,,,,,,,,,,,,,,,,,,,,,,,,,,,,,,,,,,,,,,,,,,,,,,,,,,,,,,,,,,,,,,,,,,,,,,,,,,,,,,,,,,,,,,,,,,,,,,,,,,,,,,,,,,,,,,,,,,,,,,,,,,,
69768a8d-0aff-4d21-9c19-4e315ac9ffc8,cf9036c1-ef7e-47ce-8a61-af46f075fc87,2026-09-22 00:04:18,2026-09-22 00:24:12,1194,Completed,Desktop,en-US,62e04413fd91f451e42d558d,28,Female,Instagram,,,,,,,,,,,,,,,,,,,,,,,,,,,,,,,,,,,,,,,,,,,,,,,,,,,,,,,,,,,,,,,,,,,,,,,,,,,,,,,,,,,,,,,,,,ArrowRight,ArrowRight,ArrowRight,ArrowLeft,ArrowRight,ArrowRight,ArrowRight,ArrowRight,ArrowRight,ArrowRight,ArrowRight,ArrowRight,ArrowRight,ArrowRight,ArrowRight,ArrowRight,ArrowRight,ArrowRight,ArrowRight,ArrowRight,ArrowRight,ArrowRight,ArrowRight,ArrowRight,ArrowRight,ArrowRight,ArrowRight,ArrowRight,ArrowRight,ArrowRight,ArrowRight,ArrowRight,ArrowRight,ArrowRight,ArrowRight,ArrowRight,ArrowRight,ArrowRight,ArrowRight,ArrowRight,ArrowRight,ArrowRight,ArrowRight,ArrowRight,ArrowRight,ArrowRight,ArrowRight,ArrowRight,ArrowRight,ArrowRight,ArrowRight,ArrowRight,ArrowRight,ArrowRight,ArrowRight,ArrowRight,ArrowRight,ArrowRight,ArrowRight,ArrowRight,ArrowRight,ArrowRight,ArrowRight,ArrowRight,ArrowRight,ArrowRight,ArrowRight,ArrowRight,ArrowRight,ArrowRight,ArrowRight,ArrowRight,ArrowRight,ArrowRight,ArrowRight,ArrowLeft,ArrowRight,ArrowRight,ArrowRight,ArrowRight,ArrowRight,ArrowRight,ArrowRight,ArrowRight,ArrowRight,ArrowLeft,ArrowRight,ArrowRight,Deciding which posts I might share,,2,2,2,2,2,2,6,5,3,2,2,2,2,2,2,2,2,4,4,6,4,6,5,6,2,2,4,3,2,2,4,6,2,2,2,2,6,6,4,6,2,6,4,6,5,5,4,4,4,2,4,2,5,2,6,4,3,4,6,6,6,6,5,5,2,2,2,2,2,2,2,2,4,2,4,2,4,2,4,2,2,4,4,5,4,2,3,4,4,6,3,5,4,6,4,5,2,2,5,3,2,2,3,2,5,5,4,2,4,4,3,2,2,6,5,6,4,6,5,6,6,6,3,5,2,2,4,2,2,2,2,2,2,2,3,3,2,2,6,5,5,5,6,6,5,5,4,4,2,2,5,2,4,6,5,6,4,4,4,4,4,3,3,3,5,6,2,4,5,6,6,6,6,6,6,6
04e5b49e-892d-432e-a9f9-4fd495ca87f3,6b6da1dd-f5aa-40bd-96b3-b7de87aeaae4,2026-09-22 00:04:26,,,In progress,Desktop,en-US,6727e176e5f011b020a6a2db,,,,,,,,,,,,,,,,,,,,,,,,,,,,,,,,,,,,,,,,,,,,,,,,,,,,,,,,,,,,,,,,,,,,,,,,,,,,,,,,,,,,,,,,,,,,,,,,,,,,,,,,,,,,,,,,,,,,,,,,,,,,,,,,,,,,,,,,,,,,,,,,,,,,,,,,,,,,,,,,,,,,,,,,,,,,,,,,,,,,,,,,,,,,,,,,,,,,,,,,,,,,,,,,,,,,,,,,,,,,,,,,,,,,,,,,,,,,,,,,,,,,,,,,,,,,,,,,,,,,,,,,,,,,,,,,,,,,,,,,,,,,,,,,,,,,,,,,,,,,,,,,,,,,,,,,,,,,,,,,,,,,,,,,,,,,,,,,,,,,,,,,,,,,,,,,,,,,,,
74b23eba-04c4-44b6-b798-2395d9e71578,e63e25bc-2d5d-424a-91f3-39eb0fa782b5,2026-09-22 00:06:48,,,In progress,Desktop,en-US,66457d0b1dbaefe3f2dd730d,,,,,,,,,,,,,,,,,,,,,,,,,,,,,,,,,,,,,,,,,,,,,,,,,,,,,,,,,,,,,,,,,,,,,,,,,,,,,,,,,,,,,,,,,,,,,,,,,,,,,,,,,,,,,,,,,,,,,,,,,,,,,,,,,,,,,,,,,,,,,,,,,,,,,,,,,,,,,,,,,,,,,,,,,,,,,,,,,,,,,,,,,,,,,,,,,,,,,,,,,,,,,,,,,,,,,,,,,,,,,,,,,,,,,,,,,,,,,,,,,,,,,,,,,,,,,,,,,,,,,,,,,,,,,,,,,,,,,,,,,,,,,,,,,,,,,,,,,,,,,,,,,,,,,,,,,,,,,,,,,,,,,,,,,,,,,,,,,,,,,,,,,,,,,,,,,,,,,,
434fbe2e-11b2-4e11-a1d5-12a9d68b6063,902209fa-b03b-47ca-9aa6-67ffa81a7f87,2026-09-22 00:07:13,,,In progress,Desktop,en-US,6a0f3c353b8b69bdf8d8a5ba,,,,,,,,,,,,,,,,,,,,,,,,,,,,,,,,,,,,,,,,,,,,,,,,,,,,,,,,,,,,,,,,,,,,,,,,,,,,,,,,,,,,,,,,,,,,,,,,,,,,,,,,,,,,,,,,,,,,,,,,,,,,,,,,,,,,,,,,,,,,,,,,,,,,,,,,,,,,,,,,,,,,,,,,,,,,,,,,,,,,,,,,,,,,,,,,,,,,,,,,,,,,,,,,,,,,,,,,,,,,,,,,,,,,,,,,,,,,,,,,,,,,,,,,,,,,,,,,,,,,,,,,,,,,,,,,,,,,,,,,,,,,,,,,,,,,,,,,,,,,,,,,,,,,,,,,,,,,,,,,,,,,,,,,,,,,,,,,,,,,,,,,,,,,,,,,,,,,,,
805bb6a3-ae5c-4e89-a86a-27e4a2c6e081,58be4b79-3804-4691-8fd1-a8e5889dc10e,2026-09-22 00:09:52,,,In progress,Desktop,en-US,69902cef156171d871865e6c,,,,,,,,,,,,,,,,,,,,,,,,,,,,,,,,,,,,,,,,,,,,,,,,,,,,,,,,,,,,,,,,,,,,,,,,,,,,,,,,,,,,,,,,,,,,,,,,,,,,,,,,,,,,,,,,,,,,,,,,,,,,,,,,,,,,,,,,,,,,,,,,,,,,,,,,,,,,,,,,,,,,,,,,,,,,,,,,,,,,,,,,,,,,,,,,,,,,,,,,,,,,,,,,,,,,,,,,,,,,,,,,,,,,,,,,,,,,,,,,,,,,,,,,,,,,,,,,,,,,,,,,,,,,,,,,,,,,,,,,,,,,,,,,,,,,,,,,,,,,,,,,,,,,,,,,,,,,,,,,,,,,,,,,,,,,,,,,,,,,,,,,,,,,,,,,,,,,,,
06dd76cf-e675-49e4-808b-8eebe2460772,0423a1c6-8b50-420e-8976-d1f078cbab33,2026-09-22 00:09:56,,,In progress,Mobile,en-US,69a774fba33d153ddf609cd2,,,,,,,,,,,,,,,,,,,,,,,,,,,,,,,,,,,,,,,,,,,,,,,,,,,,,,,,,,,,,,,,,,,,,,,,,,,,,,,,,,,,,,,,,,,,,,,,,,,,,,,,,,,,,,,,,,,,,,,,,,,,,,,,,,,,,,,,,,,,,,,,,,,,,,,,,,,,,,,,,,,,,,,,,,,,,,,,,,,,,,,,,,,,,,,,,,,,,,,,,,,,,,,,,,,,,,,,,,,,,,,,,,,,,,,,,,,,,,,,,,,,,,,,,,,,,,,,,,,,,,,,,,,,,,,,,,,,,,,,,,,,,,,,,,,,,,,,,,,,,,,,,,,,,,,,,,,,,,,,,,,,,,,,,,,,,,,,,,,,,,,,,,,,,,,,,,,,,,
d50a5fdd-cad7-4e57-87ca-0295047f8e3c,116fee99-b50b-4715-997b-eb5b1e51c8c6,2026-09-22 00:10:56,,,In progress,Desktop,en-US,6a9862b993090788f2c09c0c,,,,,,,,,,,,,,,,,,,,,,,,,,,,,,,,,,,,,,,,,,,,,,,,,,,,,,,,,,,,,,,,,,,,,,,,,,,,,,,,,,,,,,,,,,,,,,,,,,,,,,,,,,,,,,,,,,,,,,,,,,,,,,,,,,,,,,,,,,,,,,,,,,,,,,,,,,,,,,,,,,,,,,,,,,,,,,,,,,,,,,,,,,,,,,,,,,,,,,,,,,,,,,,,,,,,,,,,,,,,,,,,,,,,,,,,,,,,,,,,,,,,,,,,,,,,,,,,,,,,,,,,,,,,,,,,,,,,,,,,,,,,,,,,,,,,,,,,,,,,,,,,,,,,,,,,,,,,,,,,,,,,,,,,,,,,,,,,,,,,,,,,,,,,,,,,,,,,,,
9705acb6-02f8-4929-854b-a16c5596d590,115848ff-c7a3-4d21-a2bd-3272ca4a836b,2026-09-22 00:11:27,2026-09-22 00:34:09,1362,Completed,Desktop,en-US,67867a585f5fe63e8e94bb28,24,female,Facebook,,ArrowLeft,ArrowLeft,ArrowLeft,ArrowLeft,ArrowLeft,ArrowLeft,ArrowLeft,ArrowLeft,ArrowRight,ArrowRight,ArrowRight,ArrowRight,ArrowLeft,ArrowRight,ArrowRight,ArrowRight,ArrowRight,ArrowRight,ArrowRight,ArrowRight,ArrowRight,ArrowRight,ArrowRight,ArrowRight,ArrowLeft,ArrowLeft,ArrowLeft,ArrowLeft,ArrowRight,ArrowRight,ArrowRight,ArrowRight,ArrowRight,ArrowLeft,ArrowRight,ArrowRight,ArrowLeft,ArrowLeft,ArrowLeft,ArrowLeft,ArrowRight,ArrowRight,ArrowRight,ArrowRight,ArrowRight,ArrowRight,ArrowRight,ArrowRight,ArrowRight,ArrowRight,ArrowRight,ArrowLeft,ArrowRight,ArrowLeft,ArrowRight,ArrowLeft,ArrowRight,ArrowRight,ArrowRight,ArrowRight,ArrowRight,ArrowRight,ArrowLeft,ArrowLeft,ArrowRight,ArrowRight,ArrowLeft,ArrowRight,ArrowRight,ArrowRight,ArrowRight,ArrowRight,ArrowRight,ArrowRight,ArrowRight,ArrowLeft,ArrowLeft,ArrowRight,ArrowRight,ArrowRight,ArrowRight,ArrowRight,ArrowRight,ArrowRight,ArrowRight,ArrowRight,ArrowRight,ArrowRight,,,,,,,,,,,,,,,,,,,,,,,,,,,,,,,,,,,,,,,,,,,,,,,,,,,,,,,,,,,,,,,,,,,,,,,,,,,,,,,,,,,,,,,,,Deciding which posts I might share,,7,7,7,7,7,7,7,7,7,7,7,7,7,7,7,7,1,1,1,1,2,2,2,2,5,5,5,5,3,3,5,5,3,4,4,5,1,1,1,1,1,1,1,1,3,3,1,1,7,7,7,7,7,7,7,7,2,2,2,2,1,1,1,1,2,3,3,5,2,3,5,5,5,5,7,7,7,7,6,6,1,1,1,1,2,2,1,1,1,1,2,2,2,2,2,2,6,6,5,6,6,6,6,6,2,2,7,7,1,1,7,7,1,1,1,2,1,1,1,1,2,2,1,1,7,7,7,7,5,5,4,4,4,5,5,5,2,2,3,3,1,1,1,1,1,1,1,1,6,6,7,7,2,2,2,2,5,5,2,2,4,4,3,3,1,1,1,1,1,1,1,1,1,1,1,1
27190aae-f876-42fb-9377-398754b69827,22d4fb0e-51e6-4e6b-b3b6-2fc9d24ef6e0,2026-09-22 00:15:16,2026-09-22 00:39:41,1464,Completed,Desktop,en-US,63dafeda84d9a5e684adb6be,41,Female,Instagram,,ArrowRight,ArrowRight,ArrowRight,ArrowRight,ArrowRight,ArrowRight,ArrowRight,ArrowRight,ArrowRight,ArrowRight,ArrowLeft,ArrowRight,ArrowRight,ArrowRight,ArrowRight,ArrowRight,ArrowRight,ArrowRight,ArrowRight,ArrowRight,ArrowRight,ArrowRight,ArrowRight,ArrowRight,ArrowLeft,ArrowLeft,ArrowRight,ArrowLeft,ArrowLeft,ArrowLeft,ArrowRight,ArrowLeft,ArrowRight,ArrowRight,ArrowRight,ArrowRight,ArrowRight,ArrowRight,ArrowRight,ArrowRight,ArrowRight,ArrowRight,ArrowRight,ArrowRight,ArrowRight,ArrowRight,ArrowRight,ArrowRight,ArrowRight,ArrowRight,ArrowRight,ArrowRight,ArrowRight,ArrowRight,ArrowLeft,ArrowRight,ArrowRight,ArrowRight,ArrowRight,ArrowRight,ArrowLeft,ArrowRight,ArrowRight,ArrowRight,ArrowRight,ArrowRight,ArrowRight,ArrowRight,ArrowRight,ArrowLeft,ArrowRight,ArrowLeft,ArrowRight,ArrowRight,ArrowLeft,ArrowRight,ArrowRight,ArrowLeft,ArrowRight,ArrowRight,ArrowRight,ArrowRight,ArrowRight,ArrowRight,ArrowRight,ArrowLeft,ArrowRight,ArrowRight,,,,,,,,,,,,,,,,,,,,,,,,,,,,,,,,,,,,,,,,,,,,,,,,,,,,,,,,,,,,,,,,,,,,,,,,,,,,,,,,,,,,,,,,,Learning about the views people hold on these issues,,2,6,4,4,3,5,4,4,2,6,3,4,2,5,2,7,4,4,4,4,4,4,4,4,4,5,4,3,4,5,4,4,2,3,3,4,4,4,4,4,4,4,4,4,4,4,4,4,4,4,4,4,4,4,6,4,6,2,7,2,7,2,7,4,1,6,4,4,1,5,2,5,4,4,6,6,4,4,3,4,4,4,4,3,4,4,4,4,2,3,3,4,4,4,3,3,4,4,4,4,4,4,5,4,4,3,3,5,6,4,4,4,4,4,4,4,4,4,6,1,6,4,4,4,2,4,3,4,2,3,2,4,3,4,4,4,5,3,5,5,6,1,4,4,4,4,6,2,4,4,4,4,5,4,6,4,5,3,5,4,3,3,2,4,5,4,4,4,6,2,6,2,4,4,4,5
66d5e264-ecad-4307-9045-cae109da5737,c105c2fd-2380-4aeb-895d-7d4082b4cd09,2026-09-22 00:15:52,2026-09-22 01:00:47,2695,Completed,Desktop,en-US,69ea6a2db1dff500e932e088,"30
","male
",Facebook,,ArrowRight,ArrowRight,ArrowRight,ArrowRight,ArrowRight,ArrowRight,ArrowRight,ArrowRight,ArrowRight,ArrowRight,ArrowRight,ArrowRight,ArrowLeft,ArrowRight,ArrowRight,ArrowRight,ArrowLeft,ArrowLeft,ArrowLeft,ArrowLeft,ArrowRight,ArrowRight,ArrowRight,ArrowRight,ArrowLeft,ArrowLeft,ArrowLeft,ArrowLeft,ArrowRight,ArrowRight,ArrowRight,ArrowRight,ArrowLeft,ArrowLeft,ArrowLeft,ArrowLeft,ArrowLeft,ArrowLeft,ArrowLeft,ArrowLeft,ArrowRight,ArrowRight,ArrowRight,ArrowRight,ArrowRight,ArrowLeft,ArrowRight,ArrowRight,ArrowLeft,ArrowRight,ArrowRight,ArrowLeft,ArrowLeft,ArrowLeft,ArrowRight,ArrowRight,ArrowRight,ArrowRight,ArrowRight,ArrowRight,ArrowRight,ArrowRight,ArrowRight,ArrowRight,ArrowLeft,ArrowRight,ArrowRight,ArrowRight,ArrowLeft,ArrowRight,ArrowRight,ArrowLeft,ArrowLeft,ArrowRight,ArrowRight,ArrowRight,ArrowRight,ArrowRight,ArrowRight,ArrowRight,ArrowLeft,ArrowLeft,ArrowLeft,ArrowLeft,ArrowLeft,ArrowLeft,ArrowLeft,ArrowLeft,,,,,,,,,,,,,,,,,,,,,,,,,,,,,,,,,,,,,,,,,,,,,,,,,,,,,,,,,,,,,,,,,,,,,,,,,,,,,,,,,,,,,,,,,Learning about the views people hold on these issues,,1,1,1,5,1,5,6,6,1,3,1,5,1,5,1,5,1,1,1,2,1,1,1,2,7,6,7,6,7,7,7,6,4,4,7,5,7,6,7,7,1,1,1,1,4,4,1,1,7,6,7,7,7,5,7,2,1,1,1,1,1,1,2,2,7,7,7,7,7,6,7,7,6,6,6,6,7,6,7,6,1,1,2,2,1,1,1,1,4,4,7,6,1,1,1,1,6,4,7,7,7,5,7,7,1,1,7,7,1,1,6,4,1,1,5,3,1,2,1,1,6,6,6,6,2,4,1,3,4,4,4,4,4,4,6,6,3,3,4,4,7,3,7,3,7,4,7,6,1,4,1,2,4,4,7,7,4,4,4,4,4,4,5,4,7,3,7,2,7,1,7,4,7,7,7,6
37e3c55c-10f4-4395-a5ee-c6d6c1939c39,ac0ed844-285d-4e32-b24f-77c28b6a26d3,2026-09-22 00:15:53,,,In progress,Mobile,en-US,,,,,,,,,,,,,,,,,,,,,,,,,,,,,,,,,,,,,,,,,,,,,,,,,,,,,,,,,,,,,,,,,,,,,,,,,,,,,,,,,,,,,,,,,,,,,,,,,,,,,,,,,,,,,,,,,,,,,,,,,,,,,,,,,,,,,,,,,,,,,,,,,,,,,,,,,,,,,,,,,,,,,,,,,,,,,,,,,,,,,,,,,,,,,,,,,,,,,,,,,,,,,,,,,,,,,,,,,,,,,,,,,,,,,,,,,,,,,,,,,,,,,,,,,,,,,,,,,,,,,,,,,,,,,,,,,,,,,,,,,,,,,,,,,,,,,,,,,,,,,,,,,,,,,,,,,,,,,,,,,,,,,,,,,,,,,,,,,,,,,,,,,,,,,,,,,,,,,,,
6964e3cc-a09b-4d24-be87-1db75c271e7c,bf6637a7-3bed-49eb-9c6b-c339fb086b3d,2026-09-22 00:16:07,2026-09-22 00:40:49,1482,Completed,Desktop,en-US,69a51791996c43fcec35a234,39,female,Other,tiktok,,,,,,,,,,,,,,,,,,,,,,,,,,,,,,,,,,,,,,,,,,,,,,,,,,,,,,,,,,,,,,,,,,,,,,,,,,,,,,,,,,,,,,,,,ArrowRight,ArrowRight,ArrowRight,ArrowRight,ArrowRight,ArrowRight,ArrowRight,ArrowRight,ArrowRight,ArrowRight,ArrowRight,ArrowRight,ArrowRight,ArrowRight,ArrowRight,ArrowRight,ArrowRight,ArrowRight,ArrowRight,ArrowRight,ArrowRight,ArrowRight,ArrowRight,ArrowRight,ArrowRight,ArrowRight,ArrowRight,ArrowRight,ArrowRight,ArrowRight,ArrowRight,ArrowRight,ArrowRight,ArrowRight,ArrowRight,ArrowRight,ArrowRight,ArrowRight,ArrowRight,ArrowRight,ArrowRight,ArrowRight,ArrowRight,ArrowRight,ArrowRight,ArrowRight,ArrowRight,ArrowRight,ArrowRight,ArrowRight,ArrowRight,ArrowRight,ArrowRight,ArrowRight,ArrowRight,ArrowRight,ArrowRight,ArrowRight,ArrowRight,ArrowRight,ArrowLeft,ArrowLeft,ArrowRight,ArrowRight,ArrowRight,ArrowLeft,ArrowLeft,ArrowLeft,ArrowRight,ArrowLeft,ArrowRight,ArrowRight,ArrowRight,ArrowRight,ArrowRight,ArrowRight,ArrowLeft,ArrowLeft,ArrowRight,ArrowLeft,ArrowRight,ArrowRight,ArrowRight,ArrowRight,ArrowRight,ArrowRight,ArrowRight,ArrowRight,Deciding which posts I might share,,2,5,2,6,2,6,6,6,2,5,2,5,2,6,2,6,4,4,5,5,4,4,4,4,4,4,4,4,4,4,6,6,2,6,2,6,7,5,6,2,1,1,2,2,6,6,4,4,4,7,6,6,2,2,4,5,3,1,6,3,6,3,6,3,2,6,6,2,7,3,2,6,2,5,2,6,1,5,5,3,2,2,2,6,6,3,4,3,2,2,6,6,5,3,6,4,4,4,5,3,4,4,5,3,4,4,4,4,4,4,4,4,4,4,4,4,2,2,4,4,6,3,5,4,2,4,2,5,2,4,5,3,6,4,6,3,2,4,4,4,2,6,7,1,6,3,5,3,2,6,1,1,5,3,6,4,5,3,3,5,2,5,5,5,1,5,6,5,2,6,6,2,7,5,6,5
5346ca65-9651-41c7-87b1-e18fc8a26d71,310084a0-67ab-42a8-9be3-b66c4768f98a,2026-09-22 00:16:15,,,In progress,Mobile,en-US,69b8f4e2430b9e126fc01de1,,,,,,,,,,,,,,,,,,,,,,,,,,,,,,,,,,,,,,,,,,,,,,,,,,,,,,,,,,,,,,,,,,,,,,,,,,,,,,,,,,,,,,,,,,,,,,,,,,,,,,,,,,,,,,,,,,,,,,,,,,,,,,,,,,,,,,,,,,,,,,,,,,,,,,,,,,,,,,,,,,,,,,,,,,,,,,,,,,,,,,,,,,,,,,,,,,,,,,,,,,,,,,,,,,,,,,,,,,,,,,,,,,,,,,,,,,,,,,,,,,,,,,,,,,,,,,,,,,,,,,,,,,,,,,,,,,,,,,,,,,,,,,,,,,,,,,,,,,,,,,,,,,,,,,,,,,,,,,,,,,,,,,,,,,,,,,,,,,,,,,,,,,,,,,,,,,,,,,
291111be-74c2-48a1-96ad-cb2627f62d9b,0abdcac3-7735-49db-bab5-8c4789a7910c,2026-09-22 00:17:03,,,In progress,Desktop,en-US,673cde9762fa7f3c4260cb34,,,,,,,,,,,,,,,,,,,,,,,,,,,,,,,,,,,,,,,,,,,,,,,,,,,,,,,,,,,,,,,,,,,,,,,,,,,,,,,,,,,,,,,,,,,,,,,,,,,,,,,,,,,,,,,,,,,,,,,,,,,,,,,,,,,,,,,,,,,,,,,,,,,,,,,,,,,,,,,,,,,,,,,,,,,,,,,,,,,,,,,,,,,,,,,,,,,,,,,,,,,,,,,,,,,,,,,,,,,,,,,,,,,,,,,,,,,,,,,,,,,,,,,,,,,,,,,,,,,,,,,,,,,,,,,,,,,,,,,,,,,,,,,,,,,,,,,,,,,,,,,,,,,,,,,,,,,,,,,,,,,,,,,,,,,,,,,,,,,,,,,,,,,,,,,,,,,,,,
86507250-74fd-4b72-8336-533608f6c2b0,31b28d70-7970-48c9-9a2b-ba364cc585d2,2026-09-22 00:20:47,2026-09-22 00:50:07,1759,Completed,Desktop,en-US,69cfc69b42246edaf36298a4,34,Woman,Other,Tik Tok,,,,,,,,,,,,,,,,,,,,,,,,,,,,,,,,,,,,,,,,,,,,,,,,,,,,,,,,,,,,,,,,,,,,,,,,,,,,,,,,,,,,,,,,,ArrowRight,ArrowRight,ArrowRight,ArrowRight,ArrowRight,ArrowRight,ArrowRight,ArrowRight,ArrowRight,ArrowLeft,ArrowRight,ArrowRight,ArrowRight,ArrowRight,ArrowRight,ArrowRight,ArrowRight,ArrowRight,ArrowRight,ArrowRight,ArrowRight,ArrowRight,ArrowRight,ArrowRight,ArrowRight,ArrowRight,ArrowRight,ArrowRight,ArrowLeft,ArrowRight,ArrowRight,ArrowRight,ArrowRight,ArrowRight,ArrowRight,ArrowRight,ArrowRight,ArrowRight,ArrowRight,ArrowRight,ArrowRight,ArrowRight,ArrowRight,ArrowRight,ArrowRight,ArrowRight,ArrowRight,ArrowRight,ArrowRight,ArrowRight,ArrowRight,ArrowRight,ArrowRight,ArrowRight,ArrowRight,ArrowRight,ArrowRight,ArrowRight,ArrowRight,ArrowLeft,ArrowRight,ArrowRight,ArrowRight,ArrowRight,ArrowRight,ArrowRight,ArrowRight,ArrowRight,ArrowRight,ArrowRight,ArrowLeft,ArrowRight,ArrowRight,ArrowRight,ArrowRight,ArrowRight,ArrowRight,ArrowRight,ArrowRight,ArrowRight,ArrowRight,ArrowRight,ArrowRight,ArrowRight,ArrowRight,ArrowLeft,ArrowRight,ArrowRight,Deciding which posts I might share,,1,1,1,1,1,1,6,6,1,1,1,1,1,1,1,1,7,7,7,6,7,7,7,7,1,1,2,1,3,4,1,1,2,3,1,1,1,1,7,7,1,1,2,4,7,7,5,5,1,1,5,5,1,1,5,5,7,7,7,7,7,7,7,7,1,1,5,4,1,1,1,2,1,1,1,1,1,1,1,1,7,7,7,7,7,7,7,7,7,7,7,7,7,7,7,7,1,1,5,6,1,1,1,1,5,4,1,1,7,7,1,1,7,7,4,4,7,7,7,7,7,7,7,7,1,1,1,1,1,1,1,1,1,1,7,7,7,7,7,7,7,7,7,7,7,7,7,7,1,1,1,1,7,7,7,7,2,2,6,4,1,1,2,2,7,7,7,7,7,7,7,7,7,7,7,4
d98e1320-341b-4455-be99-a7c5234de8c6,e8c04396-0a8d-4287-8dd1-97e5ae7b8462,2026-09-22 00:30:58,,,In progress,Desktop,en-US,6a98c8435c0e7d53861eda5b,,,,,,,,,,,,,,,,,,,,,,,,,,,,,,,,,,,,,,,,,,,,,,,,,,,,,,,,,,,,,,,,,,,,,,,,,,,,,,,,,,,,,,,,,,,,,,,,,,,,,,,,,,,,,,,,,,,,,,,,,,,,,,,,,,,,,,,,,,,,,,,,,,,,,,,,,,,,,,,,,,,,,,,,,,,,,,,,,,,,,,,,,,,,,,,,,,,,,,,,,,,,,,,,,,,,,,,,,,,,,,,,,,,,,,,,,,,,,,,,,,,,,,,,,,,,,,,,,,,,,,,,,,,,,,,,,,,,,,,,,,,,,,,,,,,,,,,,,,,,,,,,,,,,,,,,,,,,,,,,,,,,,,,,,,,,,,,,,,,,,,,,,,,,,,,,,,,,,,
6011003b-a87b-4464-98ff-2c06f288f881,e2bfdcc7-696b-4222-b2b8-d7a60aae05b7,2026-09-22 00:33:04,,,In progress,Desktop,en-US,6a99668d8e3d5605fe53fc05,,,,,,,,,,,,,,,,,,,,,,,,,,,,,,,,,,,,,,,,,,,,,,,,,,,,,,,,,,,,,,,,,,,,,,,,,,,,,,,,,,,,,,,,,,,,,,,,,,,,,,,,,,,,,,,,,,,,,,,,,,,,,,,,,,,,,,,,,,,,,,,,,,,,,,,,,,,,,,,,,,,,,,,,,,,,,,,,,,,,,,,,,,,,,,,,,,,,,,,,,,,,,,,,,,,,,,,,,,,,,,,,,,,,,,,,,,,,,,,,,,,,,,,,,,,,,,,,,,,,,,,,,,,,,,,,,,,,,,,,,,,,,,,,,,,,,,,,,,,,,,,,,,,,,,,,,,,,,,,,,,,,,,,,,,,,,,,,,,,,,,,,,,,,,,,,,,,,,,
c5583dc1-b64c-41b0-bb61-8c1836f520c6,13e66d40-e02d-46ca-9db5-59920c5fee6b,2026-09-22 00:44:57,,,In progress,Mobile,en-US,6a11bfd4eac75327d2baa30a,,,,,,,,,,,,,,,,,,,,,,,,,,,,,,,,,,,,,,,,,,,,,,,,,,,,,,,,,,,,,,,,,,,,,,,,,,,,,,,,,,,,,,,,,,,,,,,,,,,,,,,,,,,,,,,,,,,,,,,,,,,,,,,,,,,,,,,,,,,,,,,,,,,,,,,,,,,,,,,,,,,,,,,,,,,,,,,,,,,,,,,,,,,,,,,,,,,,,,,,,,,,,,,,,,,,,,,,,,,,,,,,,,,,,,,,,,,,,,,,,,,,,,,,,,,,,,,,,,,,,,,,,,,,,,,,,,,,,,,,,,,,,,,,,,,,,,,,,,,,,,,,,,,,,,,,,,,,,,,,,,,,,,,,,,,,,,,,,,,,,,,,,,,,,,,,,,,,,,
02f80e09-aec4-4beb-8180-e34c70909e1c,8c92cf91-8098-4ddf-8a30-2299ed4af724,2026-09-22 00:46:45,,,In progress,Desktop,en-US,69c8097097b2cb0f6fb02998,,,,,,,,,,,,,,,,,,,,,,,,,,,,,,,,,,,,,,,,,,,,,,,,,,,,,,,,,,,,,,,,,,,,,,,,,,,,,,,,,,,,,,,,,,,,,,,,,,,,,,,,,,,,,,,,,,,,,,,,,,,,,,,,,,,,,,,,,,,,,,,,,,,,,,,,,,,,,,,,,,,,,,,,,,,,,,,,,,,,,,,,,,,,,,,,,,,,,,,,,,,,,,,,,,,,,,,,,,,,,,,,,,,,,,,,,,,,,,,,,,,,,,,,,,,,,,,,,,,,,,,,,,,,,,,,,,,,,,,,,,,,,,,,,,,,,,,,,,,,,,,,,,,,,,,,,,,,,,,,,,,,,,,,,,,,,,,,,,,,,,,,,,,,,,,,,,,,,,
af6960b2-2685-4eb5-8b47-0f4d8052cea8,cca06176-0a96-462f-944d-05acc75479fb,2026-09-22 00:51:51,,,In progress,Desktop,en-US,6a1f7175b2f9cba8b5a43b2b,,,,,,,,,,,,,,,,,,,,,,,,,,,,,,,,,,,,,,,,,,,,,,,,,,,,,,,,,,,,,,,,,,,,,,,,,,,,,,,,,,,,,,,,,,,,,,,,,,,,,,,,,,,,,,,,,,,,,,,,,,,,,,,,,,,,,,,,,,,,,,,,,,,,,,,,,,,,,,,,,,,,,,,,,,,,,,,,,,,,,,,,,,,,,,,,,,,,,,,,,,,,,,,,,,,,,,,,,,,,,,,,,,,,,,,,,,,,,,,,,,,,,,,,,,,,,,,,,,,,,,,,,,,,,,,,,,,,,,,,,,,,,,,,,,,,,,,,,,,,,,,,,,,,,,,,,,,,,,,,,,,,,,,,,,,,,,,,,,,,,,,,,,,,,,,,,,,,,,
54ee04ef-3bc9-43b1-8282-e35ea10b0f26,6385f996-6b6d-47ec-bbc5-0380d13fbca3,2026-09-22 00:52:45,,,In progress,Desktop,en-US,69f005eb2e482e3260796563,,,,,,,,,,,,,,,,,,,,,,,,,,,,,,,,,,,,,,,,,,,,,,,,,,,,,,,,,,,,,,,,,,,,,,,,,,,,,,,,,,,,,,,,,,,,,,,,,,,,,,,,,,,,,,,,,,,,,,,,,,,,,,,,,,,,,,,,,,,,,,,,,,,,,,,,,,,,,,,,,,,,,,,,,,,,,,,,,,,,,,,,,,,,,,,,,,,,,,,,,,,,,,,,,,,,,,,,,,,,,,,,,,,,,,,,,,,,,,,,,,,,,,,,,,,,,,,,,,,,,,,,,,,,,,,,,,,,,,,,,,,,,,,,,,,,,,,,,,,,,,,,,,,,,,,,,,,,,,,,,,,,,,,,,,,,,,,,,,,,,,,,,,,,,,,,,,,,,,
79d1bb79-b9fe-41ba-89a5-ae81185cd5ce,5ce1e9d6-e9cb-4057-9bf8-0e2dd6785076,2026-09-22 00:53:24,,,In progress,Desktop,en-US,6680d2e1d5cf2fe03dc597dc,,,,,,,,,,,,,,,,,,,,,,,,,,,,,,,,,,,,,,,,,,,,,,,,,,,,,,,,,,,,,,,,,,,,,,,,,,,,,,,,,,,,,,,,,,,,,,,,,,,,,,,,,,,,,,,,,,,,,,,,,,,,,,,,,,,,,,,,,,,,,,,,,,,,,,,,,,,,,,,,,,,,,,,,,,,,,,,,,,,,,,,,,,,,,,,,,,,,,,,,,,,,,,,,,,,,,,,,,,,,,,,,,,,,,,,,,,,,,,,,,,,,,,,,,,,,,,,,,,,,,,,,,,,,,,,,,,,,,,,,,,,,,,,,,,,,,,,,,,,,,,,,,,,,,,,,,,,,,,,,,,,,,,,,,,,,,,,,,,,,,,,,,,,,,,,,,,,,,,
1e372868-172d-41e0-8ee8-38bdda9ad987,663a7661-d17f-4803-8c17-ff31267b91c7,2026-09-22 01:03:09,,,In progress,Desktop,en-US,,,,,,,,,,,,,,,,,,,,,,,,,,,,,,,,,,,,,,,,,,,,,,,,,,,,,,,,,,,,,,,,,,,,,,,,,,,,,,,,,,,,,,,,,,,,,,,,,,,,,,,,,,,,,,,,,,,,,,,,,,,,,,,,,,,,,,,,,,,,,,,,,,,,,,,,,,,,,,,,,,,,,,,,,,,,,,,,,,,,,,,,,,,,,,,,,,,,,,,,,,,,,,,,,,,,,,,,,,,,,,,,,,,,,,,,,,,,,,,,,,,,,,,,,,,,,,,,,,,,,,,,,,,,,,,,,,,,,,,,,,,,,,,,,,,,,,,,,,,,,,,,,,,,,,,,,,,,,,,,,,,,,,,,,,,,,,,,,,,,,,,,,,,,,,,,,,,,,,,
6cb07129-9e91-4452-9219-bfaa4d6882a3,82f9d24c-75e9-4c3d-a8df-a5b1231fb509,2026-09-22 01:08:30,2026-09-22 01:56:48,2897,Completed,Desktop,en-US,6a99ac3c33a2bca1d3bb016b,39,Female,Facebook,,ArrowRight,ArrowLeft,ArrowLeft,ArrowLeft,ArrowLeft,ArrowLeft,ArrowLeft,ArrowRight,ArrowRight,ArrowRight,ArrowRight,ArrowLeft,ArrowRight,ArrowRight,ArrowRight,ArrowRight,ArrowRight,ArrowRight,ArrowRight,ArrowRight,ArrowRight,ArrowRight,ArrowRight,ArrowRight,ArrowLeft,ArrowLeft,ArrowLeft,ArrowLeft,ArrowRight,ArrowLeft,ArrowRight,ArrowLeft,ArrowRight,ArrowRight,ArrowRight,ArrowRight,ArrowRight,ArrowRight,ArrowRight,ArrowRight,ArrowRight,ArrowRight,ArrowRight,ArrowLeft,ArrowRight,ArrowLeft,ArrowLeft,ArrowRight,ArrowRight,ArrowRight,ArrowRight,ArrowRight,ArrowLeft,ArrowLeft,ArrowRight,ArrowRight,ArrowRight,ArrowRight,ArrowRight,ArrowRight,ArrowLeft,ArrowLeft,ArrowLeft,ArrowLeft,ArrowRight,ArrowRight,ArrowRight,ArrowLeft,ArrowLeft,ArrowRight,ArrowLeft,ArrowRight,ArrowRight,ArrowRight,ArrowLeft,ArrowRight,ArrowLeft,ArrowLeft,ArrowRight,ArrowRight,ArrowRight,ArrowRight,ArrowRight,ArrowRight,ArrowRight,ArrowRight,ArrowRight,ArrowRight,,,,,,,,,,,,,,,,,,,,,,,,,,,,,,,,,,,,,,,,,,,,,,,,,,,,,,,,,,,,,,,,,,,,,,,,,,,,,,,,,,,,,,,,,Deciding which posts I might share,,5,2,6,2,6,2,6,6,6,2,6,2,6,2,5,2,4,6,4,5,3,5,5,5,3,2,4,6,3,2,4,6,2,2,2,2,3,6,3,2,2,5,3,6,5,6,2,5,6,2,6,3,5,2,6,6,3,5,6,6,6,6,6,6,2,2,3,2,2,2,4,6,2,2,2,2,2,2,2,2,2,3,2,2,5,5,6,6,6,6,6,6,5,6,5,6,2,2,5,5,5,5,3,2,6,6,5,2,5,6,5,2,2,6,3,5,3,6,5,7,6,6,6,6,5,2,6,2,2,2,4,4,2,2,6,6,2,2,6,6,2,6,2,5,3,6,6,6,5,2,6,4,5,6,6,6,2,2,6,6,2,2,2,2,2,5,3,6,2,5,3,6,2,6,5,6
6a4dede8-0472-40e0-8f33-bfdb8f05c8c5,7155d8eb-1157-443a-a66e-b9c408e828b3,2026-09-22 01:13:36,,,In progress,Desktop,en-US,6a0ef2522462ac751f747773,,,,,,,,,,,,,,,,,,,,,,,,,,,,,,,,,,,,,,,,,,,,,,,,,,,,,,,,,,,,,,,,,,,,,,,,,,,,,,,,,,,,,,,,,,,,,,,,,,,,,,,,,,,,,,,,,,,,,,,,,,,,,,,,,,,,,,,,,,,,,,,,,,,,,,,,,,,,,,,,,,,,,,,,,,,,,,,,,,,,,,,,,,,,,,,,,,,,,,,,,,,,,,,,,,,,,,,,,,,,,,,,,,,,,,,,,,,,,,,,,,,,,,,,,,,,,,,,,,,,,,,,,,,,,,,,,,,,,,,,,,,,,,,,,,,,,,,,,,,,,,,,,,,,,,,,,,,,,,,,,,,,,,,,,,,,,,,,,,,,,,,,,,,,,,,,,,,,,,
5d713ec4-0870-480f-9045-254a0e8f406f,732925ac-088e-4153-a8a3-45d071d7959a,2026-09-22 01:14:32,,,In progress,Desktop,en-US,67bcd2a9ac3df6ca1b2457f0,,,,,,,,,,,,,,,,,,,,,,,,,,,,,,,,,,,,,,,,,,,,,,,,,,,,,,,,,,,,,,,,,,,,,,,,,,,,,,,,,,,,,,,,,,,,,,,,,,,,,,,,,,,,,,,,,,,,,,,,,,,,,,,,,,,,,,,,,,,,,,,,,,,,,,,,,,,,,,,,,,,,,,,,,,,,,,,,,,,,,,,,,,,,,,,,,,,,,,,,,,,,,,,,,,,,,,,,,,,,,,,,,,,,,,,,,,,,,,,,,,,,,,,,,,,,,,,,,,,,,,,,,,,,,,,,,,,,,,,,,,,,,,,,,,,,,,,,,,,,,,,,,,,,,,,,,,,,,,,,,,,,,,,,,,,,,,,,,,,,,,,,,,,,,,,,,,,,,,
a095e47b-516c-4015-a074-fd77b48cbec5,3d4c6baa-347a-4f96-899c-0bbc333b6b27,2026-09-22 01:15:19,,,In progress,Mobile,en-US,673598f71d2a6e206d51e38d,,,,,,,,,,,,,,,,,,,,,,,,,,,,,,,,,,,,,,,,,,,,,,,,,,,,,,,,,,,,,,,,,,,,,,,,,,,,,,,,,,,,,,,,,,,,,,,,,,,,,,,,,,,,,,,,,,,,,,,,,,,,,,,,,,,,,,,,,,,,,,,,,,,,,,,,,,,,,,,,,,,,,,,,,,,,,,,,,,,,,,,,,,,,,,,,,,,,,,,,,,,,,,,,,,,,,,,,,,,,,,,,,,,,,,,,,,,,,,,,,,,,,,,,,,,,,,,,,,,,,,,,,,,,,,,,,,,,,,,,,,,,,,,,,,,,,,,,,,,,,,,,,,,,,,,,,,,,,,,,,,,,,,,,,,,,,,,,,,,,,,,,,,,,,,,,,,,,,,
147c82a5-7d35-4fef-988f-e16a3d1a1e77,960f0fba-419d-4743-8021-db489dd20b67,2026-09-22 01:20:56,,,In progress,Mobile,en-US,6a08b04f50dfec657b786ac2,,,,,,,,,,,,,,,,,,,,,,,,,,,,,,,,,,,,,,,,,,,,,,,,,,,,,,,,,,,,,,,,,,,,,,,,,,,,,,,,,,,,,,,,,,,,,,,,,,,,,,,,,,,,,,,,,,,,,,,,,,,,,,,,,,,,,,,,,,,,,,,,,,,,,,,,,,,,,,,,,,,,,,,,,,,,,,,,,,,,,,,,,,,,,,,,,,,,,,,,,,,,,,,,,,,,,,,,,,,,,,,,,,,,,,,,,,,,,,,,,,,,,,,,,,,,,,,,,,,,,,,,,,,,,,,,,,,,,,,,,,,,,,,,,,,,,,,,,,,,,,,,,,,,,,,,,,,,,,,,,,,,,,,,,,,,,,,,,,,,,,,,,,,,,,,,,,,,,,
620917f0-be3a-4b97-bb7c-52cad84098d7,7372793d-6bc1-4061-951e-3555fcdd8279,2026-09-22 01:22:19,,,In progress,Desktop,en-US,69e0569ededba7934837e12a,44,female,Facebook,,,,,,,,,,,,,,,,,,,,,,,,,,,,,,,,,,,,,,,,,,,,,,,,,,,,,,,,,,,,,,,,,,,,,,,,,,,,,,,,,,,,,,,,,,,,,,,,,,,,,,,,,,,,,,,,,,,,,,,,,,,,,,,,,,,,,,,,,,,,,,,,,,,,,,,,,,,,,,,,,,,,,,,,,,,,,,,,,,,,,,,,,,,,,,,,,,,,,,,,,,,,,,,,,,,,,,,,,,,,,,,,,,,,,,,,,,,,,,,,,,,,,,,,,,,,,,,,,,,,,,,,,,,,,,,,,,,,,,,,,,,,,,,,,,,,,,,,,,,,,,,,,,,,,,,,,,,,,,,,,,,,,,,,,,,,,,,,,,,,,,,,,,,,,,,,,,,
b5cffb44-bd33-4314-81a7-d4798853aa75,e078397f-3f96-4437-b466-38fea7e01e69,2026-09-22 01:22:22,,,In progress,Desktop,en-US,6a9b4bd29bb231046c718497,,,,,,,,,,,,,,,,,,,,,,,,,,,,,,,,,,,,,,,,,,,,,,,,,,,,,,,,,,,,,,,,,,,,,,,,,,,,,,,,,,,,,,,,,,,,,,,,,,,,,,,,,,,,,,,,,,,,,,,,,,,,,,,,,,,,,,,,,,,,,,,,,,,,,,,,,,,,,,,,,,,,,,,,,,,,,,,,,,,,,,,,,,,,,,,,,,,,,,,,,,,,,,,,,,,,,,,,,,,,,,,,,,,,,,,,,,,,,,,,,,,,,,,,,,,,,,,,,,,,,,,,,,,,,,,,,,,,,,,,,,,,,,,,,,,,,,,,,,,,,,,,,,,,,,,,,,,,,,,,,,,,,,,,,,,,,,,,,,,,,,,,,,,,,,,,,,,,,,
082f88da-a3f1-4e33-8eff-59ab3fdf83c0,9c850fc5-90e6-4593-b728-dcd5309ff4e5,2026-09-22 01:24:34,,,In progress,Mobile,en-US,663aa17a2c085a5299247236,41,"Female ",Other,"TikTok ",,,,,,,,,,,,,,,,,,,,,,,,,,,,,,,,,,,,,,,,,,,,,,,,,,,,,,,,,,,,,,,,,,,,,,,,,,,,,,,,,,,,,,,,,,,,,,,,,,,,,,,,,,,,,,,,,,,,,,,,,,,,,,,,,,,,,,,,,,,,,,,,,,,,,,,,,,,,,,,,,,,,,,,,,,,,,,,,,,,,,,,,,,,,,,,,,,,,,,,,,,,,,,,,,,,,,,,,,,,,,,,,,,,,,,,,,,,,,,,,,,,,,,,,,,,,,,,,,,,,,,,,,,,,,,,,,,,,,,,,,,,,,,,,,,,,,,,,,,,,,,,,,,,,,,,,,,,,,,,,,,,,,,,,,,,,,,,,,,,,,,,,,,,,,,,,,,
a1217467-520f-40b9-aa00-32c541d980ef,9218b075-9a68-4011-aec2-17a88c042b09,2026-09-22 01:24:48,,,In progress,Desktop,en-US,6a306d630eb5073e6f1ad669,,,,,,,,,,,,,,,,,,,,,,,,,,,,,,,,,,,,,,,,,,,,,,,,,,,,,,,,,,,,,,,,,,,,,,,,,,,,,,,,,,,,,,,,,,,,,,,,,,,,,,,,,,,,,,,,,,,,,,,,,,,,,,,,,,,,,,,,,,,,,,,,,,,,,,,,,,,,,,,,,,,,,,,,,,,,,,,,,,,,,,,,,,,,,,,,,,,,,,,,,,,,,,,,,,,,,,,,,,,,,,,,,,,,,,,,,,,,,,,,,,,,,,,,,,,,,,,,,,,,,,,,,,,,,,,,,,,,,,,,,,,,,,,,,,,,,,,,,,,,,,,,,,,,,,,,,,,,,,,,,,,,,,,,,,,,,,,,,,,,,,,,,,,,,,,,,,,,,,
c7e5ac60-c3af-48d4-98c8-20206f0829b0,d518b4e7-d8ee-42db-b5f0-3c7d1e671e86,2026-09-22 01:37:32,,,In progress,Desktop,en-US,6a1060c409fe419e5cb0f4ae,,,,,,,,,,,,,,,,,,,,,,,,,,,,,,,,,,,,,,,,,,,,,,,,,,,,,,,,,,,,,,,,,,,,,,,,,,,,,,,,,,,,,,,,,,,,,,,,,,,,,,,,,,,,,,,,,,,,,,,,,,,,,,,,,,,,,,,,,,,,,,,,,,,,,,,,,,,,,,,,,,,,,,,,,,,,,,,,,,,,,,,,,,,,,,,,,,,,,,,,,,,,,,,,,,,,,,,,,,,,,,,,,,,,,,,,,,,,,,,,,,,,,,,,,,,,,,,,,,,,,,,,,,,,,,,,,,,,,,,,,,,,,,,,,,,,,,,,,,,,,,,,,,,,,,,,,,,,,,,,,,,,,,,,,,,,,,,,,,,,,,,,,,,,,,,,,,,,,,
b61078c8-85e9-4a6d-8fad-9d19fbfef2e9,76e922a0-9b7b-4d96-bb09-c3cdadc7e56c,2026-09-22 01:37:53,2026-09-22 01:52:06,852,Completed,Desktop,en-US,666622e7046b0de2fab50385,21,male,Instagram,,ArrowRight,ArrowRight,ArrowRight,ArrowRight,ArrowRight,ArrowRight,ArrowRight,ArrowRight,ArrowLeft,ArrowLeft,ArrowLeft,ArrowLeft,ArrowRight,ArrowLeft,ArrowRight,ArrowRight,ArrowRight,ArrowRight,ArrowRight,ArrowLeft,ArrowLeft,ArrowLeft,ArrowLeft,ArrowLeft,ArrowRight,ArrowRight,ArrowRight,ArrowRight,ArrowRight,ArrowLeft,ArrowRight,ArrowLeft,ArrowLeft,ArrowLeft,ArrowRight,ArrowLeft,ArrowRight,ArrowRight,ArrowRight,ArrowRight,ArrowLeft,ArrowRight,ArrowLeft,ArrowLeft,ArrowLeft,ArrowLeft,ArrowLeft,ArrowLeft,ArrowRight,ArrowRight,ArrowRight,ArrowRight,ArrowLeft,ArrowRight,ArrowLeft,ArrowRight,ArrowLeft,ArrowLeft,ArrowLeft,ArrowLeft,ArrowLeft,ArrowLeft,ArrowRight,ArrowRight,ArrowRight,ArrowRight,ArrowRight,ArrowRight,ArrowLeft,ArrowLeft,ArrowLeft,ArrowLeft,ArrowRight,ArrowLeft,ArrowLeft,ArrowRight,ArrowRight,ArrowLeft,ArrowRight,ArrowLeft,ArrowRight,ArrowLeft,ArrowLeft,ArrowLeft,ArrowLeft,ArrowLeft,ArrowRight,ArrowLeft,,,,,,,,,,,,,,,,,,,,,,,,,,,,,,,,,,,,,,,,,,,,,,,,,,,,,,,,,,,,,,,,,,,,,,,,,,,,,,,,,,,,,,,,,Deciding which posts I might share,,1,1,1,1,1,1,4,4,1,1,1,1,1,1,1,1,7,7,7,7,7,7,5,5,1,1,4,4,1,1,1,1,1,1,1,1,7,7,7,7,7,7,7,7,7,7,5,5,1,1,1,1,1,1,1,1,3,3,5,5,5,5,5,5,4,4,5,5,3,3,5,5,1,1,2,2,2,2,1,1,1,1,4,4,7,7,5,5,7,7,7,7,7,7,7,7,1,1,5,5,1,1,1,1,4,4,1,1,7,7,1,1,7,7,7,7,7,7,7,7,7,7,7,7,1,1,1,1,1,1,2,2,1,1,1,1,7,7,7,7,7,7,7,7,7,7,7,7,1,1,4,4,7,7,7,7,7,7,4,4,1,1,1,1,7,7,7,7,7,7,7,7,7,7,7,7
1b5c2dcd-c063-475a-8d2b-da425414715a,fb4d69d5-4404-450d-982e-9f14512286c3,2026-09-22 01:37:54,,,In progress,Desktop,en-US,,,,,,,,,,,,,,,,,,,,,,,,,,,,,,,,,,,,,,,,,,,,,,,,,,,,,,,,,,,,,,,,,,,,,,,,,,,,,,,,,,,,,,,,,,,,,,,,,,,,,,,,,,,,,,,,,,,,,,,,,,,,,,,,,,,,,,,,,,,,,,,,,,,,,,,,,,,,,,,,,,,,,,,,,,,,,,,,,,,,,,,,,,,,,,,,,,,,,,,,,,,,,,,,,,,,,,,,,,,,,,,,,,,,,,,,,,,,,,,,,,,,,,,,,,,,,,,,,,,,,,,,,,,,,,,,,,,,,,,,,,,,,,,,,,,,,,,,,,,,,,,,,,,,,,,,,,,,,,,,,,,,,,,,,,,,,,,,,,,,,,,,,,,,,,,,,,,,,,,
07829b9a-f8d7-4ea4-8f4e-9b0843145d86,a4698f10-3ead-4adf-b794-80c99e367ebe,2026-09-22 01:38:15,,,In progress,Desktop,en-US,6aaf0e81fe543c7a9ec36a18,,,,,,,,,,,,,,,,,,,,,,,,,,,,,,,,,,,,,,,,,,,,,,,,,,,,,,,,,,,,,,,,,,,,,,,,,,,,,,,,,,,,,,,,,,,,,,,,,,,,,,,,,,,,,,,,,,,,,,,,,,,,,,,,,,,,,,,,,,,,,,,,,,,,,,,,,,,,,,,,,,,,,,,,,,,,,,,,,,,,,,,,,,,,,,,,,,,,,,,,,,,,,,,,,,,,,,,,,,,,,,,,,,,,,,,,,,,,,,,,,,,,,,,,,,,,,,,,,,,,,,,,,,,,,,,,,,,,,,,,,,,,,,,,,,,,,,,,,,,,,,,,,,,,,,,,,,,,,,,,,,,,,,,,,,,,,,,,,,,,,,,,,,,,,,,,,,,,,,
385920ac-7837-4763-8c71-920d5fcdd268,32c39ecc-076a-4f0a-9a46-bfe16fd352bf,2026-09-22 01:38:30,,,In progress,Desktop,en-US,6a982d255eb845c4e1b82c56,,,,,,,,,,,,,,,,,,,,,,,,,,,,,,,,,,,,,,,,,,,,,,,,,,,,,,,,,,,,,,,,,,,,,,,,,,,,,,,,,,,,,,,,,,,,,,,,,,,,,,,,,,,,,,,,,,,,,,,,,,,,,,,,,,,,,,,,,,,,,,,,,,,,,,,,,,,,,,,,,,,,,,,,,,,,,,,,,,,,,,,,,,,,,,,,,,,,,,,,,,,,,,,,,,,,,,,,,,,,,,,,,,,,,,,,,,,,,,,,,,,,,,,,,,,,,,,,,,,,,,,,,,,,,,,,,,,,,,,,,,,,,,,,,,,,,,,,,,,,,,,,,,,,,,,,,,,,,,,,,,,,,,,,,,,,,,,,,,,,,,,,,,,,,,,,,,,,,,
ed1c89f9-0fcb-46ae-a395-1b15400fda03,fb6cd414-3818-494d-b8dd-58637d9b81b9,2026-09-22 01:39:38,,,In progress,Mobile,en-US,6526bd8df7a9c30c8e90f980,23,"Female ",Instagram,,,,,,,,,,,,,,,,,,,,,,,,,,,,,,,,,,,,,,,,,,,,,,,,,,,,,,,,,,,,,,,,,,,,,,,,,,,,,,,,,,,,,,,,,,,,,,,,,,,,,,,,,,,,,,,,,,,,,,,,,,,,,,,,,,,,,,,,,,,,,,,,,,,,,,,,,,,,,,,,,,,,,,,,,,,,,,,,,,,,,,,,,,,,,,,,,,,,,,,,,,,,,,,,,,,,,,,,,,,,,,,,,,,,,,,,,,,,,,,,,,,,,,,,,,,,,,,,,,,,,,,,,,,,,,,,,,,,,,,,,,,,,,,,,,,,,,,,,,,,,,,,,,,,,,,,,,,,,,,,,,,,,,,,,,,,,,,,,,,,,,,,,,,,,,,,,,,
47109d12-8fea-4e59-bb89-e46934992598,0f9627b7-daf5-45c3-a850-977c46e1b8b3,2026-09-22 01:45:16,2026-09-22 02:07:42,1346,Completed,Desktop,en-US,6746e74a384ba0891f6de321,33,Male,Facebook,,ArrowRight,ArrowRight,ArrowRight,ArrowRight,ArrowRight,ArrowRight,ArrowRight,ArrowRight,ArrowLeft,ArrowLeft,ArrowLeft,ArrowLeft,ArrowRight,ArrowRight,ArrowLeft,ArrowLeft,ArrowRight,ArrowRight,ArrowLeft,ArrowLeft,ArrowLeft,ArrowLeft,ArrowLeft,ArrowLeft,ArrowRight,ArrowLeft,ArrowRight,ArrowLeft,ArrowLeft,ArrowLeft,ArrowLeft,ArrowLeft,ArrowRight,ArrowRight,ArrowRight,ArrowLeft,ArrowRight,ArrowRight,ArrowRight,ArrowRight,ArrowLeft,ArrowLeft,ArrowLeft,ArrowLeft,ArrowLeft,ArrowLeft,ArrowLeft,ArrowRight,ArrowRight,ArrowRight,ArrowLeft,ArrowRight,ArrowRight,ArrowRight,ArrowLeft,ArrowLeft,ArrowLeft,ArrowLeft,ArrowLeft,ArrowLeft,ArrowLeft,ArrowLeft,ArrowRight,ArrowLeft,ArrowRight,ArrowLeft,ArrowRight,ArrowLeft,ArrowRight,ArrowLeft,ArrowLeft,ArrowLeft,ArrowLeft,ArrowRight,ArrowLeft,ArrowLeft,ArrowRight,ArrowLeft,ArrowRight,ArrowLeft,ArrowRight,ArrowLeft,ArrowLeft,ArrowLeft,ArrowLeft,ArrowRight,ArrowLeft,ArrowLeft,,,,,,,,,,,,,,,,,,,,,,,,,,,,,,,,,,,,,,,,,,,,,,,,,,,,,,,,,,,,,,,,,,,,,,,,,,,,,,,,,,,,,,,,,Learning about the views people hold on these issues,,1,1,1,1,1,1,4,4,1,1,1,1,1,1,1,1,4,4,5,5,5,4,5,5,3,3,4,4,6,4,4,4,2,2,5,5,7,7,7,7,4,4,4,4,6,5,4,4,4,4,4,4,1,1,4,4,5,4,6,7,6,5,6,5,1,1,2,3,2,3,2,3,2,2,2,1,2,1,5,5,5,5,6,6,5,5,5,5,5,4,5,5,5,5,4,4,1,1,4,4,3,3,5,5,5,5,2,2,5,4,6,5,6,5,6,6,5,4,5,6,6,5,6,6,1,1,1,1,2,2,5,5,1,1,3,2,4,4,5,5,7,6,6,6,6,6,6,6,1,1,1,1,5,6,6,5,5,4,4,4,1,1,4,4,5,4,7,6,7,6,7,6,7,7,5,5
74382166-a34d-412d-b239-2c3537741f7d,aa97d1bb-a93b-4713-a40f-f7a6f4c609ff,2026-09-22 01:48:59,,,In progress,Desktop,en-US,60ba71aa8f2ae12d3a595982,,,,,,,,,,,,,,,,,,,,,,,,,,,,,,,,,,,,,,,,,,,,,,,,,,,,,,,,,,,,,,,,,,,,,,,,,,,,,,,,,,,,,,,,,,,,,,,,,,,,,,,,,,,,,,,,,,,,,,,,,,,,,,,,,,,,,,,,,,,,,,,,,,,,,,,,,,,,,,,,,,,,,,,,,,,,,,,,,,,,,,,,,,,,,,,,,,,,,,,,,,,,,,,,,,,,,,,,,,,,,,,,,,,,,,,,,,,,,,,,,,,,,,,,,,,,,,,,,,,,,,,,,,,,,,,,,,,,,,,,,,,,,,,,,,,,,,,,,,,,,,,,,,,,,,,,,,,,,,,,,,,,,,,,,,,,,,,,,,,,,,,,,,,,,,,,,,,,,,
23ae3750-3e44-4d3b-a4b5-abe310b18941,bb18df34-0ceb-4967-8f86-287b2ddbcf3b,2026-09-22 01:52:20,,,In progress,Desktop,en-US,6a98b7f8a787b83c298cf22c,,,,,,,,,,,,,,,,,,,,,,,,,,,,,,,,,,,,,,,,,,,,,,,,,,,,,,,,,,,,,,,,,,,,,,,,,,,,,,,,,,,,,,,,,,,,,,,,,,,,,,,,,,,,,,,,,,,,,,,,,,,,,,,,,,,,,,,,,,,,,,,,,,,,,,,,,,,,,,,,,,,,,,,,,,,,,,,,,,,,,,,,,,,,,,,,,,,,,,,,,,,,,,,,,,,,,,,,,,,,,,,,,,,,,,,,,,,,,,,,,,,,,,,,,,,,,,,,,,,,,,,,,,,,,,,,,,,,,,,,,,,,,,,,,,,,,,,,,,,,,,,,,,,,,,,,,,,,,,,,,,,,,,,,,,,,,,,,,,,,,,,,,,,,,,,,,,,,,,
40ccd22a-fecf-4b8c-ae0a-b2b5434ab6de,de67445b-e2ec-4eca-a763-b7a9786de667,2026-09-22 01:54:07,2026-09-22 02:25:40,1892,Completed,Desktop,en-US,6313f4ebb6eb359b0650a088,27,female,X (formerly Twitter),,ArrowRight,ArrowRight,ArrowRight,ArrowRight,ArrowRight,ArrowRight,ArrowRight,ArrowRight,ArrowRight,ArrowLeft,ArrowLeft,ArrowLeft,ArrowRight,ArrowRight,ArrowRight,ArrowRight,ArrowRight,ArrowRight,ArrowLeft,ArrowRight,ArrowLeft,ArrowLeft,ArrowLeft,ArrowRight,ArrowRight,ArrowRight,ArrowRight,ArrowRight,ArrowLeft,ArrowLeft,ArrowLeft,ArrowLeft,ArrowRight,ArrowRight,ArrowLeft,ArrowRight,ArrowRight,ArrowRight,ArrowRight,ArrowRight,ArrowLeft,ArrowLeft,ArrowRight,ArrowLeft,ArrowLeft,ArrowRight,ArrowLeft,ArrowRight,ArrowRight,ArrowRight,ArrowRight,ArrowRight,ArrowRight,ArrowRight,ArrowLeft,ArrowRight,ArrowLeft,ArrowLeft,ArrowLeft,ArrowLeft,ArrowLeft,ArrowLeft,ArrowRight,ArrowRight,ArrowRight,ArrowRight,ArrowRight,ArrowRight,ArrowLeft,ArrowLeft,ArrowLeft,ArrowLeft,ArrowLeft,ArrowLeft,ArrowLeft,ArrowRight,ArrowRight,ArrowLeft,ArrowRight,ArrowLeft,ArrowRight,ArrowRight,ArrowLeft,ArrowLeft,ArrowLeft,ArrowLeft,ArrowLeft,ArrowLeft,,,,,,,,,,,,,,,,,,,,,,,,,,,,,,,,,,,,,,,,,,,,,,,,,,,,,,,,,,,,,,,,,,,,,,,,,,,,,,,,,,,,,,,,,Deciding which posts I might share,,1,1,1,1,1,1,4,4,1,1,1,1,1,1,1,1,7,7,7,7,4,4,7,7,1,1,1,1,1,1,4,4,1,1,1,1,7,7,7,7,4,4,6,6,4,4,1,1,1,1,1,1,1,1,4,4,7,7,7,7,7,7,7,7,1,1,1,1,1,1,1,1,1,1,1,1,1,1,1,1,7,7,7,7,7,7,7,7,4,4,4,4,7,7,7,7,1,1,4,4,1,1,1,1,6,6,1,1,4,4,1,1,7,7,7,7,7,7,7,7,7,7,7,7,1,1,1,1,1,1,1,1,1,1,1,1,5,5,7,7,7,7,7,7,7,7,7,7,1,1,4,4,6,6,7,7,4,4,7,7,1,1,1,1,7,7,7,7,7,7,7,7,7,7,7,7
e93981ee-9197-424a-93ff-e42bc8db624b,5e4e4d60-b146-48a3-b9bf-0d9b629ec01c,2026-09-22 02:01:46,,,In progress,Desktop,en-US,6a119f5a68cec80ed6b34771,,,,,,,,,,,,,,,,,,,,,,,,,,,,,,,,,,,,,,,,,,,,,,,,,,,,,,,,,,,,,,,,,,,,,,,,,,,,,,,,,,,,,,,,,,,,,,,,,,,,,,,,,,,,,,,,,,,,,,,,,,,,,,,,,,,,,,,,,,,,,,,,,,,,,,,,,,,,,,,,,,,,,,,,,,,,,,,,,,,,,,,,,,,,,,,,,,,,,,,,,,,,,,,,,,,,,,,,,,,,,,,,,,,,,,,,,,,,,,,,,,,,,,,,,,,,,,,,,,,,,,,,,,,,,,,,,,,,,,,,,,,,,,,,,,,,,,,,,,,,,,,,,,,,,,,,,,,,,,,,,,,,,,,,,,,,,,,,,,,,,,,,,,,,,,,,,,,,,,
fdf416d9-6e67-42c0-8629-31ea65e40c32,2265a8c9-ccda-438f-928e-78271d10e5d9,2026-09-22 02:02:36,,,In progress,Desktop,en-US,6a20438a8d27bbab84fea595,20,male,Instagram,,,,,,,,,,,,,,,,,,,,,,,,,,,,,,,,,,,,,,,,,,,,,,,,,,,,,,,,,,,,,,,,,,,,,,,,,,,,,,,,,,,,,,,,,,,,,,,,,,,,,,,,,,,,,,,,,,,,,,,,,,,,,,,,,,,,,,,,,,,,,,,,,,,,,,,,,,,,,,,,,,,,,,,,,,,,,,,,,,,,,,,,,,,,,,,,,,,,,,,,,,,,,,,,,,,,,,,,,,,,,,,,,,,,,,,,,,,,,,,,,,,,,,,,,,,,,,,,,,,,,,,,,,,,,,,,,,,,,,,,,,,,,,,,,,,,,,,,,,,,,,,,,,,,,,,,,,,,,,,,,,,,,,,,,,,,,,,,,,,,,,,,,,,,,,,,,,,
32fa65ca-d81e-42ac-ade2-09afb55eed79,06c6c6fa-551e-450c-9969-bd617dd2c7aa,2026-09-22 02:19:05,,,In progress,Desktop,en-US,6a984338d0cf9cf999b97d65,,,,,,,,,,,,,,,,,,,,,,,,,,,,,,,,,,,,,,,,,,,,,,,,,,,,,,,,,,,,,,,,,,,,,,,,,,,,,,,,,,,,,,,,,,,,,,,,,,,,,,,,,,,,,,,,,,,,,,,,,,,,,,,,,,,,,,,,,,,,,,,,,,,,,,,,,,,,,,,,,,,,,,,,,,,,,,,,,,,,,,,,,,,,,,,,,,,,,,,,,,,,,,,,,,,,,,,,,,,,,,,,,,,,,,,,,,,,,,,,,,,,,,,,,,,,,,,,,,,,,,,,,,,,,,,,,,,,,,,,,,,,,,,,,,,,,,,,,,,,,,,,,,,,,,,,,,,,,,,,,,,,,,,,,,,,,,,,,,,,,,,,,,,,,,,,,,,,,,
d9b56a4d-2fe8-4434-be20-010431f03a06,fdc890d8-c3c4-4f99-aaa5-7a9e7775dd78,2026-09-22 02:37:55,2026-09-22 02:53:43,948,Completed,Desktop,en-US,69874c61dfc1bac4e0b5c478,55,Female,Instagram,,,,,,,,,,,,,,,,,,,,,,,,,,,,,,,,,,,,,,,,,,,,,,,,,,,,,,,,,,,,,,,,,,,,,,,,,,,,,,,,,,,,,,,,,,ArrowLeft,ArrowLeft,ArrowRight,ArrowRight,ArrowRight,ArrowLeft,ArrowRight,ArrowRight,ArrowRight,ArrowRight,ArrowRight,ArrowLeft,ArrowLeft,ArrowLeft,ArrowLeft,ArrowRight,ArrowLeft,ArrowLeft,ArrowRight,ArrowRight,ArrowRight,ArrowRight,ArrowRight,ArrowRight,ArrowLeft,ArrowRight,ArrowRight,ArrowLeft,ArrowRight,ArrowRight,ArrowRight,ArrowRight,ArrowRight,ArrowLeft,ArrowRight,ArrowRight,ArrowRight,ArrowRight,ArrowLeft,ArrowRight,ArrowRight,ArrowRight,ArrowRight,ArrowRight,ArrowRight,ArrowRight,ArrowRight,ArrowRight,ArrowLeft,ArrowRight,ArrowRight,ArrowRight,ArrowRight,ArrowRight,ArrowRight,ArrowLeft,ArrowRight,ArrowRight,ArrowRight,ArrowRight,ArrowRight,ArrowLeft,ArrowLeft,ArrowLeft,ArrowRight,ArrowRight,ArrowRight,ArrowRight,ArrowRight,ArrowRight,ArrowRight,ArrowRight,ArrowRight,ArrowRight,ArrowRight,ArrowLeft,ArrowRight,ArrowRight,ArrowRight,ArrowRight,ArrowRight,ArrowRight,ArrowRight,ArrowRight,ArrowRight,ArrowRight,ArrowRight,ArrowRight,Deciding which posts I might share,,6,5,5,5,7,6,5,5,5,5,5,5,6,5,6,5,2,3,6,5,2,2,4,4,5,3,2,2,5,4,2,2,3,3,3,3,2,2,3,3,1,1,5,5,2,2,2,3,6,5,6,5,7,5,7,5,2,2,5,6,5,5,5,5,6,4,5,5,3,3,5,4,6,3,5,4,5,5,6,5,2,2,2,2,2,2,2,2,2,4,2,3,2,4,2,4,1,1,5,4,6,4,6,4,3,3,5,4,1,1,6,5,1,1,2,2,1,1,1,1,5,5,6,6,6,5,5,4,3,3,3,3,2,2,3,3,2,2,5,5,1,2,1,2,2,5,2,2,6,4,5,5,5,5,6,5,3,3,3,3,3,4,5,3,1,2,2,2,1,1,2,5,2,2,2,2
ec7ac63b-ae1f-435a-8042-3363cf3b5b54,8251b745-fe0e-4e0c-afa5-04b95ade8065,2026-09-22 02:39:14,,,In progress,Desktop,en-US,5e50a7e6f728910f381ecefc,,,,,,,,,,,,,,,,,,,,,,,,,,,,,,,,,,,,,,,,,,,,,,,,,,,,,,,,,,,,,,,,,,,,,,,,,,,,,,,,,,,,,,,,,,,,,,,,,,,,,,,,,,,,,,,,,,,,,,,,,,,,,,,,,,,,,,,,,,,,,,,,,,,,,,,,,,,,,,,,,,,,,,,,,,,,,,,,,,,,,,,,,,,,,,,,,,,,,,,,,,,,,,,,,,,,,,,,,,,,,,,,,,,,,,,,,,,,,,,,,,,,,,,,,,,,,,,,,,,,,,,,,,,,,,,,,,,,,,,,,,,,,,,,,,,,,,,,,,,,,,,,,,,,,,,,,,,,,,,,,,,,,,,,,,,,,,,,,,,,,,,,,,,,,,,,,,,,,,
ab5bf6f8-ed86-4d57-9c87-896536a5a35f,851b5f6a-bda1-49f2-9216-d928e496ce53,2026-09-22 02:41:07,2026-09-22 02:54:51,823,Completed,Desktop,en-US,667db5ff4ef4ed2a73acd556,38,Male,X (formerly Twitter),,,,,,,,,,,,,,,,,,,,,,,,,,,,,,,,,,,,,,,,,,,,,,,,,,,,,,,,,,,,,,,,,,,,,,,,,,,,,,,,,,,,,,,,,,ArrowRight,ArrowRight,ArrowRight,ArrowRight,ArrowRight,ArrowRight,ArrowRight,ArrowRight,ArrowRight,ArrowRight,ArrowRight,ArrowRight,ArrowRight,ArrowRight,ArrowRight,ArrowRight,ArrowLeft,ArrowLeft,ArrowRight,ArrowRight,ArrowRight,ArrowRight,ArrowRight,ArrowRight,ArrowRight,ArrowRight,ArrowRight,ArrowRight,ArrowRight,ArrowRight,ArrowRight,ArrowRight,ArrowRight,ArrowRight,ArrowRight,ArrowRight,ArrowRight,ArrowRight,ArrowRight,ArrowRight,ArrowRight,ArrowRight,ArrowRight,ArrowRight,ArrowRight,ArrowRight,ArrowRight,ArrowRight,ArrowRight,ArrowRight,ArrowRight,ArrowRight,ArrowRight,ArrowRight,ArrowRight,ArrowRight,ArrowRight,ArrowRight,ArrowRight,ArrowRight,ArrowLeft,ArrowLeft,ArrowRight,ArrowRight,ArrowRight,ArrowLeft,ArrowLeft,ArrowLeft,ArrowLeft,ArrowLeft,ArrowRight,ArrowRight,ArrowRight,ArrowRight,ArrowRight,ArrowRight,ArrowLeft,ArrowLeft,ArrowLeft,ArrowRight,ArrowLeft,ArrowRight,ArrowRight,ArrowRight,ArrowRight,ArrowRight,ArrowRight,ArrowRight,Deciding which posts I might share,,6,6,6,6,7,7,5,5,6,6,1,1,6,6,6,6,3,3,2,2,2,2,3,3,5,5,2,2,5,5,5,5,2,2,6,6,6,6,5,5,4,4,3,3,5,5,5,5,5,2,2,2,2,2,6,6,3,3,3,3,4,4,6,6,5,5,2,2,4,2,5,5,5,5,3,3,5,5,6,6,3,3,2,2,5,5,4,4,3,3,5,5,5,5,2,2,5,5,5,5,5,5,5,5,2,2,5,5,3,3,4,4,5,5,3,3,5,5,2,2,6,6,7,7,4,4,5,5,6,6,5,5,6,6,3,3,5,5,5,5,1,1,1,1,2,2,6,6,5,5,5,3,5,5,6,6,3,3,6,6,3,3,5,5,1,1,6,6,5,5,2,2,3,3,5,5
26fbdc63-ce46-445a-8499-d236c2d15240,0299a232-f0ae-492f-9e08-7fa32dbacb25,2026-09-22 02:48:15,,,In progress,Desktop,en-US,5bc9206a66d04800015cf314,,,,,,,,,,,,,,,,,,,,,,,,,,,,,,,,,,,,,,,,,,,,,,,,,,,,,,,,,,,,,,,,,,,,,,,,,,,,,,,,,,,,,,,,,,,,,,,,,,,,,,,,,,,,,,,,,,,,,,,,,,,,,,,,,,,,,,,,,,,,,,,,,,,,,,,,,,,,,,,,,,,,,,,,,,,,,,,,,,,,,,,,,,,,,,,,,,,,,,,,,,,,,,,,,,,,,,,,,,,,,,,,,,,,,,,,,,,,,,,,,,,,,,,,,,,,,,,,,,,,,,,,,,,,,,,,,,,,,,,,,,,,,,,,,,,,,,,,,,,,,,,,,,,,,,,,,,,,,,,,,,,,,,,,,,,,,,,,,,,,,,,,,,,,,,,,,,,,,,
194a421f-02ad-4a33-b81f-350ef1301ed2,01fe618f-11fe-4aaa-9a34-86f368be9bdb,2026-09-22 02:52:02,2026-09-22 03:08:43,1001,Completed,Desktop,en-US,6a98545ae31b7458d508df37,22,Male,Instagram,,ArrowRight,ArrowLeft,ArrowLeft,ArrowRight,ArrowRight,ArrowLeft,ArrowRight,ArrowLeft,ArrowRight,ArrowRight,ArrowRight,ArrowRight,ArrowRight,ArrowRight,ArrowLeft,ArrowRight,ArrowRight,ArrowRight,ArrowRight,ArrowRight,ArrowRight,ArrowRight,ArrowRight,ArrowRight,ArrowRight,ArrowRight,ArrowRight,ArrowRight,ArrowRight,ArrowRight,ArrowRight,ArrowRight,ArrowRight,ArrowRight,ArrowRight,ArrowRight,ArrowRight,ArrowRight,ArrowRight,ArrowRight,ArrowRight,ArrowRight,ArrowRight,ArrowRight,ArrowRight,ArrowRight,ArrowRight,ArrowRight,ArrowRight,ArrowRight,ArrowRight,ArrowRight,ArrowRight,ArrowRight,ArrowRight,ArrowRight,ArrowRight,ArrowRight,ArrowRight,ArrowRight,ArrowRight,ArrowRight,ArrowRight,ArrowRight,ArrowRight,ArrowRight,ArrowRight,ArrowRight,ArrowRight,ArrowRight,ArrowRight,ArrowRight,ArrowRight,ArrowRight,ArrowRight,ArrowRight,ArrowRight,ArrowRight,ArrowRight,ArrowRight,ArrowRight,ArrowRight,ArrowRight,ArrowRight,ArrowRight,ArrowRight,ArrowRight,ArrowLeft,,,,,,,,,,,,,,,,,,,,,,,,,,,,,,,,,,,,,,,,,,,,,,,,,,,,,,,,,,,,,,,,,,,,,,,,,,,,,,,,,,,,,,,,,Learning about the views people hold on these issues,,4,4,7,7,6,6,5,5,4,4,4,4,4,4,6,6,3,4,4,4,4,4,4,4,4,4,4,4,4,4,4,4,4,4,4,4,4,4,6,6,4,4,4,4,4,4,4,4,4,4,4,4,4,4,4,4,4,4,4,4,4,4,4,4,4,4,4,4,4,4,4,4,4,4,4,4,4,4,4,4,4,4,4,4,4,4,4,4,4,4,4,4,4,4,4,4,4,4,4,4,4,4,4,4,4,4,4,4,4,4,4,4,4,4,4,4,4,4,4,4,4,4,4,4,4,4,1,1,4,4,4,4,4,4,4,4,4,4,4,4,4,4,2,2,4,4,4,4,4,4,1,1,4,4,4,4,4,4,4,4,4,4,4,4,4,4,4,4,4,4,4,4,4,4,5,4
0772ff89-d114-47d8-9be3-9349c815ffd2,457efc40-7d69-46ef-9feb-7a15382e91c2,2026-09-22 02:56:06,,,In progress,Desktop,en-US,5bc9206a66d04800015cf314,,,,,,,,,,,,,,,,,,,,,,,,,,,,,,,,,,,,,,,,,,,,,,,,,,,,,,,,,,,,,,,,,,,,,,,,,,,,,,,,,,,,,,,,,,,,,,,,,,,,,,,,,,,,,,,,,,,,,,,,,,,,,,,,,,,,,,,,,,,,,,,,,,,,,,,,,,,,,,,,,,,,,,,,,,,,,,,,,,,,,,,,,,,,,,,,,,,,,,,,,,,,,,,,,,,,,,,,,,,,,,,,,,,,,,,,,,,,,,,,,,,,,,,,,,,,,,,,,,,,,,,,,,,,,,,,,,,,,,,,,,,,,,,,,,,,,,,,,,,,,,,,,,,,,,,,,,,,,,,,,,,,,,,,,,,,,,,,,,,,,,,,,,,,,,,,,,,,,,
7a4139bc-2266-4814-ac3b-fd1629135016,3bb31e6c-a253-4b7b-922c-0d3c77572c1b,2026-09-22 03:02:48,,,In progress,Desktop,en-US,64415cccab771017a37d3d93,,,,,,,,,,,,,,,,,,,,,,,,,,,,,,,,,,,,,,,,,,,,,,,,,,,,,,,,,,,,,,,,,,,,,,,,,,,,,,,,,,,,,,,,,,,,,,,,,,,,,,,,,,,,,,,,,,,,,,,,,,,,,,,,,,,,,,,,,,,,,,,,,,,,,,,,,,,,,,,,,,,,,,,,,,,,,,,,,,,,,,,,,,,,,,,,,,,,,,,,,,,,,,,,,,,,,,,,,,,,,,,,,,,,,,,,,,,,,,,,,,,,,,,,,,,,,,,,,,,,,,,,,,,,,,,,,,,,,,,,,,,,,,,,,,,,,,,,,,,,,,,,,,,,,,,,,,,,,,,,,,,,,,,,,,,,,,,,,,,,,,,,,,,,,,,,,,,,,,
f4b25238-d52b-4c3c-82fc-be4c923935a4,73fe3b70-7d2d-41df-8ee0-fe75f1266b96,2026-09-22 03:03:46,,,In progress,Desktop,en-US,69fc431a89e85a00c0ea923c,,,,,,,,,,,,,,,,,,,,,,,,,,,,,,,,,,,,,,,,,,,,,,,,,,,,,,,,,,,,,,,,,,,,,,,,,,,,,,,,,,,,,,,,,,,,,,,,,,,,,,,,,,,,,,,,,,,,,,,,,,,,,,,,,,,,,,,,,,,,,,,,,,,,,,,,,,,,,,,,,,,,,,,,,,,,,,,,,,,,,,,,,,,,,,,,,,,,,,,,,,,,,,,,,,,,,,,,,,,,,,,,,,,,,,,,,,,,,,,,,,,,,,,,,,,,,,,,,,,,,,,,,,,,,,,,,,,,,,,,,,,,,,,,,,,,,,,,,,,,,,,,,,,,,,,,,,,,,,,,,,,,,,,,,,,,,,,,,,,,,,,,,,,,,,,,,,,,,,
d7771801-57f7-40aa-b5bc-bbfc801ed8b8,b49a733e-8b83-4025-9a45-4da907eb6c9b,2026-09-22 03:04:30,,,In progress,Desktop,en-US,69f7b962446b32b08d58a1df,,,,,,,,,,,,,,,,,,,,,,,,,,,,,,,,,,,,,,,,,,,,,,,,,,,,,,,,,,,,,,,,,,,,,,,,,,,,,,,,,,,,,,,,,,,,,,,,,,,,,,,,,,,,,,,,,,,,,,,,,,,,,,,,,,,,,,,,,,,,,,,,,,,,,,,,,,,,,,,,,,,,,,,,,,,,,,,,,,,,,,,,,,,,,,,,,,,,,,,,,,,,,,,,,,,,,,,,,,,,,,,,,,,,,,,,,,,,,,,,,,,,,,,,,,,,,,,,,,,,,,,,,,,,,,,,,,,,,,,,,,,,,,,,,,,,,,,,,,,,,,,,,,,,,,,,,,,,,,,,,,,,,,,,,,,,,,,,,,,,,,,,,,,,,,,,,,,,,,
17039f56-a765-4e9c-b4b8-452379e034f1,1c65cf9f-e170-4cbf-ba02-1df2311ac12d,2026-09-22 03:05:47,,,In progress,Mobile,en-US,697a4547299075cff1272115,,,,,,,,,,,,,,,,,,,,,,,,,,,,,,,,,,,,,,,,,,,,,,,,,,,,,,,,,,,,,,,,,,,,,,,,,,,,,,,,,,,,,,,,,,,,,,,,,,,,,,,,,,,,,,,,,,,,,,,,,,,,,,,,,,,,,,,,,,,,,,,,,,,,,,,,,,,,,,,,,,,,,,,,,,,,,,,,,,,,,,,,,,,,,,,,,,,,,,,,,,,,,,,,,,,,,,,,,,,,,,,,,,,,,,,,,,,,,,,,,,,,,,,,,,,,,,,,,,,,,,,,,,,,,,,,,,,,,,,,,,,,,,,,,,,,,,,,,,,,,,,,,,,,,,,,,,,,,,,,,,,,,,,,,,,,,,,,,,,,,,,,,,,,,,,,,,,,,,
35277d0c-c2ca-40bd-b17d-48a1585b0bc3,951a4d76-53b1-40dd-8588-d3e8792f6c88,2026-09-22 03:08:19,2026-09-22 03:34:02,1542,Completed,Desktop,en-US,697d79f9036bee0ad31dfa15,38,Male,X (formerly Twitter),,ArrowRight,ArrowRight,ArrowLeft,ArrowRight,ArrowRight,ArrowRight,ArrowRight,ArrowRight,ArrowRight,ArrowRight,ArrowRight,ArrowLeft,ArrowLeft,ArrowLeft,ArrowLeft,ArrowRight,ArrowRight,ArrowRight,ArrowRight,ArrowRight,ArrowRight,ArrowRight,ArrowRight,ArrowRight,ArrowRight,ArrowLeft,ArrowRight,ArrowRight,ArrowLeft,ArrowRight,ArrowLeft,ArrowRight,ArrowRight,ArrowRight,ArrowRight,ArrowRight,ArrowRight,ArrowRight,ArrowLeft,ArrowRight,ArrowRight,ArrowRight,ArrowRight,ArrowLeft,ArrowLeft,ArrowRight,ArrowLeft,ArrowLeft,ArrowLeft,ArrowRight,ArrowLeft,ArrowRight,ArrowRight,ArrowRight,ArrowRight,ArrowRight,ArrowRight,ArrowRight,ArrowRight,ArrowRight,ArrowLeft,ArrowLeft,ArrowRight,ArrowLeft,ArrowLeft,ArrowRight,ArrowLeft,ArrowLeft,ArrowRight,ArrowRight,ArrowLeft,ArrowRight,ArrowLeft,ArrowRight,ArrowLeft,ArrowLeft,ArrowRight,ArrowLeft,ArrowLeft,ArrowRight,ArrowRight,ArrowLeft,ArrowLeft,ArrowRight,ArrowRight,ArrowRight,ArrowRight,ArrowLeft,,,,,,,,,,,,,,,,,,,,,,,,,,,,,,,,,,,,,,,,,,,,,,,,,,,,,,,,,,,,,,,,,,,,,,,,,,,,,,,,,,,,,,,,,Deciding which posts I might share,,2,5,2,3,7,7,2,3,5,3,2,3,5,5,1,1,6,5,2,2,7,3,6,5,6,6,6,2,6,6,3,2,6,5,2,2,6,7,2,3,2,2,3,5,4,5,2,4,6,2,2,5,2,4,7,4,6,3,2,6,2,4,6,4,3,5,2,2,6,6,6,4,5,5,3,3,5,6,5,4,5,2,5,6,3,4,6,5,4,3,6,5,6,4,5,6,6,6,5,5,6,5,3,4,2,4,6,2,5,5,7,4,1,4,2,5,2,4,6,6,2,4,5,5,5,5,6,6,5,4,3,4,5,5,6,5,7,4,5,3,5,2,6,2,4,7,5,3,2,5,6,4,6,4,7,6,2,4,4,4,4,5,2,3,6,1,4,6,3,6,5,6,7,7,2,3
23ccc1b0-9e5e-4479-9d0f-eb06f1790ec8,b78c2f90-f411-4ed6-98fd-1b110772307f,2026-09-22 03:08:28,2026-09-22 03:38:47,1818,Completed,Desktop,en-US,69b03cae4a4040b8a14a65a2,23,"female
",Instagram,,ArrowLeft,ArrowLeft,ArrowRight,ArrowRight,ArrowRight,ArrowRight,ArrowLeft,ArrowRight,ArrowRight,ArrowRight,ArrowRight,ArrowRight,ArrowRight,ArrowRight,ArrowRight,ArrowRight,ArrowRight,ArrowRight,ArrowRight,ArrowRight,ArrowRight,ArrowRight,ArrowLeft,ArrowRight,ArrowRight,ArrowRight,ArrowRight,ArrowLeft,ArrowRight,ArrowLeft,ArrowRight,ArrowLeft,ArrowRight,ArrowRight,ArrowRight,ArrowRight,ArrowRight,ArrowRight,ArrowRight,ArrowLeft,ArrowRight,ArrowRight,ArrowRight,ArrowRight,ArrowRight,ArrowRight,ArrowRight,ArrowRight,ArrowRight,ArrowRight,ArrowRight,ArrowRight,ArrowRight,ArrowRight,ArrowRight,ArrowRight,ArrowRight,ArrowRight,ArrowRight,ArrowRight,ArrowRight,ArrowLeft,ArrowRight,ArrowRight,ArrowRight,ArrowRight,ArrowRight,ArrowRight,ArrowRight,ArrowRight,ArrowRight,ArrowRight,ArrowRight,ArrowRight,ArrowLeft,ArrowRight,ArrowRight,ArrowRight,ArrowLeft,ArrowRight,ArrowRight,ArrowRight,ArrowRight,ArrowRight,ArrowRight,ArrowRight,ArrowRight,ArrowLeft,,,,,,,,,,,,,,,,,,,,,,,,,,,,,,,,,,,,,,,,,,,,,,,,,,,,,,,,,,,,,,,,,,,,,,,,,,,,,,,,,,,,,,,,,Deciding which posts I might share,,5,5,5,5,4,4,4,4,5,5,4,4,4,4,5,5,4,4,4,4,5,5,5,5,4,4,3,3,4,4,4,4,4,4,5,5,4,4,3,3,5,5,5,5,4,4,4,4,5,5,6,6,4,4,4,4,4,4,4,4,4,4,5,5,4,4,4,4,4,4,3,2,3,3,3,3,4,4,3,3,4,4,5,5,3,3,4,4,4,4,5,5,4,4,4,4,4,4,4,4,4,4,3,3,4,4,4,4,4,4,4,4,3,3,3,3,4,4,3,3,4,4,4,4,4,4,4,4,4,4,4,4,4,4,4,4,3,3,4,4,4,4,4,4,4,4,4,4,4,4,4,4,4,4,3,3,3,3,4,4,4,4,4,4,4,4,4,4,3,3,4,4,4,4,5,5
ff89dd88-f7c5-404a-8687-489aeb74f656,9216d5a5-f1c0-4bcf-8a3d-5ee5fdeb5823,2026-09-22 03:16:32,,,In progress,Desktop,en-US,66e739f07dd765fe0446ddb7,,,,,,,,,,,,,,,,,,,,,,,,,,,,,,,,,,,,,,,,,,,,,,,,,,,,,,,,,,,,,,,,,,,,,,,,,,,,,,,,,,,,,,,,,,,,,,,,,,,,,,,,,,,,,,,,,,,,,,,,,,,,,,,,,,,,,,,,,,,,,,,,,,,,,,,,,,,,,,,,,,,,,,,,,,,,,,,,,,,,,,,,,,,,,,,,,,,,,,,,,,,,,,,,,,,,,,,,,,,,,,,,,,,,,,,,,,,,,,,,,,,,,,,,,,,,,,,,,,,,,,,,,,,,,,,,,,,,,,,,,,,,,,,,,,,,,,,,,,,,,,,,,,,,,,,,,,,,,,,,,,,,,,,,,,,,,,,,,,,,,,,,,,,,,,,,,,,,,,
367d68a8-7d82-4aa6-8049-440296250dec,b9bfeb9e-4f70-4137-be79-c697efc66b77,2026-09-22 03:20:44,,,In progress,Desktop,en-US,65c1287985e524df48a330b8,,,,,,,,,,,,,,,,,,,,,,,,,,,,,,,,,,,,,,,,,,,,,,,,,,,,,,,,,,,,,,,,,,,,,,,,,,,,,,,,,,,,,,,,,,,,,,,,,,,,,,,,,,,,,,,,,,,,,,,,,,,,,,,,,,,,,,,,,,,,,,,,,,,,,,,,,,,,,,,,,,,,,,,,,,,,,,,,,,,,,,,,,,,,,,,,,,,,,,,,,,,,,,,,,,,,,,,,,,,,,,,,,,,,,,,,,,,,,,,,,,,,,,,,,,,,,,,,,,,,,,,,,,,,,,,,,,,,,,,,,,,,,,,,,,,,,,,,,,,,,,,,,,,,,,,,,,,,,,,,,,,,,,,,,,,,,,,,,,,,,,,,,,,,,,,,,,,,,,
7b924264-9774-4f18-ba63-c1c12b85838f,9d9f7d98-e35c-4420-83c3-a90a6f48e350,2026-09-22 03:22:51,,,In progress,Desktop,en-US,69eaa94ee08d8a51cbe73eda,,,,,,,,,,,,,,,,,,,,,,,,,,,,,,,,,,,,,,,,,,,,,,,,,,,,,,,,,,,,,,,,,,,,,,,,,,,,,,,,,,,,,,,,,,,,,,,,,,,,,,,,,,,,,,,,,,,,,,,,,,,,,,,,,,,,,,,,,,,,,,,,,,,,,,,,,,,,,,,,,,,,,,,,,,,,,,,,,,,,,,,,,,,,,,,,,,,,,,,,,,,,,,,,,,,,,,,,,,,,,,,,,,,,,,,,,,,,,,,,,,,,,,,,,,,,,,,,,,,,,,,,,,,,,,,,,,,,,,,,,,,,,,,,,,,,,,,,,,,,,,,,,,,,,,,,,,,,,,,,,,,,,,,,,,,,,,,,,,,,,,,,,,,,,,,,,,,,,,
f572094f-8f6f-42c1-b67f-4417b3fa35e0,d689be73-8036-4f6e-8eaf-df009532db79,2026-09-22 03:24:03,,,In progress,Desktop,en-US,667720b9422d96e4a01b7163,80,male,Other,youtube,,,,,,,,,,,,,,,,,,,,,,,,,,,,,,,,,,,,,,,,,,,,,,,,,,,,,,,,,,,,,,,,,,,,,,,,,,,,,,,,,,,,,,,,,,,,,,,,,,,,,,,,,,,,,,,,,,,,,,,,,,,,,,,,,,,,,,,,,,,,,,,,,,,,,,,,,,,,,,,,,,,,,,,,,,,,,,,,,,,,,,,,,,,,,,,,,,,,,,,,,,,,,,,,,,,,,,,,,,,,,,,,,,,,,,,,,,,,,,,,,,,,,,,,,,,,,,,,,,,,,,,,,,,,,,,,,,,,,,,,,,,,,,,,,,,,,,,,,,,,,,,,,,,,,,,,,,,,,,,,,,,,,,,,,,,,,,,,,,,,,,,,,,,,,,,,,,
4ff7fda0-a9fa-41ee-8c9d-edea38e3b8e7,f3b0fa9b-d912-4691-9054-b1109ce7e1df,2026-09-22 03:33:28,2026-09-22 04:19:19,2750,Completed,Desktop,en-US,69b0fca59683ae64947d0707,26,Male,Instagram,,,,,,,,,,,,,,,,,,,,,,,,,,,,,,,,,,,,,,,,,,,,,,,,,,,,,,,,,,,,,,,,,,,,,,,,,,,,,,,,,,,,,,,,,,ArrowRight,ArrowRight,ArrowRight,ArrowLeft,ArrowRight,ArrowRight,ArrowRight,ArrowLeft,ArrowRight,ArrowLeft,ArrowRight,ArrowLeft,ArrowLeft,ArrowRight,ArrowLeft,ArrowRight,ArrowRight,ArrowRight,ArrowLeft,ArrowLeft,ArrowRight,ArrowRight,ArrowLeft,ArrowRight,ArrowLeft,ArrowLeft,ArrowLeft,ArrowLeft,ArrowLeft,ArrowLeft,ArrowRight,ArrowLeft,ArrowRight,ArrowRight,ArrowRight,ArrowRight,ArrowRight,ArrowRight,ArrowRight,ArrowRight,ArrowRight,ArrowRight,ArrowRight,ArrowLeft,ArrowRight,ArrowRight,ArrowLeft,ArrowLeft,ArrowLeft,ArrowRight,ArrowLeft,ArrowLeft,ArrowLeft,ArrowLeft,ArrowLeft,ArrowLeft,ArrowRight,ArrowLeft,ArrowRight,ArrowRight,ArrowLeft,ArrowLeft,ArrowRight,ArrowLeft,ArrowRight,ArrowLeft,ArrowRight,ArrowLeft,ArrowLeft,ArrowRight,ArrowLeft,ArrowLeft,ArrowLeft,ArrowLeft,ArrowRight,ArrowLeft,ArrowLeft,ArrowLeft,ArrowLeft,ArrowLeft,ArrowRight,ArrowRight,ArrowRight,ArrowLeft,ArrowRight,ArrowLeft,ArrowLeft,ArrowLeft,Deciding which posts I might share,,5,5,3,3,3,3,6,6,3,3,4,4,4,4,4,4,4,4,5,5,4,4,4,4,4,4,5,5,4,4,5,5,3,3,3,3,6,6,5,5,4,4,4,5,4,4,4,4,5,5,4,4,5,5,6,6,4,4,5,5,4,4,4,4,5,5,5,5,3,3,4,4,4,4,5,5,4,4,5,5,5,5,6,6,4,4,5,5,5,4,5,5,6,6,5,5,4,4,5,5,4,4,5,5,4,4,4,4,3,4,5,4,4,4,5,5,4,4,4,4,6,6,5,5,5,5,6,6,3,3,3,3,3,3,5,5,5,5,6,6,3,3,4,4,4,4,5,5,3,3,4,4,4,6,4,4,5,5,6,5,3,3,4,4,4,4,6,6,4,4,4,4,4,4,6,5
e2a617a7-ac79-4273-b7a1-aa4c324d3698,5c70914d-5350-421b-86c6-56c835e4e10b,2026-09-22 03:43:55,,,In progress,Tablet,en-US,69dbd4cd4c60c040e242166b,,,,,,,,,,,,,,,,,,,,,,,,,,,,,,,,,,,,,,,,,,,,,,,,,,,,,,,,,,,,,,,,,,,,,,,,,,,,,,,,,,,,,,,,,,,,,,,,,,,,,,,,,,,,,,,,,,,,,,,,,,,,,,,,,,,,,,,,,,,,,,,,,,,,,,,,,,,,,,,,,,,,,,,,,,,,,,,,,,,,,,,,,,,,,,,,,,,,,,,,,,,,,,,,,,,,,,,,,,,,,,,,,,,,,,,,,,,,,,,,,,,,,,,,,,,,,,,,,,,,,,,,,,,,,,,,,,,,,,,,,,,,,,,,,,,,,,,,,,,,,,,,,,,,,,,,,,,,,,,,,,,,,,,,,,,,,,,,,,,,,,,,,,,,,,,,,,,,,,
9ade4db8-83fe-4b0f-82ae-c548b2359480,b7e83f12-cb8a-44f7-a6bc-46d78bc82f64,2026-09-22 03:45:07,,,In progress,Desktop,en-US,"6a080333f7001eaf175c94ab
",,,,,,,,,,,,,,,,,,,,,,,,,,,,,,,,,,,,,,,,,,,,,,,,,,,,,,,,,,,,,,,,,,,,,,,,,,,,,,,,,,,,,,,,,,,,,,,,,,,,,,,,,,,,,,,,,,,,,,,,,,,,,,,,,,,,,,,,,,,,,,,,,,,,,,,,,,,,,,,,,,,,,,,,,,,,,,,,,,,,,,,,,,,,,,,,,,,,,,,,,,,,,,,,,,,,,,,,,,,,,,,,,,,,,,,,,,,,,,,,,,,,,,,,,,,,,,,,,,,,,,,,,,,,,,,,,,,,,,,,,,,,,,,,,,,,,,,,,,,,,,,,,,,,,,,,,,,,,,,,,,,,,,,,,,,,,,,,,,,,,,,,,,,,,,,,,,,,,,
a48f4201-040b-4761-b767-8ccb2f51e21a,cd561dbe-7497-4867-afb6-61023b116b42,2026-09-22 03:54:02,,,In progress,Desktop,en-US,6a2411bbc8d1dc17db3a0851,,,,,,,,,,,,,,,,,,,,,,,,,,,,,,,,,,,,,,,,,,,,,,,,,,,,,,,,,,,,,,,,,,,,,,,,,,,,,,,,,,,,,,,,,,,,,,,,,,,,,,,,,,,,,,,,,,,,,,,,,,,,,,,,,,,,,,,,,,,,,,,,,,,,,,,,,,,,,,,,,,,,,,,,,,,,,,,,,,,,,,,,,,,,,,,,,,,,,,,,,,,,,,,,,,,,,,,,,,,,,,,,,,,,,,,,,,,,,,,,,,,,,,,,,,,,,,,,,,,,,,,,,,,,,,,,,,,,,,,,,,,,,,,,,,,,,,,,,,,,,,,,,,,,,,,,,,,,,,,,,,,,,,,,,,,,,,,,,,,,,,,,,,,,,,,,,,,,,,
03ac5ef7-1932-42a6-854b-cdb605dc57ce,fb4cc5cd-34d6-42ad-ae5b-80b93a3d7c97,2026-09-22 04:05:49,2026-09-22 04:26:20,1230,Completed,Desktop,en-US,6aa882378d3112bea0861dc9,24,Male,X (formerly Twitter),,ArrowRight,ArrowRight,ArrowRight,ArrowRight,ArrowRight,ArrowLeft,ArrowRight,ArrowRight,ArrowRight,ArrowRight,ArrowRight,ArrowRight,ArrowRight,ArrowRight,ArrowRight,ArrowRight,ArrowRight,ArrowRight,ArrowRight,ArrowRight,ArrowRight,ArrowRight,ArrowRight,ArrowRight,ArrowRight,ArrowRight,ArrowRight,ArrowRight,ArrowRight,ArrowRight,ArrowRight,ArrowRight,ArrowRight,ArrowRight,ArrowRight,ArrowRight,ArrowRight,ArrowRight,ArrowRight,ArrowRight,ArrowRight,ArrowRight,ArrowRight,ArrowRight,ArrowRight,ArrowRight,ArrowRight,ArrowRight,ArrowRight,ArrowRight,ArrowRight,ArrowRight,ArrowRight,ArrowRight,ArrowRight,ArrowLeft,ArrowRight,ArrowLeft,ArrowRight,ArrowRight,ArrowRight,ArrowRight,ArrowRight,ArrowRight,ArrowRight,ArrowRight,ArrowRight,ArrowRight,ArrowRight,ArrowRight,ArrowRight,ArrowRight,ArrowRight,ArrowRight,ArrowRight,ArrowRight,ArrowRight,ArrowRight,ArrowRight,ArrowRight,ArrowRight,ArrowRight,ArrowRight,ArrowRight,ArrowRight,ArrowRight,ArrowRight,ArrowRight,,,,,,,,,,,,,,,,,,,,,,,,,,,,,,,,,,,,,,,,,,,,,,,,,,,,,,,,,,,,,,,,,,,,,,,,,,,,,,,,,,,,,,,,,Something else (please describe),I was mainly thinking that basically every post that was sharing an opinion was saying absolutely nothing interesting about the topic. It's all the same political ad campaign slogans.,1,1,1,1,1,1,7,7,1,1,1,1,1,1,1,1,6,7,6,7,5,7,7,7,5,4,4,3,2,1,5,4,1,1,1,1,7,7,7,7,4,6,5,7,7,7,7,7,2,1,3,1,1,1,5,1,6,7,7,7,6,7,7,7,1,1,1,1,1,1,1,1,1,1,1,1,1,1,1,1,5,7,7,7,7,7,6,7,6,7,6,7,7,7,6,7,2,1,6,3,3,1,2,1,6,6,2,1,7,7,5,3,3,6,4,7,5,6,7,7,7,7,7,7,1,1,1,1,4,4,3,1,1,1,1,1,1,1,7,7,7,7,6,7,7,7,6,4,1,1,1,1,6,6,7,7,4,5,4,4,1,1,1,1,4,7,5,7,2,6,7,7,7,7,7,6
4a678a08-1fde-45ce-ad42-d5f142f71fd6,7bfa15e4-2db4-40ac-9950-b33a061b1d36,2026-09-22 04:05:58,,,In progress,Mobile,en-US,6a1f0ef7a64d44c972d3a5f7,,,,,,,,,,,,,,,,,,,,,,,,,,,,,,,,,,,,,,,,,,,,,,,,,,,,,,,,,,,,,,,,,,,,,,,,,,,,,,,,,,,,,,,,,,,,,,,,,,,,,,,,,,,,,,,,,,,,,,,,,,,,,,,,,,,,,,,,,,,,,,,,,,,,,,,,,,,,,,,,,,,,,,,,,,,,,,,,,,,,,,,,,,,,,,,,,,,,,,,,,,,,,,,,,,,,,,,,,,,,,,,,,,,,,,,,,,,,,,,,,,,,,,,,,,,,,,,,,,,,,,,,,,,,,,,,,,,,,,,,,,,,,,,,,,,,,,,,,,,,,,,,,,,,,,,,,,,,,,,,,,,,,,,,,,,,,,,,,,,,,,,,,,,,,,,,,,,,,,
5759c382-540f-442f-adaa-ecbff40bad96,5d70f1aa-2aeb-4d56-b5f6-d0e98fc9d752,2026-09-22 04:06:27,,,In progress,Desktop,en-US,5c745295821a97001763fb1b,,,,,,,,,,,,,,,,,,,,,,,,,,,,,,,,,,,,,,,,,,,,,,,,,,,,,,,,,,,,,,,,,,,,,,,,,,,,,,,,,,,,,,,,,,,,,,,,,,,,,,,,,,,,,,,,,,,,,,,,,,,,,,,,,,,,,,,,,,,,,,,,,,,,,,,,,,,,,,,,,,,,,,,,,,,,,,,,,,,,,,,,,,,,,,,,,,,,,,,,,,,,,,,,,,,,,,,,,,,,,,,,,,,,,,,,,,,,,,,,,,,,,,,,,,,,,,,,,,,,,,,,,,,,,,,,,,,,,,,,,,,,,,,,,,,,,,,,,,,,,,,,,,,,,,,,,,,,,,,,,,,,,,,,,,,,,,,,,,,,,,,,,,,,,,,,,,,,,,
6de38646-92db-4b97-9eb1-5e811c55421d,64082dd7-7dba-4ec9-9e5d-deade3beaf62,2026-09-22 04:09:57,,,In progress,Desktop,en-US,6a01cedb6ef8eedde542630a,,,,,,,,,,,,,,,,,,,,,,,,,,,,,,,,,,,,,,,,,,,,,,,,,,,,,,,,,,,,,,,,,,,,,,,,,,,,,,,,,,,,,,,,,,,,,,,,,,,,,,,,,,,,,,,,,,,,,,,,,,,,,,,,,,,,,,,,,,,,,,,,,,,,,,,,,,,,,,,,,,,,,,,,,,,,,,,,,,,,,,,,,,,,,,,,,,,,,,,,,,,,,,,,,,,,,,,,,,,,,,,,,,,,,,,,,,,,,,,,,,,,,,,,,,,,,,,,,,,,,,,,,,,,,,,,,,,,,,,,,,,,,,,,,,,,,,,,,,,,,,,,,,,,,,,,,,,,,,,,,,,,,,,,,,,,,,,,,,,,,,,,,,,,,,,,,,,,,,
28d24ca6-5149-4596-9038-f3be70ffc605,f6a7d1a2-bd95-41ec-b155-82a20c0b0e8b,2026-09-22 04:18:57,,,In progress,Desktop,en-US,6978c50a229d7b3edaba534f,33,Female,Facebook,,,,,,,,,,,,,,,,,,,,,,,,,,,,,,,,,,,,,,,,,,,,,,,,,,,,,,,,,,,,,,,,,,,,,,,,,,,,,,,,,,,,,,,,,,,,,,,,,,,,,,,,,,,,,,,,,,,,,,,,,,,,,,,,,,,,,,,,,,,,,,,,,,,,,,,,,,,,,,,,,,,,,,,,,,,,,,,,,,,,,,,,,,,,,,,,,,,,,,,,,,,,,,,,,,,,,,,,,,,,,,,,,,,,,,,,,,,,,,,,,,,,,,,,,,,,,,,,,,,,,,,,,,,,,,,,,,,,,,,,,,,,,,,,,,,,,,,,,,,,,,,,,,,,,,,,,,,,,,,,,,,,,,,,,,,,,,,,,,,,,,,,,,,,,,,,,,,
643fda45-53cd-4231-8f00-e114548d87e8,705ebe04-0224-48a8-bae9-e5c4cb17b53e,2026-09-22 04:34:52,2026-09-22 04:57:36,1364,Completed,Desktop,en-US,69e47b8bf4126baa2d8e1d31,30,woman,Instagram,,ArrowRight,ArrowRight,ArrowRight,ArrowLeft,ArrowRight,ArrowRight,ArrowRight,ArrowRight,ArrowRight,ArrowLeft,ArrowRight,ArrowRight,ArrowRight,ArrowRight,ArrowRight,ArrowLeft,ArrowRight,ArrowRight,ArrowLeft,ArrowLeft,ArrowRight,ArrowLeft,ArrowRight,ArrowRight,ArrowLeft,ArrowRight,ArrowRight,ArrowRight,ArrowLeft,ArrowLeft,ArrowLeft,ArrowLeft,ArrowRight,ArrowRight,ArrowRight,ArrowRight,ArrowRight,ArrowRight,ArrowRight,ArrowRight,ArrowRight,ArrowLeft,ArrowLeft,ArrowLeft,ArrowLeft,ArrowLeft,ArrowLeft,ArrowLeft,ArrowRight,ArrowRight,ArrowRight,ArrowRight,ArrowLeft,ArrowRight,ArrowRight,ArrowRight,ArrowRight,ArrowLeft,ArrowRight,ArrowRight,ArrowLeft,ArrowLeft,ArrowRight,ArrowRight,ArrowRight,ArrowRight,ArrowRight,ArrowRight,ArrowLeft,ArrowLeft,ArrowLeft,ArrowLeft,ArrowLeft,ArrowLeft,ArrowLeft,ArrowRight,ArrowLeft,ArrowLeft,ArrowRight,ArrowLeft,ArrowRight,ArrowRight,ArrowLeft,ArrowLeft,ArrowLeft,ArrowLeft,ArrowLeft,ArrowLeft,,,,,,,,,,,,,,,,,,,,,,,,,,,,,,,,,,,,,,,,,,,,,,,,,,,,,,,,,,,,,,,,,,,,,,,,,,,,,,,,,,,,,,,,,Deciding which posts I might share,,1,1,1,1,1,1,7,5,2,1,1,1,1,1,1,1,3,3,7,6,2,7,6,6,1,2,4,4,2,3,3,2,1,1,2,1,7,7,6,5,4,3,2,1,4,6,4,4,4,2,4,3,3,4,4,3,6,7,7,7,7,7,7,7,1,2,1,1,1,1,1,1,1,1,1,1,2,3,2,1,5,4,5,3,6,7,6,6,7,5,7,7,7,7,7,7,4,2,6,4,4,4,1,2,3,3,3,2,3,4,4,4,4,4,4,4,5,4,4,4,6,5,5,6,1,1,1,1,3,1,2,3,2,1,2,3,2,2,5,6,5,7,6,7,6,5,7,7,1,1,3,1,2,3,7,7,1,1,4,4,4,6,4,4,1,1,4,4,6,7,6,7,7,7,4,4
a3e4bbc0-fee8-4f69-9f70-f452a611d6e3,5355e4c7-453e-4a4c-a4f3-cc2f47dfdc7e,2026-09-22 04:48:10,,,In progress,Desktop,en-US,65ca7ce3db12aa7ea5156a0c,,,,,,,,,,,,,,,,,,,,,,,,,,,,,,,,,,,,,,,,,,,,,,,,,,,,,,,,,,,,,,,,,,,,,,,,,,,,,,,,,,,,,,,,,,,,,,,,,,,,,,,,,,,,,,,,,,,,,,,,,,,,,,,,,,,,,,,,,,,,,,,,,,,,,,,,,,,,,,,,,,,,,,,,,,,,,,,,,,,,,,,,,,,,,,,,,,,,,,,,,,,,,,,,,,,,,,,,,,,,,,,,,,,,,,,,,,,,,,,,,,,,,,,,,,,,,,,,,,,,,,,,,,,,,,,,,,,,,,,,,,,,,,,,,,,,,,,,,,,,,,,,,,,,,,,,,,,,,,,,,,,,,,,,,,,,,,,,,,,,,,,,,,,,,,,,,,,,,,
a70bdc1f-3033-44c5-b546-2c28e5c48dde,09fed2ba-8847-4c73-8315-a54e86a60268,2026-09-22 04:59:14,2026-09-22 05:27:44,1710,Completed,Desktop,en-US,69ead0480e053fadb3c8e419,43,female,Instagram,,ArrowRight,ArrowRight,ArrowRight,ArrowRight,ArrowRight,ArrowRight,ArrowRight,ArrowRight,ArrowRight,ArrowRight,ArrowRight,ArrowRight,ArrowLeft,ArrowRight,ArrowRight,ArrowLeft,ArrowRight,ArrowRight,ArrowLeft,ArrowLeft,ArrowRight,ArrowRight,ArrowRight,ArrowRight,ArrowLeft,ArrowLeft,ArrowLeft,ArrowRight,ArrowLeft,ArrowLeft,ArrowLeft,ArrowLeft,ArrowRight,ArrowRight,ArrowRight,ArrowRight,ArrowRight,ArrowLeft,ArrowLeft,ArrowRight,ArrowLeft,ArrowLeft,ArrowRight,ArrowRight,ArrowRight,ArrowRight,ArrowRight,ArrowRight,ArrowLeft,ArrowRight,ArrowRight,ArrowRight,ArrowLeft,ArrowRight,ArrowRight,ArrowLeft,ArrowRight,ArrowRight,ArrowRight,ArrowRight,ArrowRight,ArrowRight,ArrowRight,ArrowRight,ArrowLeft,ArrowRight,ArrowRight,ArrowRight,ArrowLeft,ArrowRight,ArrowRight,ArrowRight,ArrowRight,ArrowLeft,ArrowLeft,ArrowRight,ArrowLeft,ArrowRight,ArrowRight,ArrowRight,ArrowRight,ArrowLeft,ArrowRight,ArrowLeft,ArrowRight,ArrowLeft,ArrowLeft,ArrowRight,,,,,,,,,,,,,,,,,,,,,,,,,,,,,,,,,,,,,,,,,,,,,,,,,,,,,,,,,,,,,,,,,,,,,,,,,,,,,,,,,,,,,,,,,Deciding which posts I might share,,4,6,2,5,2,5,2,3,1,5,2,5,1,5,2,5,5,4,2,2,2,4,2,4,7,5,2,4,3,5,6,5,4,5,4,4,2,5,5,3,2,2,1,2,7,5,3,5,7,7,7,7,7,7,7,6,7,7,7,5,7,5,7,5,1,3,1,4,1,4,1,2,7,6,7,7,7,5,7,5,1,2,1,1,6,5,1,2,3,4,2,2,2,3,2,2,5,5,5,5,4,5,3,4,7,5,7,5,6,6,4,5,1,5,1,1,1,4,1,2,4,2,4,6,4,4,5,6,4,6,4,6,4,6,4,5,4,6,4,5,5,3,4,6,5,2,5,3,5,4,6,3,4,6,4,4,4,4,1,2,4,6,4,6,2,2,2,2,2,2,7,2,3,5,4,6
b378be2e-9d26-4d2b-a726-f2b73d575d4c,a806535d-f5e3-41f0-bd38-a226a688d7e0,2026-09-22 05:17:48,2026-09-22 05:49:37,1909,Completed,Desktop,en-US,69a89a5ff766614971ab08a2,24,"female
",Instagram,,,,,,,,,,,,,,,,,,,,,,,,,,,,,,,,,,,,,,,,,,,,,,,,,,,,,,,,,,,,,,,,,,,,,,,,,,,,,,,,,,,,,,,,,,ArrowRight,ArrowRight,ArrowRight,ArrowRight,ArrowRight,ArrowRight,ArrowRight,ArrowRight,ArrowRight,ArrowRight,ArrowRight,ArrowRight,ArrowRight,ArrowRight,ArrowRight,ArrowRight,ArrowRight,ArrowRight,ArrowLeft,ArrowRight,ArrowRight,ArrowRight,ArrowRight,ArrowRight,ArrowRight,ArrowRight,ArrowLeft,ArrowLeft,ArrowRight,ArrowRight,ArrowRight,ArrowRight,ArrowRight,ArrowRight,ArrowRight,ArrowRight,ArrowRight,ArrowRight,ArrowRight,ArrowRight,ArrowRight,ArrowRight,ArrowRight,ArrowRight,ArrowRight,ArrowRight,ArrowRight,ArrowRight,ArrowRight,ArrowRight,ArrowRight,ArrowRight,ArrowRight,ArrowRight,ArrowRight,ArrowRight,ArrowRight,ArrowLeft,ArrowRight,ArrowRight,ArrowLeft,ArrowLeft,ArrowRight,ArrowRight,ArrowRight,ArrowRight,ArrowRight,ArrowRight,ArrowLeft,ArrowRight,ArrowRight,ArrowLeft,ArrowLeft,ArrowLeft,ArrowRight,ArrowRight,ArrowLeft,ArrowLeft,ArrowLeft,ArrowRight,ArrowRight,ArrowRight,ArrowRight,ArrowRight,ArrowRight,ArrowLeft,ArrowLeft,ArrowRight,Deciding which posts I might share,,1,5,1,6,2,5,4,4,1,5,2,4,1,4,2,5,4,4,4,4,4,4,4,4,4,4,4,4,4,4,4,4,2,2,3,3,6,3,4,4,4,4,4,4,4,4,4,4,5,5,4,5,6,6,6,6,2,2,3,3,4,4,4,4,4,4,4,4,2,2,4,4,5,6,5,5,5,5,5,4,2,2,4,4,4,4,4,4,4,4,4,5,4,4,4,4,4,4,4,4,4,4,4,4,4,4,4,5,4,4,4,4,4,4,6,4,4,4,4,4,6,6,7,7,2,5,1,5,1,2,2,2,2,2,3,3,6,5,4,4,3,3,7,3,7,3,7,3,2,5,2,4,6,6,7,6,5,5,4,4,2,2,4,4,4,4,4,4,4,4,7,3,7,3,6,2
b479f28f-39d5-475e-a844-ade9af6e027e,aa565bbf-09b0-4d96-8574-d9b15c876fc8,2026-09-22 05:21:10,,,In progress,Mobile,en-US,6a98286664a196938401eb33,,,,,,,,,,,,,,,,,,,,,,,,,,,,,,,,,,,,,,,,,,,,,,,,,,,,,,,,,,,,,,,,,,,,,,,,,,,,,,,,,,,,,,,,,,,,,,,,,,,,,,,,,,,,,,,,,,,,,,,,,,,,,,,,,,,,,,,,,,,,,,,,,,,,,,,,,,,,,,,,,,,,,,,,,,,,,,,,,,,,,,,,,,,,,,,,,,,,,,,,,,,,,,,,,,,,,,,,,,,,,,,,,,,,,,,,,,,,,,,,,,,,,,,,,,,,,,,,,,,,,,,,,,,,,,,,,,,,,,,,,,,,,,,,,,,,,,,,,,,,,,,,,,,,,,,,,,,,,,,,,,,,,,,,,,,,,,,,,,,,,,,,,,,,,,,,,,,,,,
c3a36114-39a7-4516-8f60-5153701e66a4,3227eafd-263a-44c8-ab3f-33b33a7ef4d3,2026-09-22 05:21:46,2026-09-22 05:59:27,2260,Completed,Desktop,en-US,69f19a6a0848d5a1ce77eb2c,26,Nonbinary,X (formerly Twitter),,,,,,,,,,,,,,,,,,,,,,,,,,,,,,,,,,,,,,,,,,,,,,,,,,,,,,,,,,,,,,,,,,,,,,,,,,,,,,,,,,,,,,,,,,ArrowRight,ArrowRight,ArrowRight,ArrowRight,ArrowRight,ArrowRight,ArrowRight,ArrowRight,ArrowLeft,ArrowLeft,ArrowRight,ArrowLeft,ArrowRight,ArrowRight,ArrowRight,ArrowRight,ArrowRight,ArrowRight,ArrowLeft,ArrowRight,ArrowLeft,ArrowLeft,ArrowLeft,ArrowLeft,ArrowRight,ArrowRight,ArrowRight,ArrowRight,ArrowRight,ArrowLeft,ArrowLeft,ArrowRight,ArrowRight,ArrowRight,ArrowRight,ArrowRight,ArrowRight,ArrowRight,ArrowRight,ArrowRight,ArrowLeft,ArrowLeft,ArrowLeft,ArrowLeft,ArrowLeft,ArrowRight,ArrowLeft,ArrowRight,ArrowRight,ArrowRight,ArrowRight,ArrowRight,ArrowRight,ArrowRight,ArrowRight,ArrowRight,ArrowLeft,ArrowLeft,ArrowLeft,ArrowLeft,ArrowLeft,ArrowLeft,ArrowRight,ArrowRight,ArrowRight,ArrowRight,ArrowRight,ArrowRight,ArrowLeft,ArrowLeft,ArrowLeft,ArrowLeft,ArrowLeft,ArrowLeft,ArrowRight,ArrowRight,ArrowLeft,ArrowLeft,ArrowLeft,ArrowLeft,ArrowRight,ArrowRight,ArrowLeft,ArrowLeft,ArrowLeft,ArrowLeft,ArrowLeft,ArrowLeft,Deciding which posts I might share,,1,1,1,1,1,2,2,4,1,1,1,1,1,1,1,1,7,7,7,7,6,5,7,6,1,1,3,3,1,1,2,2,1,1,1,1,7,6,6,5,6,6,6,5,7,6,7,6,1,1,1,1,1,2,1,3,6,5,6,6,7,7,7,7,1,1,1,2,1,2,1,2,1,1,1,1,1,1,1,1,6,6,7,6,7,6,7,7,7,7,7,7,7,7,6,6,1,2,1,1,1,1,1,1,2,2,1,1,5,5,1,1,6,6,7,7,7,7,7,7,3,4,7,5,1,2,1,3,1,1,3,4,1,1,1,1,7,6,6,6,7,6,7,6,7,5,7,7,1,3,1,1,7,7,7,7,7,7,5,4,1,1,1,1,7,7,7,7,7,7,7,7,7,6,7,6
92585f25-c7b3-4e2e-b465-0ebe572403eb,0cd0fabe-8c2b-44dd-81ca-4e9bac3aa68e,2026-09-22 05:25:12,2026-09-22 05:55:37,1825,Completed,Desktop,en-US,5c5c5313a3e64300012b5042,29,Male,Facebook,,,,,,,,,,,,,,,,,,,,,,,,,,,,,,,,,,,,,,,,,,,,,,,,,,,,,,,,,,,,,,,,,,,,,,,,,,,,,,,,,,,,,,,,,,ArrowRight,ArrowRight,ArrowRight,ArrowRight,ArrowRight,ArrowRight,ArrowRight,ArrowRight,ArrowRight,ArrowRight,ArrowRight,ArrowRight,ArrowRight,ArrowRight,ArrowRight,ArrowRight,ArrowRight,ArrowRight,ArrowLeft,ArrowRight,ArrowRight,ArrowLeft,ArrowLeft,ArrowRight,ArrowRight,ArrowRight,ArrowRight,ArrowRight,ArrowRight,ArrowRight,ArrowLeft,ArrowLeft,ArrowRight,ArrowRight,ArrowRight,ArrowRight,ArrowRight,ArrowRight,ArrowRight,ArrowRight,ArrowRight,ArrowLeft,ArrowRight,ArrowLeft,ArrowRight,ArrowLeft,ArrowRight,ArrowLeft,ArrowRight,ArrowRight,ArrowRight,ArrowRight,ArrowRight,ArrowRight,ArrowRight,ArrowRight,ArrowRight,ArrowRight,ArrowLeft,ArrowLeft,ArrowRight,ArrowRight,ArrowRight,ArrowRight,ArrowRight,ArrowRight,ArrowRight,ArrowRight,ArrowRight,ArrowRight,ArrowRight,ArrowLeft,ArrowRight,ArrowRight,ArrowRight,ArrowRight,ArrowLeft,ArrowLeft,ArrowRight,ArrowRight,ArrowRight,ArrowRight,ArrowRight,ArrowLeft,ArrowLeft,ArrowLeft,ArrowLeft,ArrowRight,Deciding which posts I might share,,1,1,1,1,1,1,4,4,4,3,1,1,1,1,1,1,2,3,5,4,1,1,6,6,4,3,4,4,3,3,4,4,1,1,1,2,7,7,4,4,4,4,4,3,5,4,5,4,1,4,1,3,1,1,5,5,4,3,7,6,4,3,7,7,1,1,5,4,1,1,1,1,1,1,1,2,4,4,1,1,5,4,6,5,3,4,6,6,4,4,6,4,4,4,6,5,1,2,5,5,4,3,1,1,1,1,1,1,7,7,1,1,4,4,7,6,6,5,7,7,4,3,4,3,1,1,4,3,4,4,4,4,1,1,1,2,1,2,7,6,7,7,7,6,1,1,7,6,3,3,1,1,6,4,7,7,5,5,4,3,1,1,2,2,4,4,4,3,7,7,4,3,7,5,7,7
274b26f8-f3fc-4756-9e37-f700b1534a99,ce9a34f1-3b67-4cc2-87a6-02cd55377718,2026-09-22 05:31:59,2026-09-22 05:58:20,1580,Completed,Desktop,en-US,6a9ce575a231995ff5567c7d,26,Female,Instagram,,ArrowRight,ArrowRight,ArrowRight,ArrowRight,ArrowRight,ArrowRight,ArrowRight,ArrowRight,ArrowRight,ArrowRight,ArrowRight,ArrowRight,ArrowRight,ArrowRight,ArrowRight,ArrowRight,ArrowRight,ArrowRight,ArrowLeft,ArrowRight,ArrowRight,ArrowRight,ArrowLeft,ArrowLeft,ArrowRight,ArrowRight,ArrowRight,ArrowRight,ArrowLeft,ArrowLeft,ArrowLeft,ArrowLeft,ArrowRight,ArrowRight,ArrowRight,ArrowRight,ArrowRight,ArrowRight,ArrowRight,ArrowRight,ArrowRight,ArrowRight,ArrowRight,ArrowRight,ArrowRight,ArrowRight,ArrowLeft,ArrowRight,ArrowRight,ArrowRight,ArrowRight,ArrowRight,ArrowRight,ArrowRight,ArrowRight,ArrowRight,ArrowRight,ArrowLeft,ArrowLeft,ArrowLeft,ArrowRight,ArrowLeft,ArrowRight,ArrowRight,ArrowRight,ArrowRight,ArrowRight,ArrowRight,ArrowRight,ArrowRight,ArrowLeft,ArrowLeft,ArrowLeft,ArrowRight,ArrowRight,ArrowRight,ArrowRight,ArrowRight,ArrowRight,ArrowRight,ArrowRight,ArrowRight,ArrowLeft,ArrowRight,ArrowRight,ArrowLeft,ArrowLeft,ArrowLeft,,,,,,,,,,,,,,,,,,,,,,,,,,,,,,,,,,,,,,,,,,,,,,,,,,,,,,,,,,,,,,,,,,,,,,,,,,,,,,,,,,,,,,,,,Deciding which posts I might share,,1,2,1,2,1,3,6,7,4,4,1,3,2,2,1,3,4,5,2,3,4,4,4,4,1,1,4,4,4,4,3,1,1,2,2,2,7,5,7,5,2,3,3,4,6,6,1,1,1,3,1,1,1,1,1,1,7,7,7,6,7,6,7,5,1,2,4,4,1,2,2,2,1,1,1,1,2,1,1,1,4,4,6,6,6,6,7,7,7,7,2,1,7,7,6,6,1,3,2,2,3,3,1,3,3,4,4,4,5,5,1,3,4,4,7,7,7,5,7,5,4,4,6,7,1,2,1,3,4,4,3,3,4,4,6,6,6,4,6,5,5,5,7,5,3,3,5,6,1,3,3,3,4,4,7,7,1,1,6,6,3,2,2,1,6,5,6,7,5,5,7,7,6,5,6,5
f5c25e44-982d-4122-8154-55ec7ef1ce29,0c8abdc0-9fff-42f5-91ef-73ef417acbdc,2026-09-22 05:45:15,,,In progress,Mobile,en-US,698e72ddab5e6c9e5adcea12,46,Male,Instagram,,,,,,,,,,,,,,,,,,,,,,,,,,,,,,,,,,,,,,,,,,,,,,,,,,,,,,,,,,,,,,,,,,,,,,,,,,,,,,,,,,,,,,,,,,,,,,,,,,,,,,,,,,,,,,,,,,,,,,,,,,,,,,,,,,,,,,,,,,,,,,,,,,,,,,,,,,,,,,,,,,,,,,,,,,,,,,,,,,,,,,,,,,,,,,,,,,,,,,,,,,,,,,,,,,,,,,,,,,,,,,,,,,,,,,,,,,,,,,,,,,,,,,,,,,,,,,,,,,,,,,,,,,,,,,,,,,,,,,,,,,,,,,,,,,,,,,,,,,,,,,,,,,,,,,,,,,,,,,,,,,,,,,,,,,,,,,,,,,,,,,,,,,,,,,,,,,,
853d736d-afed-42a7-85e5-a774734095bf,6b554f21-1bd6-4547-9217-9399ec0159a5,2026-09-22 05:45:34,,,In progress,Mobile,en-US,69ed229086009737d262de3b,,,,,,,,,,,,,,,,,,,,,,,,,,,,,,,,,,,,,,,,,,,,,,,,,,,,,,,,,,,,,,,,,,,,,,,,,,,,,,,,,,,,,,,,,,,,,,,,,,,,,,,,,,,,,,,,,,,,,,,,,,,,,,,,,,,,,,,,,,,,,,,,,,,,,,,,,,,,,,,,,,,,,,,,,,,,,,,,,,,,,,,,,,,,,,,,,,,,,,,,,,,,,,,,,,,,,,,,,,,,,,,,,,,,,,,,,,,,,,,,,,,,,,,,,,,,,,,,,,,,,,,,,,,,,,,,,,,,,,,,,,,,,,,,,,,,,,,,,,,,,,,,,,,,,,,,,,,,,,,,,,,,,,,,,,,,,,,,,,,,,,,,,,,,,,,,,,,,,,
ab00f34e-2819-49a6-9195-806aeeb0dd88,5c699a1d-3c85-4b7a-92bc-0d0eb0fcd426,2026-09-22 05:49:25,2026-09-22 06:10:37,1271,Completed,Desktop,en-US,670fe349d7f527a0b7b8d646,51,male,Facebook,,ArrowRight,ArrowRight,ArrowRight,ArrowRight,ArrowRight,ArrowLeft,ArrowRight,ArrowRight,ArrowRight,ArrowRight,ArrowRight,ArrowRight,ArrowRight,ArrowRight,ArrowRight,ArrowRight,ArrowRight,ArrowRight,ArrowRight,ArrowRight,ArrowRight,ArrowRight,ArrowRight,ArrowRight,ArrowRight,ArrowRight,ArrowRight,ArrowRight,ArrowRight,ArrowRight,ArrowRight,ArrowRight,ArrowRight,ArrowRight,ArrowRight,ArrowRight,ArrowRight,ArrowRight,ArrowRight,ArrowRight,ArrowRight,ArrowRight,ArrowRight,ArrowRight,ArrowRight,ArrowRight,ArrowRight,ArrowRight,ArrowRight,ArrowRight,ArrowRight,ArrowRight,ArrowRight,ArrowRight,ArrowRight,ArrowRight,ArrowRight,ArrowRight,ArrowRight,ArrowRight,ArrowRight,ArrowRight,ArrowLeft,ArrowRight,ArrowRight,ArrowRight,ArrowRight,ArrowRight,ArrowRight,ArrowRight,ArrowRight,ArrowRight,ArrowRight,ArrowRight,ArrowRight,ArrowLeft,ArrowRight,ArrowRight,ArrowRight,ArrowRight,ArrowRight,ArrowRight,ArrowRight,ArrowRight,ArrowRight,ArrowRight,ArrowRight,ArrowRight,,,,,,,,,,,,,,,,,,,,,,,,,,,,,,,,,,,,,,,,,,,,,,,,,,,,,,,,,,,,,,,,,,,,,,,,,,,,,,,,,,,,,,,,,Learning about the views people hold on these issues,,7,7,7,7,6,6,6,6,7,7,4,4,6,6,4,4,1,1,4,4,4,4,2,2,5,5,4,4,4,4,2,2,4,4,4,4,6,6,2,2,4,4,2,2,2,2,4,4,6,6,4,4,4,4,4,4,5,5,4,4,4,4,4,4,4,4,4,4,4,4,4,4,1,1,4,4,2,2,4,4,4,4,6,6,4,4,7,7,4,4,4,4,4,4,4,4,2,2,4,4,4,4,4,4,4,4,6,6,2,2,6,6,4,4,2,2,2,2,1,2,4,4,4,4,7,7,4,4,4,4,4,4,4,4,4,4,4,4,4,4,1,1,1,1,1,1,2,2,4,4,6,6,4,4,4,4,4,4,4,4,4,4,4,4,1,1,2,2,1,1,4,4,4,4,4,4
f7b47850-e055-4767-b17a-45be4f6f38a5,b3dcd5ea-ccdc-47f4-9a62-dde32a0a3c1c,2026-09-22 06:12:11,,,In progress,Desktop,en-US,66a521b93899f43f84edab93,,,,,,,,,,,,,,,,,,,,,,,,,,,,,,,,,,,,,,,,,,,,,,,,,,,,,,,,,,,,,,,,,,,,,,,,,,,,,,,,,,,,,,,,,,,,,,,,,,,,,,,,,,,,,,,,,,,,,,,,,,,,,,,,,,,,,,,,,,,,,,,,,,,,,,,,,,,,,,,,,,,,,,,,,,,,,,,,,,,,,,,,,,,,,,,,,,,,,,,,,,,,,,,,,,,,,,,,,,,,,,,,,,,,,,,,,,,,,,,,,,,,,,,,,,,,,,,,,,,,,,,,,,,,,,,,,,,,,,,,,,,,,,,,,,,,,,,,,,,,,,,,,,,,,,,,,,,,,,,,,,,,,,,,,,,,,,,,,,,,,,,,,,,,,,,,,,,,,,
38619aa9-d7c5-4a13-8539-80cde7a47c82,37a148b3-682b-4b32-bc0f-a51b08816385,2026-09-22 06:16:09,2026-09-22 06:41:12,1503,Completed,Desktop,en,696124492b887f00d69cb3aa,36,Female,Facebook,,,,,,,,,,,,,,,,,,,,,,,,,,,,,,,,,,,,,,,,,,,,,,,,,,,,,,,,,,,,,,,,,,,,,,,,,,,,,,,,,,,,,,,,,,ArrowRight,ArrowRight,ArrowRight,ArrowRight,ArrowRight,ArrowRight,ArrowRight,ArrowRight,ArrowRight,ArrowRight,ArrowRight,ArrowRight,ArrowRight,ArrowRight,ArrowRight,ArrowRight,ArrowRight,ArrowRight,ArrowRight,ArrowRight,ArrowRight,ArrowRight,ArrowRight,ArrowRight,ArrowRight,ArrowRight,ArrowRight,ArrowRight,ArrowRight,ArrowRight,ArrowRight,ArrowRight,ArrowRight,ArrowRight,ArrowRight,ArrowRight,ArrowRight,ArrowRight,ArrowRight,ArrowRight,ArrowRight,ArrowRight,ArrowRight,ArrowRight,ArrowRight,ArrowRight,ArrowRight,ArrowRight,ArrowRight,ArrowRight,ArrowRight,ArrowRight,ArrowRight,ArrowRight,ArrowRight,ArrowRight,ArrowRight,ArrowRight,ArrowRight,ArrowRight,ArrowRight,ArrowRight,ArrowRight,ArrowRight,ArrowRight,ArrowRight,ArrowRight,ArrowRight,ArrowRight,ArrowRight,ArrowRight,ArrowRight,ArrowRight,ArrowRight,ArrowRight,ArrowRight,ArrowRight,ArrowRight,ArrowRight,ArrowRight,ArrowRight,ArrowRight,ArrowRight,ArrowRight,ArrowRight,ArrowRight,ArrowRight,ArrowRight,Deciding which posts I might share,,4,7,4,7,2,7,7,7,2,7,7,7,2,7,4,7,4,3,4,3,4,4,4,3,4,6,4,4,4,4,4,4,5,7,4,4,7,1,7,2,4,1,4,1,6,7,2,6,3,7,4,7,1,6,4,7,2,1,3,1,2,1,4,6,3,6,5,7,5,4,5,7,3,7,4,6,2,6,2,5,2,7,5,1,4,2,5,1,4,3,4,5,4,3,3,1,4,5,4,2,4,5,4,6,4,2,3,7,4,4,4,7,4,1,4,2,4,1,7,2,4,2,6,6,1,7,1,7,4,2,4,5,4,6,4,4,4,3,4,4,6,1,1,1,2,7,7,2,1,6,4,2,3,1,5,1,2,1,4,4,2,2,4,3,4,4,4,2,3,1,5,1,7,2,4,4
80fc6f8a-1e5b-4d9a-b99e-407494e480dd,65e90128-79f3-4783-96ab-9b2a36216a58,2026-09-22 06:42:13,,,In progress,Desktop,en-US,6a038f076c39e3471ad10cdc,,,,,,,,,,,,,,,,,,,,,,,,,,,,,,,,,,,,,,,,,,,,,,,,,,,,,,,,,,,,,,,,,,,,,,,,,,,,,,,,,,,,,,,,,,,,,,,,,,,,,,,,,,,,,,,,,,,,,,,,,,,,,,,,,,,,,,,,,,,,,,,,,,,,,,,,,,,,,,,,,,,,,,,,,,,,,,,,,,,,,,,,,,,,,,,,,,,,,,,,,,,,,,,,,,,,,,,,,,,,,,,,,,,,,,,,,,,,,,,,,,,,,,,,,,,,,,,,,,,,,,,,,,,,,,,,,,,,,,,,,,,,,,,,,,,,,,,,,,,,,,,,,,,,,,,,,,,,,,,,,,,,,,,,,,,,,,,,,,,,,,,,,,,,,,,,,,,,,,
8ff5be13-11c0-44ff-b4fc-c5126699f0e2,2af6328d-f7f6-450a-84b5-61aeabd90606,2026-09-22 06:51:01,,,In progress,Mobile,en-US,66fc7c1f6a44380d1bb70e17,,,,,,,,,,,,,,,,,,,,,,,,,,,,,,,,,,,,,,,,,,,,,,,,,,,,,,,,,,,,,,,,,,,,,,,,,,,,,,,,,,,,,,,,,,,,,,,,,,,,,,,,,,,,,,,,,,,,,,,,,,,,,,,,,,,,,,,,,,,,,,,,,,,,,,,,,,,,,,,,,,,,,,,,,,,,,,,,,,,,,,,,,,,,,,,,,,,,,,,,,,,,,,,,,,,,,,,,,,,,,,,,,,,,,,,,,,,,,,,,,,,,,,,,,,,,,,,,,,,,,,,,,,,,,,,,,,,,,,,,,,,,,,,,,,,,,,,,,,,,,,,,,,,,,,,,,,,,,,,,,,,,,,,,,,,,,,,,,,,,,,,,,,,,,,,,,,,,,,
59421b91-e349-4f61-9c83-b1962859121f,5aba3dd2-7c60-4516-b5e1-ddd20528bd4f,2026-09-22 06:54:40,2026-09-22 07:18:23,1422,Completed,Desktop,en-US,6aa953a91de7050832e12b91,"34
",Male,X (formerly Twitter),,ArrowRight,ArrowRight,ArrowRight,ArrowRight,ArrowRight,ArrowRight,ArrowRight,ArrowRight,ArrowRight,ArrowRight,ArrowRight,ArrowRight,ArrowRight,ArrowRight,ArrowRight,ArrowRight,ArrowRight,ArrowRight,ArrowLeft,ArrowRight,ArrowRight,ArrowRight,ArrowLeft,ArrowLeft,ArrowRight,ArrowRight,ArrowRight,ArrowRight,ArrowLeft,ArrowLeft,ArrowRight,ArrowLeft,ArrowRight,ArrowRight,ArrowRight,ArrowRight,ArrowRight,ArrowRight,ArrowRight,ArrowRight,ArrowRight,ArrowRight,ArrowRight,ArrowLeft,ArrowLeft,ArrowLeft,ArrowLeft,ArrowLeft,ArrowRight,ArrowLeft,ArrowRight,ArrowRight,ArrowRight,ArrowLeft,ArrowRight,ArrowRight,ArrowLeft,ArrowLeft,ArrowLeft,ArrowLeft,ArrowLeft,ArrowRight,ArrowRight,ArrowRight,ArrowRight,ArrowRight,ArrowRight,ArrowRight,ArrowLeft,ArrowRight,ArrowLeft,ArrowRight,ArrowRight,ArrowLeft,ArrowLeft,ArrowRight,ArrowRight,ArrowLeft,ArrowRight,ArrowLeft,ArrowRight,ArrowRight,ArrowRight,ArrowLeft,ArrowRight,ArrowLeft,ArrowLeft,ArrowLeft,,,,,,,,,,,,,,,,,,,,,,,,,,,,,,,,,,,,,,,,,,,,,,,,,,,,,,,,,,,,,,,,,,,,,,,,,,,,,,,,,,,,,,,,,Deciding which posts I might share,,1,1,1,1,1,1,6,6,1,1,1,1,1,1,1,1,4,4,4,4,2,3,3,4,3,2,3,2,3,3,4,3,1,1,2,2,7,7,6,6,5,6,6,5,6,6,6,6,1,1,1,1,1,1,4,3,7,7,7,7,7,7,7,7,1,1,2,2,1,1,2,2,1,1,2,2,1,1,1,1,6,6,5,5,6,6,6,6,6,6,6,6,7,7,7,7,,,3,2,4,3,2,1,1,1,1,1,3,3,1,1,6,6,6,6,7,7,7,7,7,7,7,7,1,1,,,1,1,4,4,1,1,1,1,7,7,7,7,5,6,7,7,7,7,7,7,1,1,2,2,6,6,7,7,1,1,7,7,1,1,2,2,3,2,6,6,3,5,7,7,6,6,6,6
c58b1f90-bc8f-4309-8967-ee23f61c28fa,e73bd82c-04ca-4fcf-b170-faacb6d1d33c,2026-09-22 07:30:16,,,In progress,Desktop,en-US,583ef6f5ad2f4300014b358d,35,female,Facebook,,,,,,,,,,,,,,,,,,,,,,,,,,,,,,,,,,,,,,,,,,,,,,,,,,,,,,,,,,,,,,,,,,,,,,,,,,,,,,,,,,,,,,,,,,,,,,,,,,,,,,,,,,,,,,,,,,,,,,,,,,,,,,,,,,,,,,,,,,,,,,,,,,,,,,,,,,,,,,,,,,,,,,,,,,,,,,,,,,,,,,,,,,,,,,,,,,,,,,,,,,,,,,,,,,,,,,,,,,,,,,,,,,,,,,,,,,,,,,,,,,,,,,,,,,,,,,,,,,,,,,,,,,,,,,,,,,,,,,,,,,,,,,,,,,,,,,,,,,,,,,,,,,,,,,,,,,,,,,,,,,,,,,,,,,,,,,,,,,,,,,,,,,,,,,,,,,,
a31f3c8c-8b36-4ffb-832e-03cddb650f09,50fbc8bb-ac73-41dc-aeb9-4f6da53c6e1f,2026-09-22 08:27:59,,,In progress,Desktop,en-US,66587c4637981e408edaf59a,,,,,,,,,,,,,,,,,,,,,,,,,,,,,,,,,,,,,,,,,,,,,,,,,,,,,,,,,,,,,,,,,,,,,,,,,,,,,,,,,,,,,,,,,,,,,,,,,,,,,,,,,,,,,,,,,,,,,,,,,,,,,,,,,,,,,,,,,,,,,,,,,,,,,,,,,,,,,,,,,,,,,,,,,,,,,,,,,,,,,,,,,,,,,,,,,,,,,,,,,,,,,,,,,,,,,,,,,,,,,,,,,,,,,,,,,,,,,,,,,,,,,,,,,,,,,,,,,,,,,,,,,,,,,,,,,,,,,,,,,,,,,,,,,,,,,,,,,,,,,,,,,,,,,,,,,,,,,,,,,,,,,,,,,,,,,,,,,,,,,,,,,,,,,,,,,,,,,,
ddbbd6e9-6809-4619-a57e-67d42c50e701,e016c2ac-a72b-434e-8e48-e1b586ac105e,2026-09-22 08:50:04,,,In progress,Desktop,en-US,69bd2e826aac152505a7dd23,,,,,,,,,,,,,,,,,,,,,,,,,,,,,,,,,,,,,,,,,,,,,,,,,,,,,,,,,,,,,,,,,,,,,,,,,,,,,,,,,,,,,,,,,,,,,,,,,,,,,,,,,,,,,,,,,,,,,,,,,,,,,,,,,,,,,,,,,,,,,,,,,,,,,,,,,,,,,,,,,,,,,,,,,,,,,,,,,,,,,,,,,,,,,,,,,,,,,,,,,,,,,,,,,,,,,,,,,,,,,,,,,,,,,,,,,,,,,,,,,,,,,,,,,,,,,,,,,,,,,,,,,,,,,,,,,,,,,,,,,,,,,,,,,,,,,,,,,,,,,,,,,,,,,,,,,,,,,,,,,,,,,,,,,,,,,,,,,,,,,,,,,,,,,,,,,,,,,,
0e9e8157-e728-490e-adb9-095914dd49d8,d2aeb669-cce8-4025-89ff-d14047b5b560,2026-09-22 09:11:59,,,In progress,Desktop,en-US,5fc7a6aaa7646c0009521161,,,,,,,,,,,,,,,,,,,,,,,,,,,,,,,,,,,,,,,,,,,,,,,,,,,,,,,,,,,,,,,,,,,,,,,,,,,,,,,,,,,,,,,,,,,,,,,,,,,,,,,,,,,,,,,,,,,,,,,,,,,,,,,,,,,,,,,,,,,,,,,,,,,,,,,,,,,,,,,,,,,,,,,,,,,,,,,,,,,,,,,,,,,,,,,,,,,,,,,,,,,,,,,,,,,,,,,,,,,,,,,,,,,,,,,,,,,,,,,,,,,,,,,,,,,,,,,,,,,,,,,,,,,,,,,,,,,,,,,,,,,,,,,,,,,,,,,,,,,,,,,,,,,,,,,,,,,,,,,,,,,,,,,,,,,,,,,,,,,,,,,,,,,,,,,,,,,,,,
83396938-816d-4eb7-a822-7a1ec6bd261d,eee0c0a2-8550-450f-868f-d71cbeb9f9ff,2026-09-22 09:17:04,2026-09-22 09:43:41,1597,Completed,Desktop,en-US,6a22532c60f6c3418cbe0a08,22,Female,Instagram,,,,,,,,,,,,,,,,,,,,,,,,,,,,,,,,,,,,,,,,,,,,,,,,,,,,,,,,,,,,,,,,,,,,,,,,,,,,,,,,,,,,,,,,,,ArrowRight,ArrowRight,ArrowRight,ArrowRight,ArrowRight,ArrowRight,ArrowRight,ArrowRight,ArrowRight,ArrowLeft,ArrowRight,ArrowLeft,ArrowRight,ArrowRight,ArrowRight,ArrowLeft,ArrowRight,ArrowRight,ArrowRight,ArrowRight,ArrowRight,ArrowRight,ArrowRight,ArrowRight,ArrowRight,ArrowRight,ArrowRight,ArrowRight,ArrowLeft,ArrowLeft,ArrowLeft,ArrowLeft,ArrowRight,ArrowLeft,ArrowRight,ArrowRight,ArrowLeft,ArrowLeft,ArrowRight,ArrowRight,ArrowRight,ArrowRight,ArrowLeft,ArrowRight,ArrowLeft,ArrowLeft,ArrowRight,ArrowRight,ArrowRight,ArrowRight,ArrowRight,ArrowRight,ArrowRight,ArrowRight,ArrowRight,ArrowRight,ArrowRight,ArrowRight,ArrowRight,ArrowRight,ArrowLeft,ArrowRight,ArrowRight,ArrowRight,ArrowRight,ArrowRight,ArrowRight,ArrowRight,ArrowRight,ArrowLeft,ArrowLeft,ArrowRight,ArrowLeft,ArrowLeft,ArrowRight,ArrowRight,ArrowRight,ArrowLeft,ArrowRight,ArrowLeft,ArrowRight,ArrowRight,ArrowRight,ArrowLeft,ArrowLeft,ArrowLeft,ArrowRight,ArrowRight,Deciding which posts I might share,,2,2,3,6,2,5,4,5,2,2,2,2,3,5,1,1,5,4,7,7,6,6,6,6,2,2,5,5,3,4,6,6,1,1,1,1,6,2,6,3,2,2,5,5,6,6,2,2,3,2,2,2,6,6,5,5,7,7,7,7,7,7,7,7,1,1,3,3,1,1,1,1,6,4,7,7,6,6,6,6,4,4,1,1,6,6,2,4,7,7,7,7,7,7,7,7,1,1,4,4,1,1,1,1,6,6,3,2,4,4,1,1,5,5,4,4,5,4,5,5,7,7,6,6,3,5,2,5,1,1,1,1,1,1,5,5,4,4,7,7,7,7,3,4,7,7,7,7,2,5,2,5,5,4,7,7,1,1,7,7,1,1,2,2,7,7,6,6,7,7,7,7,3,6,6,3
2a862283-bfde-40b7-be7e-b5656394634b,698af544-aff7-41ba-aa49-e48a9cf3ca51,2026-09-22 09:21:24,,,In progress,Desktop,en-US,5e5c2320b22c133f86923d14,35,male,Instagram,,,,,,,,,,,,,,,,,,,,,,,,,,,,,,,,,,,,,,,,,,,,,,,,,,,,,,,,,,,,,,,,,,,,,,,,,,,,,,,,,,,,,,,,,,,,,,,,,,,,,,,,,,,,,,,,,,,,,,,,,,,,,,,,,,,,,,,,,,,,,,,,,,,,,,,,,,,,,,,,,,,,,,,,,,,,,,,,,,,,,,,,,,,,,,,,,,,,,,,,,,,,,,,,,,,,,,,,,,,,,,,,,,,,,,,,,,,,,,,,,,,,,,,,,,,,,,,,,,,,,,,,,,,,,,,,,,,,,,,,,,,,,,,,,,,,,,,,,,,,,,,,,,,,,,,,,,,,,,,,,,,,,,,,,,,,,,,,,,,,,,,,,,,,,,,,,,,
87ae2f45-120d-46f2-bb02-d1f2b2b36e01,5da48714-3a11-4786-8b79-7994a3ac55e1,2026-09-22 09:29:14,2026-09-22 09:43:43,869,Completed,Desktop,en-US,657b5807536ad72849205436,29,Female,X (formerly Twitter),,ArrowRight,ArrowRight,ArrowRight,ArrowRight,ArrowRight,ArrowRight,ArrowRight,ArrowRight,ArrowLeft,ArrowLeft,ArrowLeft,ArrowLeft,ArrowRight,ArrowRight,ArrowRight,ArrowRight,ArrowRight,ArrowRight,ArrowLeft,ArrowLeft,ArrowLeft,ArrowLeft,ArrowLeft,ArrowLeft,ArrowRight,ArrowRight,ArrowRight,ArrowRight,ArrowRight,ArrowRight,ArrowRight,ArrowLeft,ArrowRight,ArrowRight,ArrowRight,ArrowRight,ArrowRight,ArrowRight,ArrowRight,ArrowRight,ArrowLeft,ArrowLeft,ArrowLeft,ArrowRight,ArrowLeft,ArrowLeft,ArrowLeft,ArrowLeft,ArrowRight,ArrowRight,ArrowRight,ArrowRight,ArrowRight,ArrowRight,ArrowLeft,ArrowRight,ArrowLeft,ArrowLeft,ArrowLeft,ArrowLeft,ArrowLeft,ArrowLeft,ArrowRight,ArrowRight,ArrowRight,ArrowRight,ArrowRight,ArrowRight,ArrowLeft,ArrowLeft,ArrowLeft,ArrowLeft,ArrowRight,ArrowLeft,ArrowLeft,ArrowRight,ArrowRight,ArrowLeft,ArrowLeft,ArrowLeft,ArrowRight,ArrowRight,ArrowLeft,ArrowLeft,ArrowLeft,ArrowLeft,ArrowLeft,ArrowLeft,,,,,,,,,,,,,,,,,,,,,,,,,,,,,,,,,,,,,,,,,,,,,,,,,,,,,,,,,,,,,,,,,,,,,,,,,,,,,,,,,,,,,,,,,Something else (please describe),I was deciding who I would follow based on the posts,1,1,1,1,1,1,4,4,1,1,1,1,1,1,1,1,7,7,7,7,7,7,7,7,1,1,3,3,1,1,1,1,1,1,1,1,7,7,7,7,7,7,7,7,7,7,7,7,1,1,1,1,1,1,1,1,3,7,5,7,3,7,5,7,1,1,1,1,3,1,4,1,1,1,1,1,1,1,1,1,7,7,7,7,7,7,7,7,7,7,7,7,7,7,7,7,1,1,1,1,1,1,1,1,1,1,1,1,7,7,1,1,7,7,7,7,7,7,7,7,7,7,7,7,1,1,1,1,1,1,1,1,1,1,1,1,7,7,7,7,7,7,7,7,7,7,7,7,1,1,1,1,7,7,7,7,1,1,7,7,1,1,1,1,7,7,7,7,7,7,7,7,7,7,7,7
bc2c237e-197b-4a09-8da2-c049fe94ef01,10ff213d-e910-47bc-a811-3bbe79e6253c,2026-09-22 09:47:24,,,In progress,Mobile,en-US,6a9de00c5fafeab83cc33760,,,,,,,,,,,,,,,,,,,,,,,,,,,,,,,,,,,,,,,,,,,,,,,,,,,,,,,,,,,,,,,,,,,,,,,,,,,,,,,,,,,,,,,,,,,,,,,,,,,,,,,,,,,,,,,,,,,,,,,,,,,,,,,,,,,,,,,,,,,,,,,,,,,,,,,,,,,,,,,,,,,,,,,,,,,,,,,,,,,,,,,,,,,,,,,,,,,,,,,,,,,,,,,,,,,,,,,,,,,,,,,,,,,,,,,,,,,,,,,,,,,,,,,,,,,,,,,,,,,,,,,,,,,,,,,,,,,,,,,,,,,,,,,,,,,,,,,,,,,,,,,,,,,,,,,,,,,,,,,,,,,,,,,,,,,,,,,,,,,,,,,,,,,,,,,,,,,,,,
cf6bfcfd-46f6-42ba-824f-56454339c1ef,70f547fe-7167-4e8d-aa7e-88ed11eb285a,2026-09-22 09:48:44,,,In progress,Desktop,en-US,66cc3152efdcec36a3b22f76,,,,,,,,,,,,,,,,,,,,,,,,,,,,,,,,,,,,,,,,,,,,,,,,,,,,,,,,,,,,,,,,,,,,,,,,,,,,,,,,,,,,,,,,,,,,,,,,,,,,,,,,,,,,,,,,,,,,,,,,,,,,,,,,,,,,,,,,,,,,,,,,,,,,,,,,,,,,,,,,,,,,,,,,,,,,,,,,,,,,,,,,,,,,,,,,,,,,,,,,,,,,,,,,,,,,,,,,,,,,,,,,,,,,,,,,,,,,,,,,,,,,,,,,,,,,,,,,,,,,,,,,,,,,,,,,,,,,,,,,,,,,,,,,,,,,,,,,,,,,,,,,,,,,,,,,,,,,,,,,,,,,,,,,,,,,,,,,,,,,,,,,,,,,,,,,,,,,,,
f6a1aaeb-ec27-4ac5-ba4d-0337b92c7a46,e7892ad4-4c4b-4d91-88c1-a346a659298f,2026-09-22 09:51:48,,,In progress,Desktop,en-US,69e9849d6e1b3b7c42d5c96e,,,,,,,,,,,,,,,,,,,,,,,,,,,,,,,,,,,,,,,,,,,,,,,,,,,,,,,,,,,,,,,,,,,,,,,,,,,,,,,,,,,,,,,,,,,,,,,,,,,,,,,,,,,,,,,,,,,,,,,,,,,,,,,,,,,,,,,,,,,,,,,,,,,,,,,,,,,,,,,,,,,,,,,,,,,,,,,,,,,,,,,,,,,,,,,,,,,,,,,,,,,,,,,,,,,,,,,,,,,,,,,,,,,,,,,,,,,,,,,,,,,,,,,,,,,,,,,,,,,,,,,,,,,,,,,,,,,,,,,,,,,,,,,,,,,,,,,,,,,,,,,,,,,,,,,,,,,,,,,,,,,,,,,,,,,,,,,,,,,,,,,,,,,,,,,,,,,,,,
995948e8-61d3-4225-9f32-adaf32348d2e,0ec83a6c-907a-4740-a798-47484598652e,2026-09-22 09:55:05,,,In progress,Desktop,en-US,6981000569cb780de975d8a6,,,,,,,,,,,,,,,,,,,,,,,,,,,,,,,,,,,,,,,,,,,,,,,,,,,,,,,,,,,,,,,,,,,,,,,,,,,,,,,,,,,,,,,,,,,,,,,,,,,,,,,,,,,,,,,,,,,,,,,,,,,,,,,,,,,,,,,,,,,,,,,,,,,,,,,,,,,,,,,,,,,,,,,,,,,,,,,,,,,,,,,,,,,,,,,,,,,,,,,,,,,,,,,,,,,,,,,,,,,,,,,,,,,,,,,,,,,,,,,,,,,,,,,,,,,,,,,,,,,,,,,,,,,,,,,,,,,,,,,,,,,,,,,,,,,,,,,,,,,,,,,,,,,,,,,,,,,,,,,,,,,,,,,,,,,,,,,,,,,,,,,,,,,,,,,,,,,,,,
12d2eba4-a65d-4b04-87a0-ffd6d620c596,5c432f93-73be-42ab-8087-bba2948b422e,2026-09-22 10:17:01,,,In progress,Desktop,en-US,66dd661dd80c9cc1df616f8a,,,,,,,,,,,,,,,,,,,,,,,,,,,,,,,,,,,,,,,,,,,,,,,,,,,,,,,,,,,,,,,,,,,,,,,,,,,,,,,,,,,,,,,,,,,,,,,,,,,,,,,,,,,,,,,,,,,,,,,,,,,,,,,,,,,,,,,,,,,,,,,,,,,,,,,,,,,,,,,,,,,,,,,,,,,,,,,,,,,,,,,,,,,,,,,,,,,,,,,,,,,,,,,,,,,,,,,,,,,,,,,,,,,,,,,,,,,,,,,,,,,,,,,,,,,,,,,,,,,,,,,,,,,,,,,,,,,,,,,,,,,,,,,,,,,,,,,,,,,,,,,,,,,,,,,,,,,,,,,,,,,,,,,,,,,,,,,,,,,,,,,,,,,,,,,,,,,,,,
0c3c14ba-e3d0-4c39-beca-298b3dca6552,7904dc8b-0618-4228-87b4-a52bf45af809,2026-09-22 10:41:42,,,In progress,Desktop,en-US,61531a9bd8acf4e88e083892,,,,,,,,,,,,,,,,,,,,,,,,,,,,,,,,,,,,,,,,,,,,,,,,,,,,,,,,,,,,,,,,,,,,,,,,,,,,,,,,,,,,,,,,,,,,,,,,,,,,,,,,,,,,,,,,,,,,,,,,,,,,,,,,,,,,,,,,,,,,,,,,,,,,,,,,,,,,,,,,,,,,,,,,,,,,,,,,,,,,,,,,,,,,,,,,,,,,,,,,,,,,,,,,,,,,,,,,,,,,,,,,,,,,,,,,,,,,,,,,,,,,,,,,,,,,,,,,,,,,,,,,,,,,,,,,,,,,,,,,,,,,,,,,,,,,,,,,,,,,,,,,,,,,,,,,,,,,,,,,,,,,,,,,,,,,,,,,,,,,,,,,,,,,,,,,,,,,,,
82ced088-3c15-413d-a26a-8789fa7a319a,232c1d3f-4265-470d-9e6f-19e43015c2dd,2026-09-22 11:02:39,2026-09-22 11:21:32,1133,Completed,Desktop,en-US,66fceda149718a86f36761b4,31,female,Facebook,,,,,,,,,,,,,,,,,,,,,,,,,,,,,,,,,,,,,,,,,,,,,,,,,,,,,,,,,,,,,,,,,,,,,,,,,,,,,,,,,,,,,,,,,,ArrowRight,ArrowRight,ArrowRight,ArrowRight,ArrowRight,ArrowRight,ArrowRight,ArrowRight,ArrowRight,ArrowRight,ArrowRight,ArrowRight,ArrowRight,ArrowRight,ArrowRight,ArrowRight,ArrowRight,ArrowRight,ArrowRight,ArrowRight,ArrowLeft,ArrowRight,ArrowLeft,ArrowLeft,ArrowRight,ArrowRight,ArrowLeft,ArrowRight,ArrowRight,ArrowRight,ArrowRight,ArrowRight,ArrowRight,ArrowRight,ArrowLeft,ArrowLeft,ArrowLeft,ArrowRight,ArrowLeft,ArrowRight,ArrowRight,ArrowRight,ArrowLeft,ArrowLeft,ArrowRight,ArrowRight,ArrowRight,ArrowRight,ArrowRight,ArrowLeft,ArrowRight,ArrowRight,ArrowRight,ArrowLeft,ArrowRight,ArrowRight,ArrowRight,ArrowRight,ArrowRight,ArrowLeft,ArrowRight,ArrowRight,ArrowRight,ArrowRight,ArrowRight,ArrowRight,ArrowRight,ArrowRight,ArrowRight,ArrowRight,ArrowRight,ArrowLeft,ArrowRight,ArrowRight,ArrowLeft,ArrowLeft,ArrowRight,ArrowLeft,ArrowRight,ArrowLeft,ArrowLeft,ArrowRight,ArrowRight,ArrowLeft,ArrowRight,ArrowRight,ArrowRight,ArrowRight,Deciding which posts I might share,,6,4,6,4,6,4,4,4,6,4,6,4,6,4,6,4,4,4,4,4,4,4,4,4,6,4,4,4,4,4,6,4,4,4,5,4,6,4,6,4,2,4,4,4,4,4,4,4,4,4,4,4,5,5,6,4,5,3,4,4,4,4,5,5,4,4,4,4,4,4,4,4,2,4,2,4,2,4,2,4,4,4,5,4,1,4,6,4,4,4,5,4,4,4,4,4,5,4,4,4,6,3,4,4,4,4,6,4,4,4,4,4,4,4,5,5,4,4,2,4,5,4,5,4,2,3,5,4,5,4,4,4,4,4,4,4,4,4,4,4,1,4,1,4,5,4,5,4,2,4,2,4,4,4,5,4,5,5,4,4,5,4,4,4,1,4,2,4,1,4,1,4,6,4,4,4
8ad5ce63-38df-41f5-9db6-e5ea21edfc68,09d4dfad-6da7-4234-a03d-7aa99a1c1f9a,2026-09-22 11:12:59,,,In progress,Desktop,en-US,695f9268f34da02e34dcfb82,,,,,,,,,,,,,,,,,,,,,,,,,,,,,,,,,,,,,,,,,,,,,,,,,,,,,,,,,,,,,,,,,,,,,,,,,,,,,,,,,,,,,,,,,,,,,,,,,,,,,,,,,,,,,,,,,,,,,,,,,,,,,,,,,,,,,,,,,,,,,,,,,,,,,,,,,,,,,,,,,,,,,,,,,,,,,,,,,,,,,,,,,,,,,,,,,,,,,,,,,,,,,,,,,,,,,,,,,,,,,,,,,,,,,,,,,,,,,,,,,,,,,,,,,,,,,,,,,,,,,,,,,,,,,,,,,,,,,,,,,,,,,,,,,,,,,,,,,,,,,,,,,,,,,,,,,,,,,,,,,,,,,,,,,,,,,,,,,,,,,,,,,,,,,,,,,,,,,,
d91c4736-9b08-4669-9148-102aa8a1dc31,ca00bfea-c3c2-42ef-8683-8b1c7bc3531f,2026-09-22 11:25:38,,,In progress,Desktop,en-US,673130f07350aea21775c900,,,,,,,,,,,,,,,,,,,,,,,,,,,,,,,,,,,,,,,,,,,,,,,,,,,,,,,,,,,,,,,,,,,,,,,,,,,,,,,,,,,,,,,,,,,,,,,,,,,,,,,,,,,,,,,,,,,,,,,,,,,,,,,,,,,,,,,,,,,,,,,,,,,,,,,,,,,,,,,,,,,,,,,,,,,,,,,,,,,,,,,,,,,,,,,,,,,,,,,,,,,,,,,,,,,,,,,,,,,,,,,,,,,,,,,,,,,,,,,,,,,,,,,,,,,,,,,,,,,,,,,,,,,,,,,,,,,,,,,,,,,,,,,,,,,,,,,,,,,,,,,,,,,,,,,,,,,,,,,,,,,,,,,,,,,,,,,,,,,,,,,,,,,,,,,,,,,,,,
a8abb327-c207-4fbe-9bf4-298604aa7d9c,ca135139-3736-42bd-b08e-d46651a2c094,2026-09-22 11:26:31,,,In progress,Desktop,en-US,69839e00693d0f360c3e6821,,,,,,,,,,,,,,,,,,,,,,,,,,,,,,,,,,,,,,,,,,,,,,,,,,,,,,,,,,,,,,,,,,,,,,,,,,,,,,,,,,,,,,,,,,,,,,,,,,,,,,,,,,,,,,,,,,,,,,,,,,,,,,,,,,,,,,,,,,,,,,,,,,,,,,,,,,,,,,,,,,,,,,,,,,,,,,,,,,,,,,,,,,,,,,,,,,,,,,,,,,,,,,,,,,,,,,,,,,,,,,,,,,,,,,,,,,,,,,,,,,,,,,,,,,,,,,,,,,,,,,,,,,,,,,,,,,,,,,,,,,,,,,,,,,,,,,,,,,,,,,,,,,,,,,,,,,,,,,,,,,,,,,,,,,,,,,,,,,,,,,,,,,,,,,,,,,,,,,
1d4af96c-9577-48ce-9cbe-3b4b35093dd6,a9c0beae-cf42-4621-b14a-f2ef57e80550,2026-09-22 11:30:28,,,In progress,Desktop,en-US,6733368957d5aa7c1e2556b7,,,,,,,,,,,,,,,,,,,,,,,,,,,,,,,,,,,,,,,,,,,,,,,,,,,,,,,,,,,,,,,,,,,,,,,,,,,,,,,,,,,,,,,,,,,,,,,,,,,,,,,,,,,,,,,,,,,,,,,,,,,,,,,,,,,,,,,,,,,,,,,,,,,,,,,,,,,,,,,,,,,,,,,,,,,,,,,,,,,,,,,,,,,,,,,,,,,,,,,,,,,,,,,,,,,,,,,,,,,,,,,,,,,,,,,,,,,,,,,,,,,,,,,,,,,,,,,,,,,,,,,,,,,,,,,,,,,,,,,,,,,,,,,,,,,,,,,,,,,,,,,,,,,,,,,,,,,,,,,,,,,,,,,,,,,,,,,,,,,,,,,,,,,,,,,,,,,,,,
62acb92c-2f3d-4861-997d-cf78b3bdf503,b10c2eeb-da85-4e98-b5de-f8c3607dae3f,2026-09-22 11:39:57,2026-09-22 12:01:20,1283,Completed,Desktop,en-US,667c7b06940ae66df47ab9a5,26,female,Facebook,,,,,,,,,,,,,,,,,,,,,,,,,,,,,,,,,,,,,,,,,,,,,,,,,,,,,,,,,,,,,,,,,,,,,,,,,,,,,,,,,,,,,,,,,,ArrowRight,ArrowRight,ArrowRight,ArrowRight,ArrowRight,ArrowRight,ArrowRight,ArrowRight,ArrowRight,ArrowRight,ArrowRight,ArrowRight,ArrowRight,ArrowRight,ArrowRight,ArrowRight,ArrowRight,ArrowLeft,ArrowRight,ArrowRight,ArrowRight,ArrowRight,ArrowRight,ArrowRight,ArrowRight,ArrowLeft,ArrowLeft,ArrowLeft,ArrowRight,ArrowLeft,ArrowRight,ArrowLeft,ArrowRight,ArrowRight,ArrowLeft,ArrowRight,ArrowLeft,ArrowLeft,ArrowLeft,ArrowRight,ArrowRight,ArrowRight,ArrowRight,ArrowRight,ArrowRight,ArrowLeft,ArrowRight,ArrowRight,ArrowLeft,ArrowRight,ArrowRight,ArrowLeft,ArrowRight,ArrowLeft,ArrowRight,ArrowRight,ArrowRight,ArrowRight,ArrowRight,ArrowRight,ArrowRight,ArrowRight,ArrowRight,ArrowRight,ArrowRight,ArrowLeft,ArrowRight,ArrowRight,ArrowRight,ArrowRight,ArrowRight,ArrowRight,ArrowRight,ArrowRight,ArrowRight,ArrowRight,ArrowRight,ArrowLeft,ArrowRight,ArrowRight,ArrowRight,ArrowLeft,ArrowRight,ArrowRight,ArrowRight,ArrowLeft,ArrowLeft,ArrowRight,Deciding which posts I might share,,3,3,3,3,3,3,4,4,3,3,3,3,3,3,3,3,3,3,3,3,2,2,5,5,3,3,5,5,5,5,3,3,4,4,5,5,5,5,5,5,4,4,2,2,3,3,4,4,6,6,6,6,3,3,5,5,2,2,5,5,2,2,5,5,3,3,5,5,3,3,3,3,5,5,5,5,5,5,3,3,3,3,3,3,3,3,3,3,2,2,5,5,2,2,2,2,5,5,6,6,3,3,6,6,4,4,6,6,4,4,6,6,2,2,2,2,4,4,2,2,4,4,5,5,3,3,3,3,3,3,4,4,4,4,4,4,4,4,4,4,1,1,2,2,3,3,5,5,2,2,2,3,2,2,5,5,2,2,3,3,4,4,5,5,2,2,2,2,2,2,4,4,5,5,4,4
c2283ea5-0107-483d-97ab-0310973f5a53,a0d38bd0-3029-425a-9ad7-8f0f0ea39824,2026-09-22 11:42:18,,,In progress,Desktop,en-US,69a3b79b0b2d5cfb5bef6edb,,,,,,,,,,,,,,,,,,,,,,,,,,,,,,,,,,,,,,,,,,,,,,,,,,,,,,,,,,,,,,,,,,,,,,,,,,,,,,,,,,,,,,,,,,,,,,,,,,,,,,,,,,,,,,,,,,,,,,,,,,,,,,,,,,,,,,,,,,,,,,,,,,,,,,,,,,,,,,,,,,,,,,,,,,,,,,,,,,,,,,,,,,,,,,,,,,,,,,,,,,,,,,,,,,,,,,,,,,,,,,,,,,,,,,,,,,,,,,,,,,,,,,,,,,,,,,,,,,,,,,,,,,,,,,,,,,,,,,,,,,,,,,,,,,,,,,,,,,,,,,,,,,,,,,,,,,,,,,,,,,,,,,,,,,,,,,,,,,,,,,,,,,,,,,,,,,,,,,
9e45bb3c-318b-46da-8af9-81bb5c4792dd,f4f78598-327b-4e3e-8a13-8df9091e5a2c,2026-09-22 11:51:29,2026-09-22 12:11:55,1225,Completed,Desktop,en-US,6630da3c3cfcc026ec681c29,42,male,Instagram,,ArrowRight,ArrowRight,ArrowRight,ArrowRight,ArrowRight,ArrowRight,ArrowRight,ArrowRight,ArrowRight,ArrowRight,ArrowRight,ArrowRight,ArrowLeft,ArrowRight,ArrowRight,ArrowRight,ArrowRight,ArrowRight,ArrowLeft,ArrowLeft,ArrowRight,ArrowRight,ArrowRight,ArrowRight,ArrowRight,ArrowRight,ArrowRight,ArrowRight,ArrowRight,ArrowRight,ArrowRight,ArrowRight,ArrowRight,ArrowLeft,ArrowRight,ArrowRight,ArrowRight,ArrowRight,ArrowRight,ArrowRight,ArrowLeft,ArrowRight,ArrowRight,ArrowRight,ArrowLeft,ArrowLeft,ArrowLeft,ArrowRight,ArrowRight,ArrowRight,ArrowRight,ArrowRight,ArrowRight,ArrowLeft,ArrowRight,ArrowRight,ArrowRight,ArrowRight,ArrowRight,ArrowRight,ArrowRight,ArrowRight,ArrowRight,ArrowRight,ArrowRight,ArrowRight,ArrowRight,ArrowRight,ArrowLeft,ArrowRight,ArrowRight,ArrowRight,ArrowRight,ArrowRight,ArrowLeft,ArrowRight,ArrowRight,ArrowRight,ArrowRight,ArrowRight,ArrowRight,ArrowRight,ArrowRight,ArrowRight,ArrowRight,ArrowLeft,ArrowLeft,ArrowRight,,,,,,,,,,,,,,,,,,,,,,,,,,,,,,,,,,,,,,,,,,,,,,,,,,,,,,,,,,,,,,,,,,,,,,,,,,,,,,,,,,,,,,,,,Deciding which posts I might share,,2,3,2,2,2,4,7,7,3,5,2,3,2,3,2,3,1,2,5,4,1,1,5,5,6,5,3,3,3,5,3,5,1,2,1,1,7,6,7,6,2,1,2,2,5,5,5,5,3,5,5,6,6,6,6,7,3,3,5,5,4,3,6,6,3,3,5,3,2,2,6,5,3,3,3,3,2,2,2,2,4,4,5,5,6,6,7,6,6,6,7,7,7,6,6,6,2,2,5,5,5,3,3,3,6,5,3,5,7,5,6,5,4,5,6,6,3,3,6,6,7,6,6,6,2,2,2,2,2,3,6,6,1,2,2,2,2,3,2,2,3,2,4,3,5,5,7,5,2,3,1,2,6,6,6,5,2,2,2,2,2,2,4,3,2,2,7,6,4,3,6,5,7,6,7,6
a328a7ae-2d42-49ca-b97c-50b42791894f,f7283742-89f2-40fb-973c-aca8103af4ad,2026-09-22 11:54:21,,,In progress,Desktop,en-US,,,,,,,,,,,,,,,,,,,,,,,,,,,,,,,,,,,,,,,,,,,,,,,,,,,,,,,,,,,,,,,,,,,,,,,,,,,,,,,,,,,,,,,,,,,,,,,,,,,,,,,,,,,,,,,,,,,,,,,,,,,,,,,,,,,,,,,,,,,,,,,,,,,,,,,,,,,,,,,,,,,,,,,,,,,,,,,,,,,,,,,,,,,,,,,,,,,,,,,,,,,,,,,,,,,,,,,,,,,,,,,,,,,,,,,,,,,,,,,,,,,,,,,,,,,,,,,,,,,,,,,,,,,,,,,,,,,,,,,,,,,,,,,,,,,,,,,,,,,,,,,,,,,,,,,,,,,,,,,,,,,,,,,,,,,,,,,,,,,,,,,,,,,,,,,,,,,,,,,
d685e2d6-23f9-4f5d-aa08-2bdcc451bd24,e6940751-f01b-433c-8d55-8a6832a927bc,2026-09-22 12:09:39,2026-09-22 12:37:39,1679,Completed,Desktop,en-US,695bd0dd962a74af30c2adf8,24,Female,Facebook,,ArrowRight,ArrowRight,ArrowRight,ArrowLeft,ArrowRight,ArrowRight,ArrowRight,ArrowRight,ArrowLeft,ArrowLeft,ArrowRight,ArrowLeft,ArrowRight,ArrowRight,ArrowRight,ArrowRight,ArrowRight,ArrowRight,ArrowRight,ArrowLeft,ArrowRight,ArrowRight,ArrowLeft,ArrowRight,ArrowRight,ArrowLeft,ArrowRight,ArrowLeft,ArrowRight,ArrowLeft,ArrowLeft,ArrowLeft,ArrowRight,ArrowRight,ArrowRight,ArrowRight,ArrowRight,ArrowRight,ArrowRight,ArrowRight,ArrowRight,ArrowRight,ArrowRight,ArrowRight,ArrowLeft,ArrowLeft,ArrowLeft,ArrowLeft,ArrowRight,ArrowRight,ArrowRight,ArrowRight,ArrowLeft,ArrowRight,ArrowRight,ArrowRight,ArrowRight,ArrowRight,ArrowRight,ArrowRight,ArrowLeft,ArrowLeft,ArrowRight,ArrowLeft,ArrowRight,ArrowRight,ArrowRight,ArrowRight,ArrowRight,ArrowRight,ArrowLeft,ArrowRight,ArrowLeft,ArrowLeft,ArrowLeft,ArrowLeft,ArrowLeft,ArrowRight,ArrowRight,ArrowRight,ArrowRight,ArrowRight,ArrowRight,ArrowRight,ArrowRight,ArrowLeft,ArrowRight,ArrowRight,,,,,,,,,,,,,,,,,,,,,,,,,,,,,,,,,,,,,,,,,,,,,,,,,,,,,,,,,,,,,,,,,,,,,,,,,,,,,,,,,,,,,,,,,Something else (please describe),"I was reading each post deciding which ones I like and don't like and which creators I would follow. ",1,4,1,3,1,4,7,7,1,3,1,3,1,3,1,4,4,4,6,6,4,4,7,7,1,1,3,4,1,1,6,6,1,1,2,2,2,2,2,2,1,1,1,1,7,5,4,4,7,6,7,7,2,2,5,5,2,2,7,7,4,4,7,7,1,1,6,6,1,1,1,1,1,1,1,1,1,1,1,1,2,2,4,4,1,1,7,7,4,4,7,7,6,6,6,6,1,1,3,4,1,1,1,1,7,7,1,1,6,6,2,2,1,1,4,4,6,4,6,6,7,7,4,4,7,5,6,6,6,6,1,3,1,1,6,6,7,7,7,7,4,3,7,5,7,7,7,7,6,6,6,5,7,7,7,7,6,6,5,6,1,1,2,2,2,2,4,4,1,1,7,7,2,2,1,1
fbf232ba-2427-42f9-9400-294a31e807b7,6cbd31c8-bb65-48b6-bd16-dffaae66caef,2026-09-22 12:16:49,2026-09-22 12:34:18,1048,Completed,Desktop,en-US,66298703663ddf03c3f1d5b4,60,female,Instagram,,ArrowRight,ArrowRight,ArrowRight,ArrowRight,ArrowRight,ArrowRight,ArrowRight,ArrowRight,ArrowRight,ArrowLeft,ArrowRight,ArrowLeft,ArrowRight,ArrowRight,ArrowLeft,ArrowRight,ArrowLeft,ArrowLeft,ArrowLeft,ArrowRight,ArrowRight,ArrowRight,ArrowRight,ArrowRight,ArrowRight,ArrowLeft,ArrowLeft,ArrowLeft,ArrowRight,ArrowRight,ArrowRight,ArrowRight,ArrowRight,ArrowRight,ArrowRight,ArrowRight,ArrowRight,ArrowRight,ArrowLeft,ArrowLeft,ArrowRight,ArrowRight,ArrowRight,ArrowRight,ArrowRight,ArrowRight,ArrowRight,ArrowRight,ArrowRight,ArrowRight,ArrowLeft,ArrowRight,ArrowLeft,ArrowRight,ArrowRight,ArrowRight,ArrowRight,ArrowLeft,ArrowRight,ArrowRight,ArrowRight,ArrowRight,ArrowRight,ArrowRight,ArrowRight,ArrowLeft,ArrowRight,ArrowRight,ArrowRight,ArrowRight,ArrowRight,ArrowLeft,ArrowRight,ArrowLeft,ArrowLeft,ArrowRight,ArrowLeft,ArrowRight,ArrowRight,ArrowRight,ArrowRight,ArrowLeft,ArrowLeft,ArrowRight,ArrowRight,ArrowRight,ArrowLeft,ArrowRight,,,,,,,,,,,,,,,,,,,,,,,,,,,,,,,,,,,,,,,,,,,,,,,,,,,,,,,,,,,,,,,,,,,,,,,,,,,,,,,,,,,,,,,,,Deciding which posts I might share,,1,1,1,1,2,2,6,5,1,1,1,1,2,2,1,1,5,5,4,4,2,2,6,6,2,2,5,5,5,7,4,4,3,3,7,7,5,5,3,6,1,1,1,1,5,5,2,2,7,7,7,7,5,6,6,7,5,4,1,1,5,5,3,3,5,5,5,5,3,3,5,5,2,2,3,3,4,3,7,5,5,5,4,6,4,3,3,3,3,3,6,6,2,2,4,4,5,5,6,6,5,4,6,6,6,6,4,4,4,4,4,5,4,4,6,6,1,1,5,5,5,5,2,2,1,1,4,5,1,1,5,5,1,1,3,3,1,1,6,5,6,6,1,1,6,6,6,6,2,2,3,4,4,5,5,5,3,4,5,5,1,1,5,5,5,5,5,6,5,5,6,6,5,5,5,5
b19eb824-1196-4080-8977-b8dcf48b5b4f,035d6734-93f1-44e3-90e3-65f82be0be2a,2026-09-22 12:25:59,,,In progress,Desktop,en-US,69f2810b971c687ea69d2eeb,,,,,,,,,,,,,,,,,,,,,,,,,,,,,,,,,,,,,,,,,,,,,,,,,,,,,,,,,,,,,,,,,,,,,,,,,,,,,,,,,,,,,,,,,,,,,,,,,,,,,,,,,,,,,,,,,,,,,,,,,,,,,,,,,,,,,,,,,,,,,,,,,,,,,,,,,,,,,,,,,,,,,,,,,,,,,,,,,,,,,,,,,,,,,,,,,,,,,,,,,,,,,,,,,,,,,,,,,,,,,,,,,,,,,,,,,,,,,,,,,,,,,,,,,,,,,,,,,,,,,,,,,,,,,,,,,,,,,,,,,,,,,,,,,,,,,,,,,,,,,,,,,,,,,,,,,,,,,,,,,,,,,,,,,,,,,,,,,,,,,,,,,,,,,,,,,,,,,,
8a4e7ac3-6288-4f12-8c5e-17402d47cc44,1431bc5f-397d-4567-bb1d-a15415f310d3,2026-09-22 12:36:43,,,In progress,Desktop,en-US,5f179bd584e8e802ef9c187d,,,,,,,,,,,,,,,,,,,,,,,,,,,,,,,,,,,,,,,,,,,,,,,,,,,,,,,,,,,,,,,,,,,,,,,,,,,,,,,,,,,,,,,,,,,,,,,,,,,,,,,,,,,,,,,,,,,,,,,,,,,,,,,,,,,,,,,,,,,,,,,,,,,,,,,,,,,,,,,,,,,,,,,,,,,,,,,,,,,,,,,,,,,,,,,,,,,,,,,,,,,,,,,,,,,,,,,,,,,,,,,,,,,,,,,,,,,,,,,,,,,,,,,,,,,,,,,,,,,,,,,,,,,,,,,,,,,,,,,,,,,,,,,,,,,,,,,,,,,,,,,,,,,,,,,,,,,,,,,,,,,,,,,,,,,,,,,,,,,,,,,,,,,,,,,,,,,,,,
be0599d2-ae8d-45a8-b8dd-ac5846321a20,6c7d126c-84e4-4dda-88bb-fde1ad57e7da,2026-09-22 12:43:36,,,In progress,Desktop,en-US,6a0efc380612fe7b25e7e75d,,,,,,,,,,,,,,,,,,,,,,,,,,,,,,,,,,,,,,,,,,,,,,,,,,,,,,,,,,,,,,,,,,,,,,,,,,,,,,,,,,,,,,,,,,,,,,,,,,,,,,,,,,,,,,,,,,,,,,,,,,,,,,,,,,,,,,,,,,,,,,,,,,,,,,,,,,,,,,,,,,,,,,,,,,,,,,,,,,,,,,,,,,,,,,,,,,,,,,,,,,,,,,,,,,,,,,,,,,,,,,,,,,,,,,,,,,,,,,,,,,,,,,,,,,,,,,,,,,,,,,,,,,,,,,,,,,,,,,,,,,,,,,,,,,,,,,,,,,,,,,,,,,,,,,,,,,,,,,,,,,,,,,,,,,,,,,,,,,,,,,,,,,,,,,,,,,,,,,
0805e034-4468-49c8-ae0b-458132e76bf2,2e788fb5-f6cd-4454-b139-ba8a54b49e90,2026-09-22 12:48:01,,,In progress,Desktop,en-US,69d6384637b632d34190012d,,,,,,,,,,,,,,,,,,,,,,,,,,,,,,,,,,,,,,,,,,,,,,,,,,,,,,,,,,,,,,,,,,,,,,,,,,,,,,,,,,,,,,,,,,,,,,,,,,,,,,,,,,,,,,,,,,,,,,,,,,,,,,,,,,,,,,,,,,,,,,,,,,,,,,,,,,,,,,,,,,,,,,,,,,,,,,,,,,,,,,,,,,,,,,,,,,,,,,,,,,,,,,,,,,,,,,,,,,,,,,,,,,,,,,,,,,,,,,,,,,,,,,,,,,,,,,,,,,,,,,,,,,,,,,,,,,,,,,,,,,,,,,,,,,,,,,,,,,,,,,,,,,,,,,,,,,,,,,,,,,,,,,,,,,,,,,,,,,,,,,,,,,,,,,,,,,,,,,
18b6b126-52a9-4e13-91bd-fae2f24b2fb6,bdd79fe3-6b00-4872-bf88-82cc8c083fd5,2026-09-22 12:52:57,2026-09-22 13:33:51,2453,Completed,Desktop,en-US,691dcd21d6bba78cf678db70,35,Male,Facebook,,ArrowRight,ArrowRight,ArrowRight,ArrowRight,ArrowRight,ArrowRight,ArrowRight,ArrowRight,ArrowRight,ArrowRight,ArrowRight,ArrowRight,ArrowRight,ArrowRight,ArrowRight,ArrowRight,ArrowRight,ArrowRight,ArrowRight,ArrowRight,ArrowRight,ArrowRight,ArrowRight,ArrowRight,ArrowRight,ArrowRight,ArrowRight,ArrowRight,ArrowRight,ArrowRight,ArrowRight,ArrowRight,ArrowRight,ArrowRight,ArrowRight,ArrowRight,ArrowRight,ArrowRight,ArrowRight,ArrowRight,ArrowRight,ArrowRight,ArrowRight,ArrowRight,ArrowRight,ArrowLeft,ArrowRight,ArrowRight,ArrowRight,ArrowLeft,ArrowRight,ArrowRight,ArrowRight,ArrowRight,ArrowRight,ArrowRight,ArrowRight,ArrowRight,ArrowRight,ArrowRight,ArrowRight,ArrowRight,ArrowRight,ArrowRight,ArrowRight,ArrowRight,ArrowRight,ArrowRight,ArrowRight,ArrowRight,ArrowRight,ArrowRight,ArrowRight,ArrowRight,ArrowRight,ArrowRight,ArrowRight,ArrowRight,ArrowRight,ArrowRight,ArrowRight,ArrowRight,ArrowRight,ArrowRight,ArrowRight,ArrowRight,ArrowRight,ArrowRight,,,,,,,,,,,,,,,,,,,,,,,,,,,,,,,,,,,,,,,,,,,,,,,,,,,,,,,,,,,,,,,,,,,,,,,,,,,,,,,,,,,,,,,,,Learning about the views people hold on these issues,,2,5,3,5,2,5,7,7,3,5,3,5,3,6,2,5,3,3,4,4,2,3,4,4,5,5,5,4,5,5,5,5,2,3,3,4,5,4,5,5,2,3,3,3,4,4,2,2,4,4,4,4,3,3,6,5,1,6,5,6,1,7,5,5,2,1,3,2,1,1,5,3,3,3,3,3,2,2,1,2,3,3,4,5,4,3,4,5,5,5,6,6,4,4,3,4,3,3,6,5,4,4,3,3,4,4,3,3,4,4,3,3,3,4,4,4,4,5,5,5,5,4,6,4,2,3,2,3,2,3,3,4,2,3,2,3,4,4,4,4,5,2,4,2,5,3,5,5,3,3,6,6,5,4,6,4,5,4,5,4,2,3,3,4,4,3,4,3,5,2,5,3,5,4,5,5
8056ccf1-07e8-4d87-9a44-a018cdcf318d,c67e785b-0d3d-47dd-a8ed-f7e8c0f23064,2026-09-22 12:57:33,,,In progress,Desktop,en-US,6983adf91a057e752c11aa65,,,,,,,,,,,,,,,,,,,,,,,,,,,,,,,,,,,,,,,,,,,,,,,,,,,,,,,,,,,,,,,,,,,,,,,,,,,,,,,,,,,,,,,,,,,,,,,,,,,,,,,,,,,,,,,,,,,,,,,,,,,,,,,,,,,,,,,,,,,,,,,,,,,,,,,,,,,,,,,,,,,,,,,,,,,,,,,,,,,,,,,,,,,,,,,,,,,,,,,,,,,,,,,,,,,,,,,,,,,,,,,,,,,,,,,,,,,,,,,,,,,,,,,,,,,,,,,,,,,,,,,,,,,,,,,,,,,,,,,,,,,,,,,,,,,,,,,,,,,,,,,,,,,,,,,,,,,,,,,,,,,,,,,,,,,,,,,,,,,,,,,,,,,,,,,,,,,,,,
62e11511-c164-4cbf-b80c-b024e43a21db,1cb56e1e-4028-4849-a6c5-5d36a0221e3c,2026-09-22 13:07:12,,,In progress,Desktop,en-US,6a0a8972309381669204f9a3,,,,,,,,,,,,,,,,,,,,,,,,,,,,,,,,,,,,,,,,,,,,,,,,,,,,,,,,,,,,,,,,,,,,,,,,,,,,,,,,,,,,,,,,,,,,,,,,,,,,,,,,,,,,,,,,,,,,,,,,,,,,,,,,,,,,,,,,,,,,,,,,,,,,,,,,,,,,,,,,,,,,,,,,,,,,,,,,,,,,,,,,,,,,,,,,,,,,,,,,,,,,,,,,,,,,,,,,,,,,,,,,,,,,,,,,,,,,,,,,,,,,,,,,,,,,,,,,,,,,,,,,,,,,,,,,,,,,,,,,,,,,,,,,,,,,,,,,,,,,,,,,,,,,,,,,,,,,,,,,,,,,,,,,,,,,,,,,,,,,,,,,,,,,,,,,,,,,,,
79d6f2c2-adda-4ecd-a3ce-d88f8df52ef5,2cebd87c-3456-4459-9d85-af2abbfdcc90,2026-09-22 13:11:23,2026-09-22 13:30:57,1174,Completed,Desktop,en-US,"69ff945bc8f01e9907e178e6
",24,female,Instagram,,,,,,,,,,,,,,,,,,,,,,,,,,,,,,,,,,,,,,,,,,,,,,,,,,,,,,,,,,,,,,,,,,,,,,,,,,,,,,,,,,,,,,,,,,ArrowRight,ArrowRight,ArrowRight,ArrowRight,ArrowRight,ArrowRight,ArrowRight,ArrowRight,ArrowRight,ArrowRight,ArrowRight,ArrowRight,ArrowRight,ArrowRight,ArrowRight,ArrowRight,ArrowRight,ArrowRight,ArrowRight,ArrowRight,ArrowRight,ArrowLeft,ArrowRight,ArrowRight,ArrowRight,ArrowRight,ArrowRight,ArrowLeft,ArrowRight,ArrowLeft,ArrowRight,ArrowRight,ArrowRight,ArrowRight,ArrowRight,ArrowRight,ArrowRight,ArrowRight,ArrowRight,ArrowRight,ArrowRight,ArrowRight,ArrowRight,ArrowRight,ArrowRight,ArrowRight,ArrowRight,ArrowRight,ArrowRight,ArrowRight,ArrowRight,ArrowRight,ArrowRight,ArrowRight,ArrowRight,ArrowRight,ArrowRight,ArrowRight,ArrowRight,ArrowRight,ArrowRight,ArrowRight,ArrowRight,ArrowRight,ArrowRight,ArrowRight,ArrowRight,ArrowRight,ArrowRight,ArrowRight,ArrowRight,ArrowRight,ArrowRight,ArrowRight,ArrowRight,ArrowRight,ArrowLeft,ArrowLeft,ArrowRight,ArrowRight,ArrowRight,ArrowRight,ArrowRight,ArrowRight,ArrowRight,ArrowRight,ArrowRight,ArrowRight,Deciding which posts I might share,,5,1,5,1,5,1,5,5,3,1,5,1,3,1,3,1,1,5,4,6,2,4,4,6,5,1,4,4,4,4,4,6,2,2,2,1,3,6,4,4,1,5,3,6,5,6,2,5,4,1,5,2,5,2,5,4,4,6,6,6,6,6,6,6,2,2,3,1,2,1,1,1,3,2,4,2,3,1,3,2,2,4,4,5,3,6,4,6,4,6,4,6,4,6,2,1,3,1,5,4,3,1,4,6,4,4,5,1,5,3,6,1,2,5,4,6,1,5,1,6,5,6,5,6,5,1,5,1,2,1,2,1,1,1,5,6,5,6,5,6,1,3,1,5,1,5,5,5,5,1,5,2,5,6,6,6,5,6,4,4,3,2,4,4,2,5,2,6,1,5,3,6,2,6,3,6
904fae66-2330-4bd1-89dc-6f20c28a9951,3c5710d6-8d2c-4305-9460-5c17f0df112a,2026-09-22 13:12:32,,,In progress,Desktop,en-US,6a05ba89c966c0fa42d112d6,,,,,,,,,,,,,,,,,,,,,,,,,,,,,,,,,,,,,,,,,,,,,,,,,,,,,,,,,,,,,,,,,,,,,,,,,,,,,,,,,,,,,,,,,,,,,,,,,,,,,,,,,,,,,,,,,,,,,,,,,,,,,,,,,,,,,,,,,,,,,,,,,,,,,,,,,,,,,,,,,,,,,,,,,,,,,,,,,,,,,,,,,,,,,,,,,,,,,,,,,,,,,,,,,,,,,,,,,,,,,,,,,,,,,,,,,,,,,,,,,,,,,,,,,,,,,,,,,,,,,,,,,,,,,,,,,,,,,,,,,,,,,,,,,,,,,,,,,,,,,,,,,,,,,,,,,,,,,,,,,,,,,,,,,,,,,,,,,,,,,,,,,,,,,,,,,,,,,,
420663a0-a356-4d6f-9b97-4b572a42a6dc,4e17c86b-c238-494f-b17c-762264dc8275,2026-09-22 13:14:14,2026-09-22 13:29:24,910,Completed,Desktop,en-US,6a1c4bebe9b90a86527b7265,39,Male,Other,Bluesky,ArrowRight,ArrowRight,ArrowRight,ArrowRight,ArrowRight,ArrowRight,ArrowRight,ArrowRight,ArrowLeft,ArrowRight,ArrowLeft,ArrowRight,ArrowRight,ArrowRight,ArrowRight,ArrowRight,ArrowRight,ArrowRight,ArrowRight,ArrowRight,ArrowRight,ArrowLeft,ArrowRight,ArrowRight,ArrowRight,ArrowRight,ArrowRight,ArrowRight,ArrowRight,ArrowRight,ArrowRight,ArrowRight,ArrowRight,ArrowRight,ArrowRight,ArrowRight,ArrowRight,ArrowRight,ArrowRight,ArrowRight,ArrowRight,ArrowRight,ArrowLeft,ArrowLeft,ArrowRight,ArrowRight,ArrowRight,ArrowLeft,ArrowRight,ArrowRight,ArrowRight,ArrowRight,ArrowRight,ArrowRight,ArrowRight,ArrowRight,ArrowRight,ArrowLeft,ArrowLeft,ArrowLeft,ArrowRight,ArrowRight,ArrowRight,ArrowRight,ArrowRight,ArrowRight,ArrowRight,ArrowRight,ArrowLeft,ArrowRight,ArrowLeft,ArrowLeft,ArrowRight,ArrowRight,ArrowRight,ArrowRight,ArrowRight,ArrowLeft,ArrowRight,ArrowRight,ArrowRight,ArrowRight,ArrowRight,ArrowRight,ArrowRight,ArrowRight,ArrowLeft,ArrowLeft,,,,,,,,,,,,,,,,,,,,,,,,,,,,,,,,,,,,,,,,,,,,,,,,,,,,,,,,,,,,,,,,,,,,,,,,,,,,,,,,,,,,,,,,,Learning about the views people hold on these issues,,1,1,4,4,4,4,5,5,4,4,4,4,4,4,4,4,5,5,6,6,5,4,5,5,4,4,4,4,3,3,4,4,3,3,2,2,4,4,4,4,4,4,6,6,4,4,4,4,2,2,4,4,2,2,4,4,6,6,4,4,4,4,6,6,4,4,4,4,4,4,5,5,2,2,4,4,2,2,4,4,4,4,6,6,4,4,6,6,5,5,4,4,6,6,4,4,4,4,4,4,4,4,4,4,2,2,4,4,4,4,4,4,4,4,6,6,4,4,4,4,6,6,5,5,4,4,4,4,4,4,5,5,4,4,6,6,5,4,6,6,6,6,4,4,4,4,4,4,1,1,4,4,5,5,4,4,2,2,5,5,4,4,4,4,5,5,4,4,5,5,4,4,6,6,4,4
e34a213c-50f9-4323-b9a9-a82f7216e2c1,7139cef7-0e48-411a-9966-851eeb4e1c5d,2026-09-22 13:21:05,,,In progress,Desktop,en-US,69d2a8765e19038ab2fc0f56,,,,,,,,,,,,,,,,,,,,,,,,,,,,,,,,,,,,,,,,,,,,,,,,,,,,,,,,,,,,,,,,,,,,,,,,,,,,,,,,,,,,,,,,,,,,,,,,,,,,,,,,,,,,,,,,,,,,,,,,,,,,,,,,,,,,,,,,,,,,,,,,,,,,,,,,,,,,,,,,,,,,,,,,,,,,,,,,,,,,,,,,,,,,,,,,,,,,,,,,,,,,,,,,,,,,,,,,,,,,,,,,,,,,,,,,,,,,,,,,,,,,,,,,,,,,,,,,,,,,,,,,,,,,,,,,,,,,,,,,,,,,,,,,,,,,,,,,,,,,,,,,,,,,,,,,,,,,,,,,,,,,,,,,,,,,,,,,,,,,,,,,,,,,,,,,,,,,,,
051ea18b-0c85-480e-b63d-aeecb9a1f4ff,daed3c2e-e875-49ad-9779-ae7f39ca6b1b,2026-09-22 13:21:16,,,In progress,Desktop,en-US,69f540fc10a9b7cac8bdd6a0,,,,,,,,,,,,,,,,,,,,,,,,,,,,,,,,,,,,,,,,,,,,,,,,,,,,,,,,,,,,,,,,,,,,,,,,,,,,,,,,,,,,,,,,,,,,,,,,,,,,,,,,,,,,,,,,,,,,,,,,,,,,,,,,,,,,,,,,,,,,,,,,,,,,,,,,,,,,,,,,,,,,,,,,,,,,,,,,,,,,,,,,,,,,,,,,,,,,,,,,,,,,,,,,,,,,,,,,,,,,,,,,,,,,,,,,,,,,,,,,,,,,,,,,,,,,,,,,,,,,,,,,,,,,,,,,,,,,,,,,,,,,,,,,,,,,,,,,,,,,,,,,,,,,,,,,,,,,,,,,,,,,,,,,,,,,,,,,,,,,,,,,,,,,,,,,,,,,,,
eee96692-d7c1-47a9-bf8f-435cdbd98c11,63f48657-0b8f-408e-94e1-3c2e57a228b9,2026-09-22 13:27:44,,,In progress,Desktop,en-US,69da72d3fd18914ccf956aa7,,,,,,,,,,,,,,,,,,,,,,,,,,,,,,,,,,,,,,,,,,,,,,,,,,,,,,,,,,,,,,,,,,,,,,,,,,,,,,,,,,,,,,,,,,,,,,,,,,,,,,,,,,,,,,,,,,,,,,,,,,,,,,,,,,,,,,,,,,,,,,,,,,,,,,,,,,,,,,,,,,,,,,,,,,,,,,,,,,,,,,,,,,,,,,,,,,,,,,,,,,,,,,,,,,,,,,,,,,,,,,,,,,,,,,,,,,,,,,,,,,,,,,,,,,,,,,,,,,,,,,,,,,,,,,,,,,,,,,,,,,,,,,,,,,,,,,,,,,,,,,,,,,,,,,,,,,,,,,,,,,,,,,,,,,,,,,,,,,,,,,,,,,,,,,,,,,,,,,
c0cfc09f-9422-4142-9a80-1a17ad0173c4,bcfa0fd6-41ef-49c2-bac5-7b7562900f05,2026-09-22 13:28:59,,,In progress,Desktop,en-US,69fc95f4c38afa19d55a448b,,,,,,,,,,,,,,,,,,,,,,,,,,,,,,,,,,,,,,,,,,,,,,,,,,,,,,,,,,,,,,,,,,,,,,,,,,,,,,,,,,,,,,,,,,,,,,,,,,,,,,,,,,,,,,,,,,,,,,,,,,,,,,,,,,,,,,,,,,,,,,,,,,,,,,,,,,,,,,,,,,,,,,,,,,,,,,,,,,,,,,,,,,,,,,,,,,,,,,,,,,,,,,,,,,,,,,,,,,,,,,,,,,,,,,,,,,,,,,,,,,,,,,,,,,,,,,,,,,,,,,,,,,,,,,,,,,,,,,,,,,,,,,,,,,,,,,,,,,,,,,,,,,,,,,,,,,,,,,,,,,,,,,,,,,,,,,,,,,,,,,,,,,,,,,,,,,,,,,
1aa5d4cf-546d-4214-969b-852a665c19f2,a2ba37a1-d229-46ff-b71e-026706f6aa7b,2026-09-22 13:31:38,2026-09-22 13:56:37,1499,Completed,Desktop,en-US,66ab152c1cd7f0bf77b19bb6,26,female,Instagram,,ArrowRight,ArrowRight,ArrowRight,ArrowRight,ArrowRight,ArrowRight,ArrowRight,ArrowRight,ArrowLeft,ArrowLeft,ArrowLeft,ArrowLeft,ArrowLeft,ArrowLeft,ArrowLeft,ArrowLeft,ArrowRight,ArrowRight,ArrowLeft,ArrowLeft,ArrowRight,ArrowRight,ArrowLeft,ArrowRight,ArrowRight,ArrowLeft,ArrowRight,ArrowLeft,ArrowLeft,ArrowLeft,ArrowLeft,ArrowLeft,ArrowLeft,ArrowLeft,ArrowRight,ArrowLeft,ArrowRight,ArrowRight,ArrowRight,ArrowLeft,ArrowLeft,ArrowLeft,ArrowLeft,ArrowLeft,ArrowLeft,ArrowLeft,ArrowLeft,ArrowLeft,ArrowRight,ArrowRight,ArrowRight,ArrowRight,ArrowLeft,ArrowRight,ArrowLeft,ArrowRight,ArrowLeft,ArrowLeft,ArrowLeft,ArrowLeft,ArrowLeft,ArrowLeft,ArrowRight,ArrowRight,ArrowRight,ArrowRight,ArrowRight,ArrowRight,ArrowLeft,ArrowRight,ArrowLeft,ArrowRight,ArrowLeft,ArrowLeft,ArrowLeft,ArrowRight,ArrowLeft,ArrowLeft,ArrowRight,ArrowRight,ArrowLeft,ArrowLeft,ArrowRight,ArrowLeft,ArrowLeft,ArrowLeft,ArrowLeft,ArrowLeft,,,,,,,,,,,,,,,,,,,,,,,,,,,,,,,,,,,,,,,,,,,,,,,,,,,,,,,,,,,,,,,,,,,,,,,,,,,,,,,,,,,,,,,,,Learning about the views people hold on these issues,,1,2,1,2,2,3,7,7,1,1,1,1,1,2,1,3,7,6,6,5,7,6,5,5,5,7,6,7,7,7,7,7,2,4,1,2,7,6,7,7,4,4,5,5,5,4,4,4,3,4,4,4,3,3,6,7,7,6,7,5,7,6,7,7,7,5,6,5,2,2,2,2,1,2,1,1,1,2,1,1,7,6,7,6,1,1,7,6,7,5,6,6,7,7,6,6,3,4,4,4,3,4,1,2,4,4,1,2,6,4,2,2,6,4,7,4,4,4,6,4,6,6,6,6,1,3,1,2,2,2,1,3,1,3,2,3,6,4,7,6,5,4,4,4,5,5,7,6,1,3,2,3,6,5,7,7,1,1,4,4,2,3,2,2,6,5,7,7,5,5,6,6,6,4,7,6
a9693906-97bf-44ba-8cbc-c9fbe1048601,a6a775b3-79e4-43f6-9c26-9bb25000b519,2026-09-22 13:32:24,,,In progress,Desktop,en-US,69b98ed6a044387bc1f3609d,,,,,,,,,,,,,,,,,,,,,,,,,,,,,,,,,,,,,,,,,,,,,,,,,,,,,,,,,,,,,,,,,,,,,,,,,,,,,,,,,,,,,,,,,,,,,,,,,,,,,,,,,,,,,,,,,,,,,,,,,,,,,,,,,,,,,,,,,,,,,,,,,,,,,,,,,,,,,,,,,,,,,,,,,,,,,,,,,,,,,,,,,,,,,,,,,,,,,,,,,,,,,,,,,,,,,,,,,,,,,,,,,,,,,,,,,,,,,,,,,,,,,,,,,,,,,,,,,,,,,,,,,,,,,,,,,,,,,,,,,,,,,,,,,,,,,,,,,,,,,,,,,,,,,,,,,,,,,,,,,,,,,,,,,,,,,,,,,,,,,,,,,,,,,,,,,,,,,,
7be5b42c-2c6c-4cb0-8710-068312c37d00,faba2c16-a0a4-4c2e-b8e2-169e64ecc5b4,2026-09-22 13:33:05,,,In progress,Desktop,en-US,698b661701f0981576ed9dec,,,,,,,,,,,,,,,,,,,,,,,,,,,,,,,,,,,,,,,,,,,,,,,,,,,,,,,,,,,,,,,,,,,,,,,,,,,,,,,,,,,,,,,,,,,,,,,,,,,,,,,,,,,,,,,,,,,,,,,,,,,,,,,,,,,,,,,,,,,,,,,,,,,,,,,,,,,,,,,,,,,,,,,,,,,,,,,,,,,,,,,,,,,,,,,,,,,,,,,,,,,,,,,,,,,,,,,,,,,,,,,,,,,,,,,,,,,,,,,,,,,,,,,,,,,,,,,,,,,,,,,,,,,,,,,,,,,,,,,,,,,,,,,,,,,,,,,,,,,,,,,,,,,,,,,,,,,,,,,,,,,,,,,,,,,,,,,,,,,,,,,,,,,,,,,,,,,,,,
d30ad6ca-0582-4157-a2bd-5dac80777588,060e2bc1-ba28-41f3-929b-b7ad8d4388c0,2026-09-22 13:41:22,,,In progress,Desktop,en-US,671d5e492160124dc47b5b2a,,,,,,,,,,,,,,,,,,,,,,,,,,,,,,,,,,,,,,,,,,,,,,,,,,,,,,,,,,,,,,,,,,,,,,,,,,,,,,,,,,,,,,,,,,,,,,,,,,,,,,,,,,,,,,,,,,,,,,,,,,,,,,,,,,,,,,,,,,,,,,,,,,,,,,,,,,,,,,,,,,,,,,,,,,,,,,,,,,,,,,,,,,,,,,,,,,,,,,,,,,,,,,,,,,,,,,,,,,,,,,,,,,,,,,,,,,,,,,,,,,,,,,,,,,,,,,,,,,,,,,,,,,,,,,,,,,,,,,,,,,,,,,,,,,,,,,,,,,,,,,,,,,,,,,,,,,,,,,,,,,,,,,,,,,,,,,,,,,,,,,,,,,,,,,,,,,,,,,
8f46f6a5-d5b3-45b2-b73c-8de40d3b20f2,62d2efc1-24fa-416e-9681-0061f67d0229,2026-09-22 13:47:41,,,In progress,Desktop,en-US,63d2797ee24c80630f3b67e1,,,,,,,,,,,,,,,,,,,,,,,,,,,,,,,,,,,,,,,,,,,,,,,,,,,,,,,,,,,,,,,,,,,,,,,,,,,,,,,,,,,,,,,,,,,,,,,,,,,,,,,,,,,,,,,,,,,,,,,,,,,,,,,,,,,,,,,,,,,,,,,,,,,,,,,,,,,,,,,,,,,,,,,,,,,,,,,,,,,,,,,,,,,,,,,,,,,,,,,,,,,,,,,,,,,,,,,,,,,,,,,,,,,,,,,,,,,,,,,,,,,,,,,,,,,,,,,,,,,,,,,,,,,,,,,,,,,,,,,,,,,,,,,,,,,,,,,,,,,,,,,,,,,,,,,,,,,,,,,,,,,,,,,,,,,,,,,,,,,,,,,,,,,,,,,,,,,,,,
bd497575-1e02-423e-9824-ebbbb4db4ed4,be8c8a30-7d95-412b-b2a0-e111af3fa3ed,2026-09-22 13:49:55,2026-09-22 14:23:36,2021,Completed,Desktop,en-US,69a8585831a3d751c0c5ba9a,41,male,Instagram,,,,,,,,,,,,,,,,,,,,,,,,,,,,,,,,,,,,,,,,,,,,,,,,,,,,,,,,,,,,,,,,,,,,,,,,,,,,,,,,,,,,,,,,,,ArrowLeft,ArrowLeft,ArrowLeft,ArrowRight,ArrowLeft,ArrowLeft,ArrowLeft,ArrowLeft,ArrowRight,ArrowRight,ArrowRight,ArrowRight,ArrowLeft,ArrowLeft,ArrowRight,ArrowRight,ArrowRight,ArrowRight,ArrowRight,ArrowRight,ArrowRight,ArrowRight,ArrowRight,ArrowRight,ArrowLeft,ArrowLeft,ArrowRight,ArrowLeft,ArrowRight,ArrowRight,ArrowRight,ArrowRight,ArrowRight,ArrowLeft,ArrowRight,ArrowRight,ArrowLeft,ArrowLeft,ArrowLeft,ArrowLeft,ArrowRight,ArrowRight,ArrowRight,ArrowRight,ArrowRight,ArrowRight,ArrowRight,ArrowRight,ArrowLeft,ArrowRight,ArrowRight,ArrowLeft,ArrowRight,ArrowRight,ArrowRight,ArrowRight,ArrowRight,ArrowRight,ArrowRight,ArrowRight,ArrowRight,ArrowRight,ArrowLeft,ArrowRight,ArrowRight,ArrowRight,ArrowLeft,ArrowRight,ArrowRight,ArrowRight,ArrowRight,ArrowLeft,ArrowRight,ArrowRight,ArrowLeft,ArrowLeft,ArrowRight,ArrowRight,ArrowRight,ArrowRight,ArrowRight,ArrowLeft,ArrowRight,ArrowRight,ArrowRight,ArrowRight,ArrowRight,ArrowRight,Deciding which posts I might share,,6,4,7,5,6,5,7,7,6,4,6,4,6,4,7,4,2,2,2,2,2,2,2,2,6,5,2,4,6,5,5,5,4,4,6,4,3,2,3,3,1,2,2,2,5,5,2,2,7,6,7,6,3,3,6,6,2,3,4,5,2,3,2,3,2,2,6,5,3,2,6,5,5,4,5,5,6,4,5,4,1,2,3,4,1,2,4,4,2,3,2,4,4,5,2,2,3,3,6,6,5,5,5,4,2,2,6,5,2,2,6,5,1,2,4,4,1,2,1,2,4,4,2,2,5,4,6,5,4,4,4,4,5,3,4,3,2,2,5,4,2,2,1,2,1,3,5,6,6,4,6,6,2,3,4,4,4,3,4,3,5,3,6,5,2,2,2,3,1,2,1,4,2,3,2,3
1bc09343-096d-4997-869f-fb7541e342c5,7bb79e65-365b-4abe-8340-59b9cd528846,2026-09-22 13:56:41,2026-09-22 14:19:37,1375,Completed,Desktop,en-US,676ecc2cdff817e43c22a375,28,Female,Facebook,,,,,,,,,,,,,,,,,,,,,,,,,,,,,,,,,,,,,,,,,,,,,,,,,,,,,,,,,,,,,,,,,,,,,,,,,,,,,,,,,,,,,,,,,,ArrowRight,ArrowRight,ArrowRight,ArrowRight,ArrowRight,ArrowRight,ArrowRight,ArrowRight,ArrowRight,ArrowRight,ArrowRight,ArrowRight,ArrowRight,ArrowRight,ArrowRight,ArrowRight,ArrowRight,ArrowRight,ArrowRight,ArrowRight,ArrowRight,ArrowRight,ArrowRight,ArrowRight,ArrowRight,ArrowRight,ArrowRight,ArrowRight,ArrowRight,ArrowRight,ArrowRight,ArrowRight,ArrowRight,ArrowRight,ArrowRight,ArrowRight,ArrowRight,ArrowRight,ArrowRight,ArrowRight,ArrowRight,ArrowRight,ArrowRight,ArrowRight,ArrowRight,ArrowRight,ArrowRight,ArrowRight,ArrowRight,ArrowRight,ArrowRight,ArrowRight,ArrowRight,ArrowRight,ArrowRight,ArrowRight,ArrowRight,ArrowRight,ArrowRight,ArrowRight,ArrowRight,ArrowRight,ArrowRight,ArrowRight,ArrowRight,ArrowRight,ArrowRight,ArrowRight,ArrowRight,ArrowRight,ArrowRight,ArrowRight,ArrowRight,ArrowRight,ArrowRight,ArrowRight,ArrowRight,ArrowRight,ArrowRight,ArrowRight,ArrowRight,ArrowRight,ArrowRight,ArrowRight,ArrowRight,ArrowRight,ArrowRight,ArrowRight,Learning about the views people hold on these issues,,2,2,6,6,4,4,6,6,5,5,5,5,5,5,5,5,4,4,5,5,3,3,5,5,3,3,4,4,5,5,4,4,3,3,2,2,3,3,1,1,1,1,1,1,4,4,1,1,6,6,7,7,5,5,6,6,3,3,6,6,5,5,5,5,1,1,3,3,1,1,2,2,1,1,1,1,1,1,1,1,3,3,4,4,5,5,5,5,2,2,4,4,5,5,1,1,3,3,4,4,3,3,3,3,4,4,7,7,2,2,5,5,1,1,5,5,1,1,1,1,5,5,5,5,4,4,6,6,1,1,3,3,2,2,4,4,5,5,4,4,3,3,1,1,3,3,4,4,4,4,6,6,5,5,7,7,3,3,5,5,1,1,5,5,1,1,4,4,2,2,4,4,1,1,1,1
820d1350-0053-443f-9e7d-8666f2bded84,2d6553f1-7fbc-415a-bd5f-74284245f0c3,2026-09-22 13:57:53,,,In progress,Desktop,en-US,5ca4ac778a769600010f3b8f,,,,,,,,,,,,,,,,,,,,,,,,,,,,,,,,,,,,,,,,,,,,,,,,,,,,,,,,,,,,,,,,,,,,,,,,,,,,,,,,,,,,,,,,,,,,,,,,,,,,,,,,,,,,,,,,,,,,,,,,,,,,,,,,,,,,,,,,,,,,,,,,,,,,,,,,,,,,,,,,,,,,,,,,,,,,,,,,,,,,,,,,,,,,,,,,,,,,,,,,,,,,,,,,,,,,,,,,,,,,,,,,,,,,,,,,,,,,,,,,,,,,,,,,,,,,,,,,,,,,,,,,,,,,,,,,,,,,,,,,,,,,,,,,,,,,,,,,,,,,,,,,,,,,,,,,,,,,,,,,,,,,,,,,,,,,,,,,,,,,,,,,,,,,,,,,,,,,,,
47277af1-32f0-4f4a-809d-8abb60cc3e17,a6a86b2a-9de0-4908-a8fd-676e6168e38a,2026-09-22 13:58:46,2026-09-22 14:40:53,2526,Completed,Desktop,en-US,66439d581f17f70574b290e6,35,"male
",Facebook,,ArrowRight,ArrowRight,ArrowRight,ArrowRight,ArrowRight,ArrowRight,ArrowRight,ArrowRight,ArrowLeft,ArrowLeft,ArrowRight,ArrowRight,ArrowRight,ArrowRight,ArrowRight,ArrowRight,ArrowRight,ArrowRight,ArrowLeft,ArrowLeft,ArrowRight,ArrowLeft,ArrowLeft,ArrowLeft,ArrowRight,ArrowRight,ArrowRight,ArrowRight,ArrowLeft,ArrowLeft,ArrowLeft,ArrowLeft,ArrowRight,ArrowRight,ArrowRight,ArrowRight,ArrowRight,ArrowRight,ArrowRight,ArrowRight,ArrowLeft,ArrowRight,ArrowLeft,ArrowLeft,ArrowLeft,ArrowLeft,ArrowLeft,ArrowRight,ArrowRight,ArrowRight,ArrowRight,ArrowRight,ArrowRight,ArrowRight,ArrowRight,ArrowRight,ArrowRight,ArrowLeft,ArrowLeft,ArrowLeft,ArrowLeft,ArrowLeft,ArrowRight,ArrowRight,ArrowRight,ArrowRight,ArrowRight,ArrowRight,ArrowLeft,ArrowRight,ArrowLeft,ArrowLeft,ArrowRight,ArrowLeft,ArrowLeft,ArrowRight,ArrowRight,ArrowLeft,ArrowLeft,ArrowRight,ArrowRight,ArrowRight,ArrowRight,ArrowLeft,ArrowLeft,ArrowLeft,ArrowRight,ArrowRight,ArrowRight,ArrowRight,ArrowRight,ArrowRight,ArrowRight,ArrowRight,ArrowRight,ArrowRight,ArrowRight,ArrowLeft,ArrowRight,ArrowLeft,ArrowRight,ArrowRight,ArrowRight,ArrowRight,ArrowRight,ArrowRight,ArrowLeft,ArrowRight,ArrowRight,ArrowLeft,ArrowRight,ArrowLeft,ArrowRight,ArrowRight,ArrowRight,ArrowRight,ArrowRight,ArrowLeft,ArrowRight,ArrowRight,ArrowRight,ArrowRight,ArrowRight,ArrowRight,ArrowRight,ArrowRight,ArrowRight,ArrowRight,ArrowLeft,ArrowRight,ArrowRight,ArrowLeft,ArrowRight,ArrowLeft,ArrowLeft,ArrowRight,ArrowRight,ArrowRight,ArrowRight,ArrowRight,ArrowRight,ArrowRight,ArrowRight,ArrowRight,ArrowRight,ArrowLeft,ArrowLeft,ArrowLeft,ArrowLeft,ArrowLeft,ArrowRight,ArrowRight,ArrowRight,ArrowRight,ArrowRight,ArrowRight,ArrowRight,ArrowLeft,ArrowLeft,ArrowRight,ArrowRight,ArrowRight,ArrowRight,ArrowRight,ArrowLeft,ArrowLeft,ArrowRight,ArrowRight,ArrowRight,ArrowRight,ArrowRight,ArrowRight,ArrowRight,ArrowRight,ArrowRight,ArrowRight,Deciding which posts I might share,,2,2,2,2,2,2,4,4,2,2,2,2,2,2,2,2,5,5,6,6,5,5,7,7,2,2,6,6,2,2,2,2,4,4,1,1,7,7,7,7,5,5,2,2,6,6,5,5,2,2,1,1,1,1,3,3,6,6,7,7,6,6,7,7,2,2,2,2,1,1,1,1,2,2,2,2,1,1,1,1,6,6,6,6,6,6,7,7,7,7,7,7,7,7,7,7,1,1,2,2,1,1,1,1,2,2,1,1,6,6,2,2,6,6,6,6,6,6,6,6,7,7,7,7,1,1,1,1,1,1,2,2,1,1,3,3,7,7,7,7,6,6,5,5,7,7,6,6,1,1,2,2,7,7,6,6,1,1,2,2,1,1,2,2,6,6,6,6,6,6,6,6,6,6,7,7
42278fac-bc23-4722-81d7-772cda2f7a5c,4362ce47-69ba-44d3-a3ed-c6c3325ffec4,2026-09-22 13:58:54,,,In progress,Desktop,en-US,6a03a9e253f607a1245f2605,,,,,,,,,,,,,,,,,,,,,,,,,,,,,,,,,,,,,,,,,,,,,,,,,,,,,,,,,,,,,,,,,,,,,,,,,,,,,,,,,,,,,,,,,,,,,,,,,,,,,,,,,,,,,,,,,,,,,,,,,,,,,,,,,,,,,,,,,,,,,,,,,,,,,,,,,,,,,,,,,,,,,,,,,,,,,,,,,,,,,,,,,,,,,,,,,,,,,,,,,,,,,,,,,,,,,,,,,,,,,,,,,,,,,,,,,,,,,,,,,,,,,,,,,,,,,,,,,,,,,,,,,,,,,,,,,,,,,,,,,,,,,,,,,,,,,,,,,,,,,,,,,,,,,,,,,,,,,,,,,,,,,,,,,,,,,,,,,,,,,,,,,,,,,,,,,,,,,,
f62ec225-7d6d-4921-9eac-a16ec383b7cc,4bf8b98d-3bda-43cf-9484-6f068c76af56,2026-09-22 14:11:01,,,In progress,Desktop,en-US,6a9860f4bd493b2ca083733a,,,,,,,,,,,,,,,,,,,,,,,,,,,,,,,,,,,,,,,,,,,,,,,,,,,,,,,,,,,,,,,,,,,,,,,,,,,,,,,,,,,,,,,,,,,,,,,,,,,,,,,,,,,,,,,,,,,,,,,,,,,,,,,,,,,,,,,,,,,,,,,,,,,,,,,,,,,,,,,,,,,,,,,,,,,,,,,,,,,,,,,,,,,,,,,,,,,,,,,,,,,,,,,,,,,,,,,,,,,,,,,,,,,,,,,,,,,,,,,,,,,,,,,,,,,,,,,,,,,,,,,,,,,,,,,,,,,,,,,,,,,,,,,,,,,,,,,,,,,,,,,,,,,,,,,,,,,,,,,,,,,,,,,,,,,,,,,,,,,,,,,,,,,,,,,,,,,,,,
fe899a7b-44c0-4e4e-8f91-661390ec4925,80cae660-f61d-4ef0-bd04-b9d5a3764bcf,2026-09-22 14:17:18,,,In progress,Desktop,en-US,663aa86820b7f987b6f40a54,,,,,,,,,,,,,,,,,,,,,,,,,,,,,,,,,,,,,,,,,,,,,,,,,,,,,,,,,,,,,,,,,,,,,,,,,,,,,,,,,,,,,,,,,,,,,,,,,,,,,,,,,,,,,,,,,,,,,,,,,,,,,,,,,,,,,,,,,,,,,,,,,,,,,,,,,,,,,,,,,,,,,,,,,,,,,,,,,,,,,,,,,,,,,,,,,,,,,,,,,,,,,,,,,,,,,,,,,,,,,,,,,,,,,,,,,,,,,,,,,,,,,,,,,,,,,,,,,,,,,,,,,,,,,,,,,,,,,,,,,,,,,,,,,,,,,,,,,,,,,,,,,,,,,,,,,,,,,,,,,,,,,,,,,,,,,,,,,,,,,,,,,,,,,,,,,,,,,,
29c55580-5862-4fde-90d0-f607ef7370fa,8f5d2dc1-f976-404c-84e6-990c2d8da7f3,2026-09-22 14:20:39,,,In progress,Desktop,en-US,69839b62681b47313da2952f,,,,,,,,,,,,,,,,,,,,,,,,,,,,,,,,,,,,,,,,,,,,,,,,,,,,,,,,,,,,,,,,,,,,,,,,,,,,,,,,,,,,,,,,,,,,,,,,,,,,,,,,,,,,,,,,,,,,,,,,,,,,,,,,,,,,,,,,,,,,,,,,,,,,,,,,,,,,,,,,,,,,,,,,,,,,,,,,,,,,,,,,,,,,,,,,,,,,,,,,,,,,,,,,,,,,,,,,,,,,,,,,,,,,,,,,,,,,,,,,,,,,,,,,,,,,,,,,,,,,,,,,,,,,,,,,,,,,,,,,,,,,,,,,,,,,,,,,,,,,,,,,,,,,,,,,,,,,,,,,,,,,,,,,,,,,,,,,,,,,,,,,,,,,,,,,,,,,,,
5edf7ad5-5bce-4234-a1cd-12b98c306462,b67153f9-2898-4f00-9fd1-47f6febea31b,2026-09-22 14:29:38,2026-09-22 14:49:55,1216,Completed,Desktop,en-US,69b5c843eceef3f98017a5dc,44,Female,Instagram,,,,,,,,,,,,,,,,,,,,,,,,,,,,,,,,,,,,,,,,,,,,,,,,,,,,,,,,,,,,,,,,,,,,,,,,,,,,,,,,,,,,,,,,,,ArrowRight,ArrowRight,ArrowRight,ArrowRight,ArrowRight,ArrowRight,ArrowRight,ArrowRight,ArrowRight,ArrowLeft,ArrowRight,ArrowLeft,ArrowRight,ArrowLeft,ArrowRight,ArrowRight,ArrowRight,ArrowRight,ArrowRight,ArrowRight,ArrowRight,ArrowRight,ArrowRight,ArrowRight,ArrowRight,ArrowRight,ArrowRight,ArrowRight,ArrowRight,ArrowRight,ArrowRight,ArrowRight,ArrowRight,ArrowRight,ArrowRight,ArrowRight,ArrowRight,ArrowRight,ArrowRight,ArrowRight,ArrowRight,ArrowRight,ArrowRight,ArrowLeft,ArrowRight,ArrowRight,ArrowRight,ArrowRight,ArrowRight,ArrowRight,ArrowRight,ArrowRight,ArrowRight,ArrowRight,ArrowRight,ArrowRight,ArrowRight,ArrowRight,ArrowRight,ArrowRight,ArrowRight,ArrowLeft,ArrowRight,ArrowRight,ArrowRight,ArrowLeft,ArrowRight,ArrowRight,ArrowRight,ArrowRight,ArrowRight,ArrowRight,ArrowRight,ArrowRight,ArrowRight,ArrowRight,ArrowRight,ArrowRight,ArrowRight,ArrowRight,ArrowRight,ArrowRight,ArrowRight,ArrowRight,ArrowRight,ArrowRight,ArrowRight,ArrowRight,Deciding which posts I might share,,5,6,5,7,3,5,5,2,3,6,5,7,4,7,3,5,2,2,5,4,2,2,5,6,3,5,5,6,4,4,2,5,2,4,2,5,3,1,2,1,4,6,4,3,2,5,2,2,4,3,7,7,5,7,5,6,3,1,3,2,3,1,3,1,2,1,6,7,5,7,5,7,2,5,2,5,2,5,2,5,6,3,5,3,2,3,5,3,4,3,5,3,6,3,4,3,3,5,6,6,3,2,2,3,3,5,3,6,5,2,4,5,3,1,6,2,3,2,4,1,6,2,5,3,5,7,4,5,2,4,5,2,2,5,2,5,2,4,5,5,2,1,5,6,2,2,6,2,5,7,5,5,4,2,6,4,2,3,2,1,2,2,3,4,4,3,4,3,4,3,5,3,4,2,3,5
b1e9f481-26ea-430f-9e0d-333c760426c7,07a956c1-97f1-4ab3-a352-eb8fedaf54e2,2026-09-22 14:30:22,2026-09-22 14:45:20,898,Completed,Desktop,en-US,6736ae15788d71c1c21d0398,33,female,Other,reddit,ArrowRight,ArrowRight,ArrowRight,ArrowRight,ArrowRight,ArrowRight,ArrowRight,ArrowRight,ArrowRight,ArrowRight,ArrowRight,ArrowLeft,ArrowRight,ArrowRight,ArrowRight,ArrowRight,ArrowRight,ArrowRight,ArrowRight,ArrowRight,ArrowRight,ArrowRight,ArrowRight,ArrowRight,ArrowLeft,ArrowRight,ArrowRight,ArrowRight,ArrowRight,ArrowRight,ArrowRight,ArrowRight,ArrowRight,ArrowRight,ArrowRight,ArrowRight,ArrowRight,ArrowRight,ArrowRight,ArrowRight,ArrowRight,ArrowRight,ArrowRight,ArrowRight,ArrowRight,ArrowLeft,ArrowRight,ArrowRight,ArrowRight,ArrowRight,ArrowRight,ArrowRight,ArrowRight,ArrowRight,ArrowLeft,ArrowRight,ArrowLeft,ArrowRight,ArrowRight,ArrowRight,ArrowLeft,ArrowRight,ArrowRight,ArrowRight,ArrowRight,ArrowLeft,ArrowRight,ArrowRight,ArrowRight,ArrowRight,ArrowRight,ArrowRight,ArrowRight,ArrowRight,ArrowRight,ArrowRight,ArrowRight,ArrowRight,ArrowRight,ArrowRight,ArrowRight,ArrowRight,ArrowRight,ArrowRight,ArrowRight,ArrowRight,ArrowRight,ArrowRight,,,,,,,,,,,,,,,,,,,,,,,,,,,,,,,,,,,,,,,,,,,,,,,,,,,,,,,,,,,,,,,,,,,,,,,,,,,,,,,,,,,,,,,,,Learning about the views people hold on these issues,,4,4,1,1,1,1,4,4,1,1,1,1,4,4,1,1,4,4,5,5,4,4,5,5,4,4,4,4,4,4,4,4,1,1,1,2,4,4,4,4,4,4,1,1,4,4,4,4,4,4,5,5,4,4,6,6,5,3,7,7,7,7,4,4,1,1,4,4,4,4,1,1,1,1,1,1,4,4,1,1,4,4,4,4,5,6,6,6,4,4,4,4,7,7,5,5,4,4,4,4,4,4,4,4,4,4,3,3,4,4,4,4,4,4,4,4,4,4,4,4,4,4,5,5,1,1,1,1,4,4,5,5,4,4,4,4,1,1,2,2,4,4,1,2,4,4,7,7,1,1,4,4,7,6,4,4,1,1,6,6,1,1,2,2,7,7,7,7,7,7,7,6,4,4,1,1
7edd17db-5a38-4dcc-bf2f-ff27fe6fa142,8feb7a89-750c-493f-86ac-ff65e7162699,2026-09-22 14:31:41,,,In progress,Desktop,en-US,5e0b388b15ef4037cebdecc9,54,male,X (formerly Twitter),,,,,,,,,,,,,,,,,,,,,,,,,,,,,,,,,,,,,,,,,,,,,,,,,,,,,,,,,,,,,,,,,,,,,,,,,,,,,,,,,,,,,,,,,,,,,,,,,,,,,,,,,,,,,,,,,,,,,,,,,,,,,,,,,,,,,,,,,,,,,,,,,,,,,,,,,,,,,,,,,,,,,,,,,,,,,,,,,,,,,,,,,,,,,,,,,,,,,,,,,,,,,,,,,,,,,,,,,,,,,,,,,,,,,,,,,,,,,,,,,,,,,,,,,,,,,,,,,,,,,,,,,,,,,,,,,,,,,,,,,,,,,,,,,,,,,,,,,,,,,,,,,,,,,,,,,,,,,,,,,,,,,,,,,,,,,,,,,,,,,,,,,,,,,,,,,,,
9590fa91-ca9f-4c15-9f9f-4e636ba8ad3e,bd542fd6-f9d1-44e8-8d0e-9b7e65374cae,2026-09-22 14:32:50,,,In progress,Desktop,en-US,6266e63b82fa38e800e33a24,,,,,,,,,,,,,,,,,,,,,,,,,,,,,,,,,,,,,,,,,,,,,,,,,,,,,,,,,,,,,,,,,,,,,,,,,,,,,,,,,,,,,,,,,,,,,,,,,,,,,,,,,,,,,,,,,,,,,,,,,,,,,,,,,,,,,,,,,,,,,,,,,,,,,,,,,,,,,,,,,,,,,,,,,,,,,,,,,,,,,,,,,,,,,,,,,,,,,,,,,,,,,,,,,,,,,,,,,,,,,,,,,,,,,,,,,,,,,,,,,,,,,,,,,,,,,,,,,,,,,,,,,,,,,,,,,,,,,,,,,,,,,,,,,,,,,,,,,,,,,,,,,,,,,,,,,,,,,,,,,,,,,,,,,,,,,,,,,,,,,,,,,,,,,,,,,,,,,,
9f2a4e9b-6684-4b1c-ac49-f0d37ca40b55,b747c78a-afec-48d5-aedb-6aee116e5941,2026-09-22 14:33:58,,,In progress,Desktop,en-US,69e7aaee50150eaefe5f6f1e,,,,,,,,,,,,,,,,,,,,,,,,,,,,,,,,,,,,,,,,,,,,,,,,,,,,,,,,,,,,,,,,,,,,,,,,,,,,,,,,,,,,,,,,,,,,,,,,,,,,,,,,,,,,,,,,,,,,,,,,,,,,,,,,,,,,,,,,,,,,,,,,,,,,,,,,,,,,,,,,,,,,,,,,,,,,,,,,,,,,,,,,,,,,,,,,,,,,,,,,,,,,,,,,,,,,,,,,,,,,,,,,,,,,,,,,,,,,,,,,,,,,,,,,,,,,,,,,,,,,,,,,,,,,,,,,,,,,,,,,,,,,,,,,,,,,,,,,,,,,,,,,,,,,,,,,,,,,,,,,,,,,,,,,,,,,,,,,,,,,,,,,,,,,,,,,,,,,,,
9120b5ef-51db-4313-aa88-c2c5d8173d84,6798f2d3-cf45-4e7f-81bf-652840fdb2b8,2026-09-22 14:36:01,2026-09-22 14:57:31,1290,Completed,Desktop,en-US,67acff5fc3860389b0c4dc25,31,Female,Facebook,,,,,,,,,,,,,,,,,,,,,,,,,,,,,,,,,,,,,,,,,,,,,,,,,,,,,,,,,,,,,,,,,,,,,,,,,,,,,,,,,,,,,,,,,,ArrowRight,ArrowRight,ArrowRight,ArrowRight,ArrowRight,ArrowRight,ArrowRight,ArrowRight,ArrowRight,ArrowRight,ArrowRight,ArrowRight,ArrowRight,ArrowRight,ArrowRight,ArrowRight,ArrowRight,ArrowRight,ArrowRight,ArrowRight,ArrowRight,ArrowRight,ArrowRight,ArrowRight,ArrowRight,ArrowRight,ArrowRight,ArrowRight,ArrowRight,ArrowRight,ArrowRight,ArrowRight,ArrowRight,ArrowRight,ArrowRight,ArrowRight,ArrowRight,ArrowRight,ArrowRight,ArrowRight,ArrowRight,ArrowRight,ArrowRight,ArrowRight,ArrowRight,ArrowRight,ArrowRight,ArrowRight,ArrowRight,ArrowRight,ArrowRight,ArrowRight,ArrowRight,ArrowRight,ArrowRight,ArrowRight,ArrowRight,ArrowRight,ArrowRight,ArrowRight,ArrowRight,ArrowRight,ArrowRight,ArrowRight,ArrowRight,ArrowRight,ArrowRight,ArrowRight,ArrowRight,ArrowRight,ArrowLeft,ArrowRight,ArrowRight,ArrowRight,ArrowRight,ArrowRight,ArrowRight,ArrowRight,ArrowRight,ArrowRight,ArrowRight,ArrowRight,ArrowRight,ArrowLeft,ArrowRight,ArrowRight,ArrowRight,ArrowRight,Deciding which posts I might share,,1,1,1,1,1,1,5,5,2,2,1,1,1,1,1,1,1,1,5,5,1,1,4,4,2,2,3,3,4,4,4,4,3,3,5,5,7,7,7,7,4,4,2,2,4,4,3,3,7,7,7,7,2,2,7,7,2,2,6,6,1,1,5,5,3,3,4,4,5,5,5,5,5,5,6,6,6,6,6,6,1,2,2,2,3,3,3,3,4,4,4,4,4,4,1,1,5,5,6,6,5,5,4,4,6,6,7,7,4,4,4,4,1,1,1,1,1,1,2,2,4,4,4,4,1,1,1,1,4,4,4,4,6,6,4,4,4,4,4,4,5,5,5,5,5,5,6,6,1,1,1,1,3,3,5,5,2,3,2,2,5,5,4,4,4,4,7,7,2,2,7,7,7,7,6,6
4fc724e5-f818-43bb-b7bc-75838f9aa598,c2a9f1ff-64e5-4d18-9d0d-4348dd424719,2026-09-22 14:36:46,,,In progress,Desktop,en-GB,674cfe556977289d1602af5e,,,,,,,,,,,,,,,,,,,,,,,,,,,,,,,,,,,,,,,,,,,,,,,,,,,,,,,,,,,,,,,,,,,,,,,,,,,,,,,,,,,,,,,,,,,,,,,,,,,,,,,,,,,,,,,,,,,,,,,,,,,,,,,,,,,,,,,,,,,,,,,,,,,,,,,,,,,,,,,,,,,,,,,,,,,,,,,,,,,,,,,,,,,,,,,,,,,,,,,,,,,,,,,,,,,,,,,,,,,,,,,,,,,,,,,,,,,,,,,,,,,,,,,,,,,,,,,,,,,,,,,,,,,,,,,,,,,,,,,,,,,,,,,,,,,,,,,,,,,,,,,,,,,,,,,,,,,,,,,,,,,,,,,,,,,,,,,,,,,,,,,,,,,,,,,,,,,,,,
10343f4b-3be8-43c4-8cac-23a1e9bf8b91,166a2cdd-78c3-4311-96ad-65da2b8a1011,2026-09-22 14:37:38,2026-09-22 15:23:52,2773,Completed,Tablet,en-US,6a1c5f876f038dc9749a46a4,19,Female,Instagram,,ArrowRight,ArrowRight,ArrowRight,ArrowRight,ArrowRight,ArrowRight,ArrowRight,ArrowRight,ArrowRight,ArrowLeft,ArrowRight,ArrowLeft,ArrowRight,ArrowRight,ArrowLeft,ArrowLeft,ArrowRight,ArrowRight,ArrowRight,ArrowLeft,ArrowRight,ArrowRight,ArrowRight,ArrowRight,ArrowLeft,ArrowLeft,ArrowRight,ArrowLeft,ArrowRight,ArrowLeft,ArrowRight,ArrowLeft,ArrowLeft,ArrowRight,ArrowRight,ArrowRight,ArrowRight,ArrowRight,ArrowLeft,ArrowLeft,ArrowRight,ArrowRight,ArrowRight,ArrowRight,ArrowLeft,ArrowLeft,ArrowLeft,ArrowRight,ArrowRight,ArrowLeft,ArrowLeft,ArrowRight,ArrowLeft,ArrowRight,ArrowLeft,ArrowRight,ArrowRight,ArrowRight,ArrowRight,ArrowRight,ArrowLeft,ArrowLeft,ArrowRight,ArrowRight,ArrowRight,ArrowRight,ArrowRight,ArrowLeft,ArrowLeft,ArrowRight,ArrowLeft,ArrowLeft,ArrowLeft,ArrowLeft,ArrowLeft,ArrowRight,ArrowRight,ArrowLeft,ArrowRight,ArrowLeft,ArrowRight,ArrowLeft,ArrowRight,ArrowRight,ArrowLeft,ArrowLeft,ArrowLeft,ArrowRight,,,,,,,,,,,,,,,,,,,,,,,,,,,,,,,,,,,,,,,,,,,,,,,,,,,,,,,,,,,,,,,,,,,,,,,,,,,,,,,,,,,,,,,,,Learning about the views people hold on these issues,,1,2,2,3,2,2,3,3,1,4,1,2,2,2,2,2,6,6,5,5,5,5,6,5,1,4,3,3,6,6,6,5,2,2,2,2,6,6,5,4,2,2,2,3,6,5,3,4,4,5,6,6,4,4,6,6,4,4,6,5,6,5,6,6,5,4,3,3,5,5,2,3,2,2,2,2,6,5,6,5,5,5,2,2,6,5,5,4,5,5,6,6,6,5,5,4,2,2,6,5,6,6,6,6,6,6,5,5,7,6,4,4,4,4,4,4,4,4,5,5,6,6,6,6,2,2,2,2,2,2,2,2,2,2,6,6,4,4,6,6,6,6,6,6,6,6,6,6,2,3,2,4,6,6,6,6,6,5,6,6,2,2,5,4,6,4,6,4,7,4,2,2,6,6,2,2
0f77fd4d-a422-4fa8-ad7a-bdaafac16e69,9b424517-a5b3-447a-a901-dc56b1cbf2ce,2026-09-22 14:39:06,,,In progress,Desktop,en-US,677edaedc51fc8db791a009d,,,,,,,,,,,,,,,,,,,,,,,,,,,,,,,,,,,,,,,,,,,,,,,,,,,,,,,,,,,,,,,,,,,,,,,,,,,,,,,,,,,,,,,,,,,,,,,,,,,,,,,,,,,,,,,,,,,,,,,,,,,,,,,,,,,,,,,,,,,,,,,,,,,,,,,,,,,,,,,,,,,,,,,,,,,,,,,,,,,,,,,,,,,,,,,,,,,,,,,,,,,,,,,,,,,,,,,,,,,,,,,,,,,,,,,,,,,,,,,,,,,,,,,,,,,,,,,,,,,,,,,,,,,,,,,,,,,,,,,,,,,,,,,,,,,,,,,,,,,,,,,,,,,,,,,,,,,,,,,,,,,,,,,,,,,,,,,,,,,,,,,,,,,,,,,,,,,,,,
d578d83e-418b-4ce3-b21c-863a85ebdce9,e04a4e00-329a-4da5-917b-de43e251e510,2026-09-22 14:39:24,,,In progress,Desktop,en-US,69d3d79230287655a5fe6adf,,,,,,,,,,,,,,,,,,,,,,,,,,,,,,,,,,,,,,,,,,,,,,,,,,,,,,,,,,,,,,,,,,,,,,,,,,,,,,,,,,,,,,,,,,,,,,,,,,,,,,,,,,,,,,,,,,,,,,,,,,,,,,,,,,,,,,,,,,,,,,,,,,,,,,,,,,,,,,,,,,,,,,,,,,,,,,,,,,,,,,,,,,,,,,,,,,,,,,,,,,,,,,,,,,,,,,,,,,,,,,,,,,,,,,,,,,,,,,,,,,,,,,,,,,,,,,,,,,,,,,,,,,,,,,,,,,,,,,,,,,,,,,,,,,,,,,,,,,,,,,,,,,,,,,,,,,,,,,,,,,,,,,,,,,,,,,,,,,,,,,,,,,,,,,,,,,,,,,
e39a5cdf-e0df-409e-9ddf-9310351bbfc4,0d0ddfa1-1f87-47d6-a32b-3aa3c01b8748,2026-09-22 14:39:56,,,In progress,Desktop,en-US,672bf480b98fd6d326fd1f69,,,,,,,,,,,,,,,,,,,,,,,,,,,,,,,,,,,,,,,,,,,,,,,,,,,,,,,,,,,,,,,,,,,,,,,,,,,,,,,,,,,,,,,,,,,,,,,,,,,,,,,,,,,,,,,,,,,,,,,,,,,,,,,,,,,,,,,,,,,,,,,,,,,,,,,,,,,,,,,,,,,,,,,,,,,,,,,,,,,,,,,,,,,,,,,,,,,,,,,,,,,,,,,,,,,,,,,,,,,,,,,,,,,,,,,,,,,,,,,,,,,,,,,,,,,,,,,,,,,,,,,,,,,,,,,,,,,,,,,,,,,,,,,,,,,,,,,,,,,,,,,,,,,,,,,,,,,,,,,,,,,,,,,,,,,,,,,,,,,,,,,,,,,,,,,,,,,,,,
25831155-e556-4eff-828c-7a8ead326896,04558eb1-8c29-4820-be89-54a5268e32cc,2026-09-22 14:40:02,,,In progress,Desktop,en-US,,,,,,,,,,,,,,,,,,,,,,,,,,,,,,,,,,,,,,,,,,,,,,,,,,,,,,,,,,,,,,,,,,,,,,,,,,,,,,,,,,,,,,,,,,,,,,,,,,,,,,,,,,,,,,,,,,,,,,,,,,,,,,,,,,,,,,,,,,,,,,,,,,,,,,,,,,,,,,,,,,,,,,,,,,,,,,,,,,,,,,,,,,,,,,,,,,,,,,,,,,,,,,,,,,,,,,,,,,,,,,,,,,,,,,,,,,,,,,,,,,,,,,,,,,,,,,,,,,,,,,,,,,,,,,,,,,,,,,,,,,,,,,,,,,,,,,,,,,,,,,,,,,,,,,,,,,,,,,,,,,,,,,,,,,,,,,,,,,,,,,,,,,,,,,,,,,,,,,,
a0c6a8f4-aabe-49ef-baff-e75b38988044,c7894698-74ad-4ce7-8450-44cf81d59e02,2026-09-22 14:40:51,2026-09-22 15:21:21,2430,Completed,Desktop,en-US,69f0ee2e82d751d11241868e,34,female,Facebook,,ArrowRight,ArrowRight,ArrowRight,ArrowRight,ArrowRight,ArrowRight,ArrowRight,ArrowRight,ArrowRight,ArrowRight,ArrowRight,ArrowLeft,ArrowRight,ArrowRight,ArrowRight,ArrowRight,ArrowRight,ArrowRight,ArrowLeft,ArrowRight,ArrowRight,ArrowLeft,ArrowRight,ArrowRight,ArrowRight,ArrowRight,ArrowRight,ArrowRight,ArrowLeft,ArrowLeft,ArrowLeft,ArrowLeft,ArrowRight,ArrowRight,ArrowRight,ArrowRight,ArrowRight,ArrowRight,ArrowRight,ArrowRight,ArrowRight,ArrowLeft,ArrowLeft,ArrowRight,ArrowLeft,ArrowRight,ArrowLeft,ArrowLeft,ArrowRight,ArrowRight,ArrowRight,ArrowRight,ArrowRight,ArrowRight,ArrowRight,ArrowRight,ArrowLeft,ArrowRight,ArrowRight,ArrowLeft,ArrowLeft,ArrowRight,ArrowRight,ArrowRight,ArrowRight,ArrowRight,ArrowLeft,ArrowLeft,ArrowLeft,ArrowRight,ArrowLeft,ArrowLeft,ArrowRight,ArrowRight,ArrowLeft,ArrowRight,ArrowRight,ArrowLeft,ArrowRight,ArrowRight,ArrowRight,ArrowRight,ArrowLeft,ArrowRight,ArrowLeft,ArrowLeft,ArrowLeft,ArrowRight,,,,,,,,,,,,,,,,,,,,,,,,,,,,,,,,,,,,,,,,,,,,,,,,,,,,,,,,,,,,,,,,,,,,,,,,,,,,,,,,,,,,,,,,,Something else (please describe),Deciding if I would or would not follow a person based on the post shown,1,1,2,3,1,2,4,4,1,2,1,1,2,2,1,2,2,3,5,7,5,6,5,6,3,3,5,4,2,3,4,5,2,4,2,4,7,6,1,2,3,4,5,4,6,6,4,4,2,2,2,2,2,1,6,6,6,5,6,6,7,5,6,6,2,3,2,2,3,3,1,2,1,1,1,1,1,1,1,1,4,4,6,4,6,5,6,7,6,4,6,6,7,6,6,6,2,2,2,2,4,4,2,2,4,5,2,2,7,6,2,3,5,6,4,4,6,7,7,6,6,4,6,5,1,1,1,1,6,6,4,4,1,1,2,2,5,4,6,4,7,7,7,5,7,7,7,7,1,1,1,2,5,4,6,6,3,3,5,4,1,2,4,4,6,6,6,6,6,6,7,7,7,6,6,7
2737258f-68b3-48d4-be67-5cd231542555,42572293-e196-4b8e-86f6-18461ed7c737,2026-09-22 14:41:47,,,In progress,Desktop,en-US,672bf480b98fd6d326fd1f69,,,,,,,,,,,,,,,,,,,,,,,,,,,,,,,,,,,,,,,,,,,,,,,,,,,,,,,,,,,,,,,,,,,,,,,,,,,,,,,,,,,,,,,,,,,,,,,,,,,,,,,,,,,,,,,,,,,,,,,,,,,,,,,,,,,,,,,,,,,,,,,,,,,,,,,,,,,,,,,,,,,,,,,,,,,,,,,,,,,,,,,,,,,,,,,,,,,,,,,,,,,,,,,,,,,,,,,,,,,,,,,,,,,,,,,,,,,,,,,,,,,,,,,,,,,,,,,,,,,,,,,,,,,,,,,,,,,,,,,,,,,,,,,,,,,,,,,,,,,,,,,,,,,,,,,,,,,,,,,,,,,,,,,,,,,,,,,,,,,,,,,,,,,,,,,,,,,,,,
68b769d3-1a2d-42e7-ae3b-b732befc385d,1d105eba-bcf9-4d29-8583-c0bc1311c094,2026-09-22 14:42:42,,,In progress,Desktop,en-US,6a0727202b6c6c3d4a5a1a92,,,,,,,,,,,,,,,,,,,,,,,,,,,,,,,,,,,,,,,,,,,,,,,,,,,,,,,,,,,,,,,,,,,,,,,,,,,,,,,,,,,,,,,,,,,,,,,,,,,,,,,,,,,,,,,,,,,,,,,,,,,,,,,,,,,,,,,,,,,,,,,,,,,,,,,,,,,,,,,,,,,,,,,,,,,,,,,,,,,,,,,,,,,,,,,,,,,,,,,,,,,,,,,,,,,,,,,,,,,,,,,,,,,,,,,,,,,,,,,,,,,,,,,,,,,,,,,,,,,,,,,,,,,,,,,,,,,,,,,,,,,,,,,,,,,,,,,,,,,,,,,,,,,,,,,,,,,,,,,,,,,,,,,,,,,,,,,,,,,,,,,,,,,,,,,,,,,,,,
9c06b1e5-0b4b-46a9-aa30-e9125a0f5408,60beae2c-2dcf-46f8-912d-16b92f749360,2026-09-22 14:44:40,,,In progress,Mobile,en-US,69a5502063d9550c24709a9d,,,,,,,,,,,,,,,,,,,,,,,,,,,,,,,,,,,,,,,,,,,,,,,,,,,,,,,,,,,,,,,,,,,,,,,,,,,,,,,,,,,,,,,,,,,,,,,,,,,,,,,,,,,,,,,,,,,,,,,,,,,,,,,,,,,,,,,,,,,,,,,,,,,,,,,,,,,,,,,,,,,,,,,,,,,,,,,,,,,,,,,,,,,,,,,,,,,,,,,,,,,,,,,,,,,,,,,,,,,,,,,,,,,,,,,,,,,,,,,,,,,,,,,,,,,,,,,,,,,,,,,,,,,,,,,,,,,,,,,,,,,,,,,,,,,,,,,,,,,,,,,,,,,,,,,,,,,,,,,,,,,,,,,,,,,,,,,,,,,,,,,,,,,,,,,,,,,,,,
a0685949-6f4c-47ef-9c38-9a3aade737e4,388b0fe5-9af2-4749-9219-7e94e594a78e,2026-09-22 14:47:19,2026-09-22 15:12:20,1500,Completed,Desktop,en-US,6a21a96156cd4626baa165e9,31,Female,Other,"tiktok, youtube",ArrowRight,ArrowRight,ArrowRight,ArrowRight,ArrowRight,ArrowRight,ArrowRight,ArrowRight,ArrowRight,ArrowLeft,ArrowLeft,ArrowRight,ArrowRight,ArrowRight,ArrowRight,ArrowRight,ArrowRight,ArrowRight,ArrowLeft,ArrowLeft,ArrowLeft,ArrowLeft,ArrowLeft,ArrowLeft,ArrowRight,ArrowRight,ArrowRight,ArrowRight,ArrowLeft,ArrowLeft,ArrowLeft,ArrowLeft,ArrowRight,ArrowRight,ArrowRight,ArrowRight,ArrowRight,ArrowRight,ArrowRight,ArrowRight,ArrowRight,ArrowLeft,ArrowLeft,ArrowLeft,ArrowLeft,ArrowLeft,ArrowLeft,ArrowRight,ArrowRight,ArrowRight,ArrowRight,ArrowRight,ArrowRight,ArrowRight,ArrowRight,ArrowRight,ArrowLeft,ArrowLeft,ArrowLeft,ArrowLeft,ArrowLeft,ArrowLeft,ArrowRight,ArrowRight,ArrowRight,ArrowRight,ArrowRight,ArrowRight,ArrowLeft,ArrowLeft,ArrowLeft,ArrowLeft,ArrowLeft,ArrowLeft,ArrowLeft,ArrowRight,ArrowRight,ArrowLeft,ArrowLeft,ArrowRight,ArrowRight,ArrowRight,ArrowLeft,ArrowLeft,ArrowRight,ArrowLeft,ArrowLeft,ArrowLeft,,,,,,,,,,,,,,,,,,,,,,,,,,,,,,,,,,,,,,,,,,,,,,,,,,,,,,,,,,,,,,,,,,,,,,,,,,,,,,,,,,,,,,,,,Learning about the views people hold on these issues,,1,1,1,1,1,1,5,5,1,1,1,1,1,1,1,1,7,7,7,7,6,6,7,7,1,1,2,2,4,5,4,4,1,1,1,1,7,7,7,7,6,6,7,7,7,7,7,6,1,1,1,1,1,1,4,4,6,6,7,7,6,6,7,7,1,1,1,1,1,1,1,1,1,1,1,1,1,1,1,1,7,7,7,7,7,7,7,7,7,7,7,7,7,7,6,6,1,1,5,5,3,3,3,3,1,1,1,1,6,6,2,3,7,7,6,6,7,7,7,7,7,7,7,6,1,1,1,1,2,2,2,2,1,1,4,4,7,7,7,7,7,7,7,7,7,7,7,7,1,1,1,1,7,7,7,7,7,7,7,7,1,1,4,4,7,6,7,7,7,7,7,7,7,7,7,7
fb9600bb-0f19-4f98-a79c-51c0236be5a2,674ac019-d239-4aea-8eca-28acb62504c7,2026-09-22 14:49:30,,,In progress,Desktop,en-US,6a017641b230b0119fc99a17,,,,,,,,,,,,,,,,,,,,,,,,,,,,,,,,,,,,,,,,,,,,,,,,,,,,,,,,,,,,,,,,,,,,,,,,,,,,,,,,,,,,,,,,,,,,,,,,,,,,,,,,,,,,,,,,,,,,,,,,,,,,,,,,,,,,,,,,,,,,,,,,,,,,,,,,,,,,,,,,,,,,,,,,,,,,,,,,,,,,,,,,,,,,,,,,,,,,,,,,,,,,,,,,,,,,,,,,,,,,,,,,,,,,,,,,,,,,,,,,,,,,,,,,,,,,,,,,,,,,,,,,,,,,,,,,,,,,,,,,,,,,,,,,,,,,,,,,,,,,,,,,,,,,,,,,,,,,,,,,,,,,,,,,,,,,,,,,,,,,,,,,,,,,,,,,,,,,,,
cbf89348-591e-4dd0-896e-cd06210944e4,68102f2a-c725-48c0-b952-953ab45bfa6f,2026-09-22 14:57:38,,,In progress,Desktop,en-US,69c2fa4d2172f64b441e726d,,,,,,,,,,,,,,,,,,,,,,,,,,,,,,,,,,,,,,,,,,,,,,,,,,,,,,,,,,,,,,,,,,,,,,,,,,,,,,,,,,,,,,,,,,,,,,,,,,,,,,,,,,,,,,,,,,,,,,,,,,,,,,,,,,,,,,,,,,,,,,,,,,,,,,,,,,,,,,,,,,,,,,,,,,,,,,,,,,,,,,,,,,,,,,,,,,,,,,,,,,,,,,,,,,,,,,,,,,,,,,,,,,,,,,,,,,,,,,,,,,,,,,,,,,,,,,,,,,,,,,,,,,,,,,,,,,,,,,,,,,,,,,,,,,,,,,,,,,,,,,,,,,,,,,,,,,,,,,,,,,,,,,,,,,,,,,,,,,,,,,,,,,,,,,,,,,,,,,
e08cd18d-dec6-4253-9510-c9dec01548b0,13afb89b-dec7-4c54-a578-dcb796dde3e6,2026-09-22 14:58:11,,,In progress,Desktop,en-US,69ef856b5320c736988cd6bf,,,,,,,,,,,,,,,,,,,,,,,,,,,,,,,,,,,,,,,,,,,,,,,,,,,,,,,,,,,,,,,,,,,,,,,,,,,,,,,,,,,,,,,,,,,,,,,,,,,,,,,,,,,,,,,,,,,,,,,,,,,,,,,,,,,,,,,,,,,,,,,,,,,,,,,,,,,,,,,,,,,,,,,,,,,,,,,,,,,,,,,,,,,,,,,,,,,,,,,,,,,,,,,,,,,,,,,,,,,,,,,,,,,,,,,,,,,,,,,,,,,,,,,,,,,,,,,,,,,,,,,,,,,,,,,,,,,,,,,,,,,,,,,,,,,,,,,,,,,,,,,,,,,,,,,,,,,,,,,,,,,,,,,,,,,,,,,,,,,,,,,,,,,,,,,,,,,,,,
e9dd3596-43d3-473f-9104-c927653deb36,1ef8f4b7-0ea9-49cc-a94d-167ced8236d5,2026-09-22 15:04:13,,,In progress,Desktop,en-US,,,,,,,,,,,,,,,,,,,,,,,,,,,,,,,,,,,,,,,,,,,,,,,,,,,,,,,,,,,,,,,,,,,,,,,,,,,,,,,,,,,,,,,,,,,,,,,,,,,,,,,,,,,,,,,,,,,,,,,,,,,,,,,,,,,,,,,,,,,,,,,,,,,,,,,,,,,,,,,,,,,,,,,,,,,,,,,,,,,,,,,,,,,,,,,,,,,,,,,,,,,,,,,,,,,,,,,,,,,,,,,,,,,,,,,,,,,,,,,,,,,,,,,,,,,,,,,,,,,,,,,,,,,,,,,,,,,,,,,,,,,,,,,,,,,,,,,,,,,,,,,,,,,,,,,,,,,,,,,,,,,,,,,,,,,,,,,,,,,,,,,,,,,,,,,,,,,,,,,
ce0969dd-f3f0-4cb4-9092-d7cced16c62f,481643da-c127-4bf4-b6b4-bfc621aa24c3,2026-09-22 15:04:35,2026-09-22 15:31:14,1599,Completed,Desktop,en-US,69dd2584febfa863c3c489b3,20,female,Instagram,,,,,,,,,,,,,,,,,,,,,,,,,,,,,,,,,,,,,,,,,,,,,,,,,,,,,,,,,,,,,,,,,,,,,,,,,,,,,,,,,,,,,,,,,,ArrowRight,ArrowRight,ArrowRight,ArrowRight,ArrowRight,ArrowRight,ArrowRight,ArrowRight,ArrowRight,ArrowRight,ArrowRight,ArrowRight,ArrowRight,ArrowRight,ArrowRight,ArrowRight,ArrowRight,ArrowRight,ArrowRight,ArrowRight,ArrowRight,ArrowRight,ArrowRight,ArrowRight,ArrowRight,ArrowRight,ArrowRight,ArrowRight,ArrowLeft,ArrowLeft,ArrowLeft,ArrowLeft,ArrowRight,ArrowRight,ArrowRight,ArrowRight,ArrowRight,ArrowRight,ArrowRight,ArrowRight,ArrowRight,ArrowLeft,ArrowRight,ArrowRight,ArrowRight,ArrowRight,ArrowRight,ArrowRight,ArrowRight,ArrowRight,ArrowRight,ArrowRight,ArrowRight,ArrowRight,ArrowRight,ArrowRight,ArrowRight,ArrowRight,ArrowRight,ArrowRight,ArrowRight,ArrowRight,ArrowRight,ArrowRight,ArrowRight,ArrowRight,ArrowRight,ArrowRight,ArrowRight,ArrowLeft,ArrowRight,ArrowRight,ArrowRight,ArrowRight,ArrowRight,ArrowRight,ArrowRight,ArrowRight,ArrowRight,ArrowLeft,ArrowRight,ArrowRight,ArrowRight,ArrowRight,ArrowLeft,ArrowLeft,ArrowRight,ArrowRight,Learning about the views people hold on these issues,,1,1,1,1,4,4,4,4,1,1,1,1,4,4,1,1,3,3,6,6,4,4,4,4,2,2,4,4,3,3,4,4,1,1,1,1,4,4,4,4,4,4,4,4,4,4,4,4,4,4,3,3,3,3,3,3,6,6,6,6,5,5,4,4,4,4,4,4,4,4,4,4,1,1,4,4,2,2,1,1,4,4,7,7,1,1,6,6,4,4,6,6,4,4,4,4,4,4,4,4,4,4,4,4,3,3,4,4,4,4,4,4,4,4,4,4,4,4,6,6,4,4,4,4,3,3,4,4,4,4,1,1,4,4,4,4,4,4,4,4,4,4,5,5,4,4,5,5,4,4,4,4,4,4,6,6,4,4,6,6,1,1,4,4,4,4,4,4,5,5,7,7,4,4,4,4
69c19ef4-570e-430f-8945-acbf98f1f0d8,9d06b5bc-82d9-476c-969f-73b72ddb5443,2026-09-22 15:16:14,,,In progress,Mobile,en-US,69ca9a47c5da3fd661029518,,,,,,,,,,,,,,,,,,,,,,,,,,,,,,,,,,,,,,,,,,,,,,,,,,,,,,,,,,,,,,,,,,,,,,,,,,,,,,,,,,,,,,,,,,,,,,,,,,,,,,,,,,,,,,,,,,,,,,,,,,,,,,,,,,,,,,,,,,,,,,,,,,,,,,,,,,,,,,,,,,,,,,,,,,,,,,,,,,,,,,,,,,,,,,,,,,,,,,,,,,,,,,,,,,,,,,,,,,,,,,,,,,,,,,,,,,,,,,,,,,,,,,,,,,,,,,,,,,,,,,,,,,,,,,,,,,,,,,,,,,,,,,,,,,,,,,,,,,,,,,,,,,,,,,,,,,,,,,,,,,,,,,,,,,,,,,,,,,,,,,,,,,,,,,,,,,,,,,
d58105ac-d515-4391-a236-d3b34943ac3d,151adf78-e97c-4b66-aa36-109048b14c94,2026-09-22 15:18:20,,,In progress,Desktop,en-US,6a063282e995fc5434baa1ea,,,,,,,,,,,,,,,,,,,,,,,,,,,,,,,,,,,,,,,,,,,,,,,,,,,,,,,,,,,,,,,,,,,,,,,,,,,,,,,,,,,,,,,,,,,,,,,,,,,,,,,,,,,,,,,,,,,,,,,,,,,,,,,,,,,,,,,,,,,,,,,,,,,,,,,,,,,,,,,,,,,,,,,,,,,,,,,,,,,,,,,,,,,,,,,,,,,,,,,,,,,,,,,,,,,,,,,,,,,,,,,,,,,,,,,,,,,,,,,,,,,,,,,,,,,,,,,,,,,,,,,,,,,,,,,,,,,,,,,,,,,,,,,,,,,,,,,,,,,,,,,,,,,,,,,,,,,,,,,,,,,,,,,,,,,,,,,,,,,,,,,,,,,,,,,,,,,,,,
93f8330d-58eb-4d60-98f9-534f9eb975a8,c73c427b-1957-4363-81bd-32c7a46318f7,2026-09-22 15:21:37,2026-09-22 15:49:29,1672,Completed,Desktop,en-US,65f886037fc6f6212c9c41b1,53,Female,Facebook,,ArrowRight,ArrowRight,ArrowRight,ArrowRight,ArrowRight,ArrowRight,ArrowRight,ArrowRight,ArrowRight,ArrowRight,ArrowRight,ArrowRight,ArrowRight,ArrowRight,ArrowRight,ArrowRight,ArrowRight,ArrowRight,ArrowRight,ArrowRight,ArrowRight,ArrowRight,ArrowRight,ArrowRight,ArrowRight,ArrowRight,ArrowRight,ArrowRight,ArrowRight,ArrowRight,ArrowRight,ArrowRight,ArrowRight,ArrowLeft,ArrowRight,ArrowRight,ArrowRight,ArrowRight,ArrowRight,ArrowRight,ArrowRight,ArrowRight,ArrowRight,ArrowRight,ArrowRight,ArrowRight,ArrowRight,ArrowRight,ArrowLeft,ArrowRight,ArrowRight,ArrowRight,ArrowRight,ArrowRight,ArrowRight,ArrowRight,ArrowRight,ArrowRight,ArrowRight,ArrowRight,ArrowRight,ArrowRight,ArrowRight,ArrowRight,ArrowRight,ArrowRight,ArrowRight,ArrowRight,ArrowRight,ArrowRight,ArrowRight,ArrowRight,ArrowRight,ArrowRight,ArrowRight,ArrowRight,ArrowRight,ArrowRight,ArrowRight,ArrowRight,ArrowRight,ArrowRight,ArrowRight,ArrowRight,ArrowRight,ArrowRight,ArrowRight,ArrowRight,,,,,,,,,,,,,,,,,,,,,,,,,,,,,,,,,,,,,,,,,,,,,,,,,,,,,,,,,,,,,,,,,,,,,,,,,,,,,,,,,,,,,,,,,Deciding which posts I might share,,5,5,5,5,5,5,6,6,5,5,5,5,6,6,6,6,2,2,2,2,2,2,6,6,6,6,4,4,6,6,6,6,5,5,4,4,2,2,2,2,2,2,4,4,2,2,2,2,6,6,6,6,5,5,6,6,2,2,2,2,2,2,2,2,5,5,5,5,6,6,6,6,4,4,2,2,2,2,5,5,2,2,3,3,3,3,6,6,2,2,2,2,2,2,2,2,6,6,6,6,6,6,6,6,4,4,4,4,6,6,2,2,3,3,5,5,5,5,6,6,4,4,4,4,3,3,6,6,3,3,4,4,4,4,4,4,2,2,4,4,2,2,2,2,4,4,5,5,3,3,5,5,4,4,4,4,2,2,4,4,4,4,5,5,3,3,6,6,3,3,5,5,3,3,4,4
c9df9845-7633-48ac-bdb8-9948ea47cc06,10dfcd9a-2f0c-4898-afef-7bd801dcf7be,2026-09-22 15:22:11,2026-09-22 15:50:49,1718,Completed,Desktop,en-US,66461dfd1eb6453139b1db4c,38,female,Facebook,,ArrowRight,ArrowRight,ArrowRight,ArrowRight,ArrowRight,ArrowRight,ArrowRight,ArrowRight,ArrowRight,ArrowRight,ArrowRight,ArrowRight,ArrowRight,ArrowRight,ArrowRight,ArrowRight,ArrowRight,ArrowRight,ArrowRight,ArrowLeft,ArrowRight,ArrowRight,ArrowRight,ArrowRight,ArrowLeft,ArrowRight,ArrowRight,ArrowRight,ArrowRight,ArrowLeft,ArrowRight,ArrowRight,ArrowRight,ArrowRight,ArrowLeft,ArrowLeft,ArrowRight,ArrowRight,ArrowRight,ArrowRight,ArrowRight,ArrowRight,ArrowRight,ArrowRight,ArrowRight,ArrowRight,ArrowRight,ArrowRight,ArrowRight,ArrowRight,ArrowRight,ArrowRight,ArrowRight,ArrowRight,ArrowRight,ArrowRight,ArrowRight,ArrowRight,ArrowRight,ArrowRight,ArrowRight,ArrowRight,ArrowRight,ArrowRight,ArrowRight,ArrowRight,ArrowRight,ArrowRight,ArrowRight,ArrowRight,ArrowRight,ArrowLeft,ArrowLeft,ArrowRight,ArrowLeft,ArrowRight,ArrowRight,ArrowRight,ArrowRight,ArrowRight,ArrowRight,ArrowRight,ArrowRight,ArrowRight,ArrowRight,ArrowRight,ArrowLeft,ArrowRight,,,,,,,,,,,,,,,,,,,,,,,,,,,,,,,,,,,,,,,,,,,,,,,,,,,,,,,,,,,,,,,,,,,,,,,,,,,,,,,,,,,,,,,,,Deciding which posts I might share,,1,1,1,1,1,1,6,6,1,1,1,1,1,1,1,1,1,1,4,4,2,2,5,5,4,4,5,5,2,2,4,4,1,1,2,2,7,7,7,7,4,4,1,1,4,4,1,1,7,7,7,7,1,1,5,5,1,1,6,6,6,5,6,6,3,3,6,6,5,5,6,6,2,2,5,3,1,1,1,1,2,2,4,4,6,6,4,4,4,2,6,6,6,6,2,2,2,2,6,6,2,2,2,2,2,2,7,7,7,7,4,4,1,1,2,2,1,1,2,2,6,6,6,6,1,1,1,1,2,2,6,6,2,2,2,2,2,2,1,1,3,3,6,6,2,2,7,7,1,1,1,1,3,3,7,7,2,2,2,2,2,2,3,3,3,3,4,4,3,3,7,7,7,7,7,7
fa896601-addf-4105-a565-abc8b967f7da,44e623e4-ffb0-459b-b4b3-8bfd1e2a85c6,2026-09-22 15:22:40,2026-09-22 15:47:37,1496,Completed,Desktop,en-US,6a5662bb13ff593e7d2c645f,24,female,Instagram,,ArrowLeft,ArrowLeft,ArrowLeft,ArrowLeft,ArrowLeft,ArrowLeft,ArrowLeft,ArrowLeft,ArrowRight,ArrowRight,ArrowRight,ArrowRight,ArrowLeft,ArrowRight,ArrowLeft,ArrowRight,ArrowLeft,ArrowLeft,ArrowLeft,ArrowRight,ArrowRight,ArrowRight,ArrowRight,ArrowRight,ArrowLeft,ArrowLeft,ArrowRight,ArrowLeft,ArrowRight,ArrowRight,ArrowRight,ArrowRight,ArrowRight,ArrowRight,ArrowRight,ArrowLeft,ArrowLeft,ArrowLeft,ArrowLeft,ArrowLeft,ArrowRight,ArrowRight,ArrowRight,ArrowRight,ArrowRight,ArrowRight,ArrowRight,ArrowRight,ArrowLeft,ArrowRight,ArrowRight,ArrowLeft,ArrowLeft,ArrowLeft,ArrowRight,ArrowRight,ArrowRight,ArrowRight,ArrowRight,ArrowRight,ArrowRight,ArrowRight,ArrowLeft,ArrowRight,ArrowRight,ArrowLeft,ArrowRight,ArrowRight,ArrowRight,ArrowRight,ArrowRight,ArrowRight,ArrowRight,ArrowRight,ArrowRight,ArrowRight,ArrowRight,ArrowRight,ArrowRight,ArrowRight,ArrowRight,ArrowLeft,ArrowRight,ArrowRight,ArrowRight,ArrowRight,ArrowRight,ArrowRight,,,,,,,,,,,,,,,,,,,,,,,,,,,,,,,,,,,,,,,,,,,,,,,,,,,,,,,,,,,,,,,,,,,,,,,,,,,,,,,,,,,,,,,,,Deciding which posts I might share,,7,2,7,2,7,1,7,2,7,2,7,2,7,2,7,2,1,6,2,5,1,7,1,5,7,1,1,5,6,2,2,2,5,1,7,2,5,1,2,7,1,5,1,5,2,6,1,5,7,2,7,2,7,1,7,5,1,5,1,6,2,6,3,6,2,2,5,2,3,1,6,2,7,3,7,3,6,3,7,1,2,5,2,7,1,6,1,6,1,5,2,6,1,5,1,5,7,3,5,2,5,2,6,3,7,3,7,2,2,6,2,5,1,6,3,6,1,6,1,6,3,6,2,3,2,1,5,1,3,2,6,2,2,2,2,7,3,6,3,7,1,5,1,5,1,5,1,6,5,2,5,1,3,5,5,6,2,6,2,7,2,1,6,3,1,6,1,6,1,6,1,6,5,2,5,2
9532cb6f-b3ee-4b04-968c-1fd317c2b513,dbe02540-98dd-4cbc-8520-b9dc98571287,2026-09-22 15:29:48,,,In progress,Desktop,en-US,669c13abec22054c1cce02e2,,,,,,,,,,,,,,,,,,,,,,,,,,,,,,,,,,,,,,,,,,,,,,,,,,,,,,,,,,,,,,,,,,,,,,,,,,,,,,,,,,,,,,,,,,,,,,,,,,,,,,,,,,,,,,,,,,,,,,,,,,,,,,,,,,,,,,,,,,,,,,,,,,,,,,,,,,,,,,,,,,,,,,,,,,,,,,,,,,,,,,,,,,,,,,,,,,,,,,,,,,,,,,,,,,,,,,,,,,,,,,,,,,,,,,,,,,,,,,,,,,,,,,,,,,,,,,,,,,,,,,,,,,,,,,,,,,,,,,,,,,,,,,,,,,,,,,,,,,,,,,,,,,,,,,,,,,,,,,,,,,,,,,,,,,,,,,,,,,,,,,,,,,,,,,,,,,,,,,
f11b790d-de21-4cbf-9f28-27e08705fa7c,045d9b11-3889-48aa-8479-13cd1919715d,2026-09-22 15:31:06,,,In progress,Desktop,en-US,695057740a619b029349cf01,,,,,,,,,,,,,,,,,,,,,,,,,,,,,,,,,,,,,,,,,,,,,,,,,,,,,,,,,,,,,,,,,,,,,,,,,,,,,,,,,,,,,,,,,,,,,,,,,,,,,,,,,,,,,,,,,,,,,,,,,,,,,,,,,,,,,,,,,,,,,,,,,,,,,,,,,,,,,,,,,,,,,,,,,,,,,,,,,,,,,,,,,,,,,,,,,,,,,,,,,,,,,,,,,,,,,,,,,,,,,,,,,,,,,,,,,,,,,,,,,,,,,,,,,,,,,,,,,,,,,,,,,,,,,,,,,,,,,,,,,,,,,,,,,,,,,,,,,,,,,,,,,,,,,,,,,,,,,,,,,,,,,,,,,,,,,,,,,,,,,,,,,,,,,,,,,,,,,,
a66199eb-73da-4968-83b9-8e47708e3a01,2d60b978-fba6-443e-900a-b04e8b741fec,2026-09-22 15:36:37,2026-09-22 16:21:39,2701,Completed,Desktop,en-US,6579bdb995e28b4809d89d03,26,female,Instagram,,ArrowRight,ArrowRight,ArrowRight,ArrowRight,ArrowRight,ArrowRight,ArrowRight,ArrowRight,ArrowRight,ArrowLeft,ArrowRight,ArrowLeft,ArrowRight,ArrowLeft,ArrowRight,ArrowLeft,ArrowRight,ArrowRight,ArrowLeft,ArrowRight,ArrowRight,ArrowRight,ArrowLeft,ArrowRight,ArrowLeft,ArrowLeft,ArrowRight,ArrowLeft,ArrowRight,ArrowLeft,ArrowLeft,ArrowLeft,ArrowRight,ArrowRight,ArrowRight,ArrowLeft,ArrowRight,ArrowRight,ArrowRight,ArrowLeft,ArrowLeft,ArrowRight,ArrowLeft,ArrowLeft,ArrowLeft,ArrowLeft,ArrowLeft,ArrowLeft,ArrowLeft,ArrowRight,ArrowRight,ArrowRight,ArrowLeft,ArrowLeft,ArrowRight,ArrowRight,ArrowRight,ArrowRight,ArrowRight,ArrowRight,ArrowLeft,ArrowLeft,ArrowRight,ArrowRight,ArrowLeft,ArrowRight,ArrowRight,ArrowRight,ArrowLeft,ArrowRight,ArrowLeft,ArrowLeft,ArrowLeft,ArrowRight,ArrowLeft,ArrowRight,ArrowRight,ArrowRight,ArrowRight,ArrowLeft,ArrowRight,ArrowRight,ArrowLeft,ArrowLeft,ArrowLeft,ArrowLeft,ArrowLeft,ArrowRight,,,,,,,,,,,,,,,,,,,,,,,,,,,,,,,,,,,,,,,,,,,,,,,,,,,,,,,,,,,,,,,,,,,,,,,,,,,,,,,,,,,,,,,,,Deciding which posts I might share,,1,6,1,6,1,6,7,7,1,5,1,4,1,4,1,5,1,1,7,7,1,1,7,7,1,1,5,4,7,7,7,7,1,1,1,1,7,7,1,1,1,1,5,4,7,7,1,1,7,7,7,7,7,7,1,1,5,5,7,7,7,7,7,7,1,1,4,4,1,1,5,5,1,1,2,2,7,7,7,7,1,1,7,7,7,7,7,7,7,7,7,7,7,7,7,7,1,1,5,5,5,4,1,1,7,7,1,4,1,1,6,6,5,4,7,7,6,4,5,4,7,7,7,7,5,5,1,4,1,1,1,1,1,1,5,4,1,1,7,7,7,3,7,3,7,7,7,7,1,1,1,1,7,7,7,7,1,1,7,5,1,1,5,5,7,2,7,7,7,4,7,2,7,7,7,7
fa7b4c09-5f2b-4fe2-9912-a8f2e983c429,c4f62f3f-5da2-4ddd-ba14-c1e569f50488,2026-09-22 15:37:46,2026-09-22 16:08:30,1843,Completed,Desktop,en-US,6a077e591edb329163f3f216,27,Female,Instagram,,ArrowLeft,ArrowLeft,ArrowLeft,ArrowLeft,ArrowRight,ArrowLeft,ArrowRight,ArrowLeft,ArrowRight,ArrowLeft,ArrowLeft,ArrowLeft,ArrowLeft,ArrowLeft,ArrowRight,ArrowRight,ArrowRight,ArrowRight,ArrowRight,ArrowRight,ArrowRight,ArrowRight,ArrowLeft,ArrowRight,ArrowLeft,ArrowLeft,ArrowRight,ArrowRight,ArrowRight,ArrowRight,ArrowRight,ArrowRight,ArrowLeft,ArrowRight,ArrowLeft,ArrowLeft,ArrowRight,ArrowLeft,ArrowLeft,ArrowRight,ArrowRight,ArrowRight,ArrowRight,ArrowRight,ArrowRight,ArrowLeft,ArrowLeft,ArrowRight,ArrowRight,ArrowRight,ArrowLeft,ArrowRight,ArrowLeft,ArrowLeft,ArrowLeft,ArrowLeft,ArrowRight,ArrowLeft,ArrowRight,ArrowLeft,ArrowLeft,ArrowLeft,ArrowLeft,ArrowLeft,ArrowRight,ArrowRight,ArrowRight,ArrowLeft,ArrowLeft,ArrowRight,ArrowLeft,ArrowRight,ArrowRight,ArrowRight,ArrowLeft,ArrowLeft,ArrowLeft,ArrowRight,ArrowLeft,ArrowLeft,ArrowRight,ArrowRight,ArrowRight,ArrowLeft,ArrowRight,ArrowLeft,ArrowRight,ArrowRight,,,,,,,,,,,,,,,,,,,,,,,,,,,,,,,,,,,,,,,,,,,,,,,,,,,,,,,,,,,,,,,,,,,,,,,,,,,,,,,,,,,,,,,,,Learning about the views people hold on these issues,,3,3,5,5,6,7,6,6,3,3,7,7,4,4,7,7,2,1,4,3,4,4,3,3,5,6,5,6,4,4,4,4,2,3,2,2,2,2,1,1,3,1,2,2,3,2,2,2,7,7,6,7,3,5,7,7,2,1,1,1,2,1,2,1,6,7,6,7,6,7,6,7,6,7,6,7,4,6,4,7,1,1,4,4,4,4,4,4,5,3,6,4,4,4,4,4,2,2,3,3,2,2,2,2,6,6,5,6,6,6,6,7,4,4,4,4,4,4,4,4,6,6,4,4,7,7,6,6,2,3,2,3,2,2,4,4,4,4,5,3,3,2,1,1,3,3,3,3,6,6,6,6,5,4,6,5,4,4,5,3,1,2,5,5,3,2,4,4,3,3,4,4,2,2,3,2
aa471c59-f020-4e4c-9257-e5fb88059f63,682dba8a-81d9-423a-bb6e-5a034bfd12f0,2026-09-22 15:41:47,2026-09-22 16:07:10,1522,Completed,Desktop,en-US,67ad86b9b4d569cb4cebbca9,32,female,Facebook,,ArrowRight,ArrowRight,ArrowRight,ArrowRight,ArrowRight,ArrowRight,ArrowRight,ArrowRight,ArrowRight,ArrowRight,ArrowRight,ArrowRight,ArrowRight,ArrowLeft,ArrowRight,ArrowRight,ArrowRight,ArrowRight,ArrowRight,ArrowRight,ArrowRight,ArrowRight,ArrowRight,ArrowRight,ArrowLeft,ArrowRight,ArrowRight,ArrowRight,ArrowRight,ArrowRight,ArrowRight,ArrowRight,ArrowRight,ArrowRight,ArrowRight,ArrowRight,ArrowRight,ArrowRight,ArrowRight,ArrowRight,ArrowRight,ArrowRight,ArrowRight,ArrowRight,ArrowRight,ArrowRight,ArrowRight,ArrowRight,ArrowRight,ArrowRight,ArrowRight,ArrowRight,ArrowRight,ArrowLeft,ArrowRight,ArrowRight,ArrowRight,ArrowRight,ArrowRight,ArrowRight,ArrowRight,ArrowRight,ArrowRight,ArrowRight,ArrowRight,ArrowRight,ArrowRight,ArrowRight,ArrowRight,ArrowRight,ArrowRight,ArrowLeft,ArrowLeft,ArrowLeft,ArrowLeft,ArrowRight,ArrowRight,ArrowRight,ArrowRight,ArrowRight,ArrowRight,ArrowRight,ArrowRight,ArrowRight,ArrowLeft,ArrowLeft,ArrowRight,ArrowRight,,,,,,,,,,,,,,,,,,,,,,,,,,,,,,,,,,,,,,,,,,,,,,,,,,,,,,,,,,,,,,,,,,,,,,,,,,,,,,,,,,,,,,,,,Learning about the views people hold on these issues,,3,3,3,3,2,2,4,4,3,3,2,3,2,2,2,2,3,3,4,4,3,3,4,4,4,4,5,4,4,4,3,3,4,4,4,4,6,5,5,4,3,3,3,2,3,4,4,4,6,6,5,5,5,6,5,5,2,1,3,3,3,2,2,2,4,5,5,6,4,5,5,5,3,3,3,3,4,5,3,3,3,3,4,4,3,3,4,4,3,2,3,3,4,4,3,3,4,4,4,4,4,4,5,5,5,4,6,5,4,4,7,5,2,2,2,2,2,2,1,1,4,5,4,4,3,4,4,5,4,4,4,4,3,3,4,4,3,3,5,5,5,5,6,6,5,4,6,6,2,3,3,3,3,3,4,5,3,3,3,3,4,4,4,4,4,4,4,4,5,4,6,5,3,4,5,5
9cf30288-bef4-424b-844e-f57ec210ed83,e778c184-6ba0-4851-b4fc-2984902227f7,2026-09-22 15:42:37,2026-09-22 16:00:10,1053,Completed,Desktop,en-US,660dfb0b513cd3c8af03656e,44,female,Instagram,,,,,,,,,,,,,,,,,,,,,,,,,,,,,,,,,,,,,,,,,,,,,,,,,,,,,,,,,,,,,,,,,,,,,,,,,,,,,,,,,,,,,,,,,,ArrowRight,ArrowRight,ArrowRight,ArrowRight,ArrowRight,ArrowRight,ArrowRight,ArrowRight,ArrowRight,ArrowRight,ArrowRight,ArrowRight,ArrowRight,ArrowRight,ArrowRight,ArrowRight,ArrowRight,ArrowRight,ArrowRight,ArrowRight,ArrowRight,ArrowRight,ArrowRight,ArrowRight,ArrowRight,ArrowRight,ArrowRight,ArrowRight,ArrowRight,ArrowRight,ArrowRight,ArrowRight,ArrowRight,ArrowRight,ArrowRight,ArrowRight,ArrowRight,ArrowRight,ArrowRight,ArrowRight,ArrowRight,ArrowRight,ArrowRight,ArrowRight,ArrowRight,ArrowRight,ArrowRight,ArrowRight,ArrowRight,ArrowRight,ArrowRight,ArrowRight,ArrowRight,ArrowRight,ArrowRight,ArrowRight,ArrowRight,ArrowRight,ArrowRight,ArrowRight,ArrowRight,ArrowRight,ArrowRight,ArrowRight,ArrowRight,ArrowRight,ArrowRight,ArrowRight,ArrowRight,ArrowRight,ArrowRight,ArrowRight,ArrowRight,ArrowRight,ArrowRight,ArrowRight,ArrowRight,ArrowRight,ArrowRight,ArrowRight,ArrowRight,ArrowRight,ArrowRight,ArrowRight,ArrowRight,ArrowRight,ArrowRight,ArrowRight,Deciding which posts I might share,,3,4,6,5,7,6,7,6,6,6,5,5,6,5,4,3,4,4,4,4,3,3,4,4,4,4,6,6,5,4,4,4,3,2,5,4,4,4,3,3,1,2,1,2,5,5,6,5,7,5,7,5,6,5,7,6,3,4,6,5,1,2,3,2,1,2,2,3,2,3,1,2,2,2,2,2,2,2,3,4,2,3,4,4,3,4,5,5,3,4,5,5,5,5,4,4,3,3,5,5,5,4,4,4,7,5,7,5,2,2,5,5,2,3,2,3,2,3,4,4,5,5,5,5,5,5,4,4,4,4,4,3,4,3,3,2,4,4,4,5,2,3,1,1,2,2,5,4,4,4,4,4,4,5,5,6,3,4,4,4,2,2,3,3,2,2,4,4,1,2,3,3,5,5,3,4
918993ac-0852-4a47-8a66-d703efedf09e,e40c34f2-7956-4636-812c-0f353a4aff60,2026-09-22 15:44:17,,,In progress,Desktop,en-US,6a9869dbef5b8cbd8d6763b8,,,,,,,,,,,,,,,,,,,,,,,,,,,,,,,,,,,,,,,,,,,,,,,,,,,,,,,,,,,,,,,,,,,,,,,,,,,,,,,,,,,,,,,,,,,,,,,,,,,,,,,,,,,,,,,,,,,,,,,,,,,,,,,,,,,,,,,,,,,,,,,,,,,,,,,,,,,,,,,,,,,,,,,,,,,,,,,,,,,,,,,,,,,,,,,,,,,,,,,,,,,,,,,,,,,,,,,,,,,,,,,,,,,,,,,,,,,,,,,,,,,,,,,,,,,,,,,,,,,,,,,,,,,,,,,,,,,,,,,,,,,,,,,,,,,,,,,,,,,,,,,,,,,,,,,,,,,,,,,,,,,,,,,,,,,,,,,,,,,,,,,,,,,,,,,,,,,,,,
7b79e3ef-bafc-43de-b611-15bf73b64db0,8ce6adf6-0bb9-4b87-a0fd-eba3dbec1bd2,2026-09-22 15:46:56,,,In progress,Desktop,en-US,6a98b320a462a2abb6771982,,,,,,,,,,,,,,,,,,,,,,,,,,,,,,,,,,,,,,,,,,,,,,,,,,,,,,,,,,,,,,,,,,,,,,,,,,,,,,,,,,,,,,,,,,,,,,,,,,,,,,,,,,,,,,,,,,,,,,,,,,,,,,,,,,,,,,,,,,,,,,,,,,,,,,,,,,,,,,,,,,,,,,,,,,,,,,,,,,,,,,,,,,,,,,,,,,,,,,,,,,,,,,,,,,,,,,,,,,,,,,,,,,,,,,,,,,,,,,,,,,,,,,,,,,,,,,,,,,,,,,,,,,,,,,,,,,,,,,,,,,,,,,,,,,,,,,,,,,,,,,,,,,,,,,,,,,,,,,,,,,,,,,,,,,,,,,,,,,,,,,,,,,,,,,,,,,,,,,
34195562-6acd-4a85-8f87-551595e3f815,6add41b7-f91e-4fa6-aa5c-74ca70a4e2a7,2026-09-22 15:47:19,,,In progress,Desktop,en-US,6a9f208bed3a0d27d17b5a91,,,,,,,,,,,,,,,,,,,,,,,,,,,,,,,,,,,,,,,,,,,,,,,,,,,,,,,,,,,,,,,,,,,,,,,,,,,,,,,,,,,,,,,,,,,,,,,,,,,,,,,,,,,,,,,,,,,,,,,,,,,,,,,,,,,,,,,,,,,,,,,,,,,,,,,,,,,,,,,,,,,,,,,,,,,,,,,,,,,,,,,,,,,,,,,,,,,,,,,,,,,,,,,,,,,,,,,,,,,,,,,,,,,,,,,,,,,,,,,,,,,,,,,,,,,,,,,,,,,,,,,,,,,,,,,,,,,,,,,,,,,,,,,,,,,,,,,,,,,,,,,,,,,,,,,,,,,,,,,,,,,,,,,,,,,,,,,,,,,,,,,,,,,,,,,,,,,,,,
c31ccdd6-e7e4-4840-b9df-2c44775086fa,48c58f12-5e56-4fcb-a597-a5b944dc2905,2026-09-22 15:49:38,2026-09-22 16:18:42,1743,Completed,Desktop,en-US,695fdb0695f4b96d56abd081,41,Female,Instagram,,ArrowRight,ArrowRight,ArrowRight,ArrowRight,ArrowRight,ArrowRight,ArrowRight,ArrowRight,ArrowRight,ArrowRight,ArrowRight,ArrowLeft,ArrowRight,ArrowRight,ArrowRight,ArrowRight,ArrowRight,ArrowRight,ArrowRight,ArrowRight,ArrowRight,ArrowRight,ArrowRight,ArrowRight,ArrowRight,ArrowLeft,ArrowRight,ArrowRight,ArrowRight,ArrowRight,ArrowRight,ArrowRight,ArrowRight,ArrowRight,ArrowRight,ArrowRight,ArrowRight,ArrowRight,ArrowRight,ArrowRight,ArrowRight,ArrowRight,ArrowRight,ArrowRight,ArrowLeft,ArrowRight,ArrowLeft,ArrowLeft,ArrowRight,ArrowLeft,ArrowRight,ArrowRight,ArrowRight,ArrowRight,ArrowRight,ArrowRight,ArrowRight,ArrowRight,ArrowRight,ArrowRight,ArrowRight,ArrowRight,ArrowRight,ArrowRight,ArrowRight,ArrowRight,ArrowRight,ArrowRight,ArrowRight,ArrowRight,ArrowRight,ArrowRight,ArrowRight,ArrowRight,ArrowRight,ArrowRight,ArrowRight,ArrowRight,ArrowRight,ArrowRight,ArrowRight,ArrowRight,ArrowRight,ArrowRight,ArrowRight,ArrowRight,ArrowLeft,ArrowRight,,,,,,,,,,,,,,,,,,,,,,,,,,,,,,,,,,,,,,,,,,,,,,,,,,,,,,,,,,,,,,,,,,,,,,,,,,,,,,,,,,,,,,,,,Reading the words without thinking much about them,,3,2,3,2,4,2,6,6,2,2,2,2,3,2,3,2,4,3,5,5,4,4,6,6,2,2,4,4,3,3,2,2,3,4,4,4,4,4,3,4,4,4,4,4,4,4,4,3,5,4,6,6,3,3,6,6,3,2,4,3,4,3,4,2,3,3,4,4,2,3,4,4,1,1,2,2,2,2,1,2,3,4,4,4,4,3,5,5,6,6,5,6,6,6,7,7,2,2,2,2,2,2,2,2,4,3,4,4,4,4,3,3,4,3,4,4,4,4,4,6,5,4,4,4,4,3,4,4,3,4,4,4,3,4,3,4,4,4,6,5,2,2,4,5,3,6,6,6,4,4,4,4,3,3,5,5,2,4,2,2,2,2,5,4,2,2,4,4,2,3,4,6,4,4,4,4
25e7b8f1-0615-4451-9573-31ca47336073,a3de111a-36e9-43af-b60d-57188eb4476d,2026-09-22 15:56:11,2026-09-22 16:08:44,752,Completed,Desktop,en-US,5a135875074b1900012527a9,50,female,Facebook,,ArrowLeft,ArrowLeft,ArrowLeft,ArrowLeft,ArrowLeft,ArrowRight,ArrowRight,ArrowLeft,ArrowRight,ArrowRight,ArrowRight,ArrowRight,ArrowRight,ArrowRight,ArrowRight,ArrowRight,ArrowRight,ArrowRight,ArrowLeft,ArrowRight,ArrowLeft,ArrowRight,ArrowLeft,ArrowRight,ArrowRight,ArrowLeft,ArrowLeft,ArrowLeft,ArrowLeft,ArrowLeft,ArrowRight,ArrowLeft,ArrowRight,ArrowRight,ArrowLeft,ArrowLeft,ArrowLeft,ArrowLeft,ArrowLeft,ArrowLeft,ArrowRight,ArrowRight,ArrowLeft,ArrowLeft,ArrowLeft,ArrowRight,ArrowRight,ArrowLeft,ArrowLeft,ArrowLeft,ArrowRight,ArrowRight,ArrowRight,ArrowLeft,ArrowLeft,ArrowRight,ArrowRight,ArrowRight,ArrowRight,ArrowLeft,ArrowRight,ArrowRight,ArrowLeft,ArrowLeft,ArrowRight,ArrowRight,ArrowRight,ArrowRight,ArrowRight,ArrowRight,ArrowRight,ArrowLeft,ArrowRight,ArrowRight,ArrowRight,ArrowLeft,ArrowLeft,ArrowRight,ArrowRight,ArrowLeft,ArrowLeft,ArrowRight,ArrowRight,ArrowRight,ArrowLeft,ArrowRight,ArrowRight,ArrowLeft,,,,,,,,,,,,,,,,,,,,,,,,,,,,,,,,,,,,,,,,,,,,,,,,,,,,,,,,,,,,,,,,,,,,,,,,,,,,,,,,,,,,,,,,,Deciding which posts I might share,,7,7,7,5,7,5,7,5,7,5,7,5,7,5,7,6,1,3,1,5,1,5,2,5,7,3,1,5,7,1,2,5,7,3,4,4,5,7,4,6,2,4,1,1,3,5,2,4,7,5,7,5,7,6,7,5,2,3,5,5,3,4,6,3,3,5,5,5,5,6,6,4,2,4,4,3,5,5,5,4,3,4,4,4,3,6,5,4,1,5,1,1,1,2,1,5,7,5,7,5,1,5,7,6,7,5,7,3,5,3,7,4,1,5,7,7,1,7,1,2,1,7,1,6,3,4,2,3,7,3,7,1,7,3,1,5,1,5,1,1,1,3,1,2,1,5,2,5,2,5,5,5,1,6,2,5,7,5,1,2,7,4,7,3,1,7,4,7,1,7,2,5,5,3,5,5
989c7165-bab9-4d43-a6a6-11c75e88aa8c,0417cbdf-f432-440c-a0b3-eb550e201b21,2026-09-22 15:56:15,,,In progress,Desktop,en-US,5dce3ccc32ccbf0cd54263db,,,,,,,,,,,,,,,,,,,,,,,,,,,,,,,,,,,,,,,,,,,,,,,,,,,,,,,,,,,,,,,,,,,,,,,,,,,,,,,,,,,,,,,,,,,,,,,,,,,,,,,,,,,,,,,,,,,,,,,,,,,,,,,,,,,,,,,,,,,,,,,,,,,,,,,,,,,,,,,,,,,,,,,,,,,,,,,,,,,,,,,,,,,,,,,,,,,,,,,,,,,,,,,,,,,,,,,,,,,,,,,,,,,,,,,,,,,,,,,,,,,,,,,,,,,,,,,,,,,,,,,,,,,,,,,,,,,,,,,,,,,,,,,,,,,,,,,,,,,,,,,,,,,,,,,,,,,,,,,,,,,,,,,,,,,,,,,,,,,,,,,,,,,,,,,,,,,,,,
f36c08e1-63bb-4f15-8924-1e3ef3f859c1,489cecc8-2fb7-4057-aced-446483abae6f,2026-09-22 15:57:08,,,In progress,Desktop,en-US,6a989641ff685ca27ebce7c4,,,,,,,,,,,,,,,,,,,,,,,,,,,,,,,,,,,,,,,,,,,,,,,,,,,,,,,,,,,,,,,,,,,,,,,,,,,,,,,,,,,,,,,,,,,,,,,,,,,,,,,,,,,,,,,,,,,,,,,,,,,,,,,,,,,,,,,,,,,,,,,,,,,,,,,,,,,,,,,,,,,,,,,,,,,,,,,,,,,,,,,,,,,,,,,,,,,,,,,,,,,,,,,,,,,,,,,,,,,,,,,,,,,,,,,,,,,,,,,,,,,,,,,,,,,,,,,,,,,,,,,,,,,,,,,,,,,,,,,,,,,,,,,,,,,,,,,,,,,,,,,,,,,,,,,,,,,,,,,,,,,,,,,,,,,,,,,,,,,,,,,,,,,,,,,,,,,,,,
ba4c4262-8bf4-406b-86c3-fafd1446e5b0,d8e56bb8-8785-4126-80e0-7e27ae239891,2026-09-22 15:57:47,,,In progress,Desktop,en-US,6a203fda93af720d37236b2f,,,,,,,,,,,,,,,,,,,,,,,,,,,,,,,,,,,,,,,,,,,,,,,,,,,,,,,,,,,,,,,,,,,,,,,,,,,,,,,,,,,,,,,,,,,,,,,,,,,,,,,,,,,,,,,,,,,,,,,,,,,,,,,,,,,,,,,,,,,,,,,,,,,,,,,,,,,,,,,,,,,,,,,,,,,,,,,,,,,,,,,,,,,,,,,,,,,,,,,,,,,,,,,,,,,,,,,,,,,,,,,,,,,,,,,,,,,,,,,,,,,,,,,,,,,,,,,,,,,,,,,,,,,,,,,,,,,,,,,,,,,,,,,,,,,,,,,,,,,,,,,,,,,,,,,,,,,,,,,,,,,,,,,,,,,,,,,,,,,,,,,,,,,,,,,,,,,,,,
08137e45-327b-4a4e-830c-d53fc06d954e,84912917-5b72-4c76-84ae-1a1ed7b39b09,2026-09-22 16:03:06,2026-09-22 16:27:31,1465,Completed,Desktop,en-US,6a0e2d716e90edf1ea83dce1,62,female,Facebook,,,,,,,,,,,,,,,,,,,,,,,,,,,,,,,,,,,,,,,,,,,,,,,,,,,,,,,,,,,,,,,,,,,,,,,,,,,,,,,,,,,,,,,,,,ArrowRight,ArrowRight,ArrowRight,ArrowRight,ArrowRight,ArrowRight,ArrowRight,ArrowRight,ArrowRight,ArrowRight,ArrowRight,ArrowRight,ArrowRight,ArrowRight,ArrowRight,ArrowRight,ArrowLeft,ArrowLeft,ArrowLeft,ArrowRight,ArrowRight,ArrowRight,ArrowRight,ArrowRight,ArrowRight,ArrowRight,ArrowRight,ArrowRight,ArrowRight,ArrowRight,ArrowRight,ArrowRight,ArrowLeft,ArrowLeft,ArrowRight,ArrowLeft,ArrowRight,ArrowRight,ArrowRight,ArrowRight,ArrowRight,ArrowRight,ArrowRight,ArrowRight,ArrowRight,ArrowRight,ArrowRight,ArrowRight,ArrowRight,ArrowRight,ArrowRight,ArrowRight,ArrowRight,ArrowRight,ArrowRight,ArrowRight,ArrowRight,ArrowRight,ArrowRight,ArrowRight,ArrowRight,ArrowRight,ArrowRight,ArrowRight,ArrowLeft,ArrowRight,ArrowRight,ArrowLeft,ArrowRight,ArrowRight,ArrowRight,ArrowRight,ArrowRight,ArrowRight,ArrowRight,ArrowLeft,ArrowRight,ArrowRight,ArrowRight,ArrowRight,ArrowRight,ArrowLeft,ArrowRight,ArrowRight,ArrowRight,ArrowRight,ArrowLeft,ArrowRight,Deciding which posts I might share,,2,6,3,7,2,7,6,7,2,6,1,5,4,2,2,5,1,1,4,4,1,1,5,4,1,1,1,1,1,1,4,4,7,7,6,6,6,6,4,4,1,1,1,1,5,5,1,1,7,7,7,7,4,4,4,4,1,1,1,1,1,1,1,1,7,7,7,7,7,7,7,7,5,5,5,5,1,1,6,6,4,4,1,1,1,1,4,3,1,1,5,5,4,4,1,1,7,7,7,7,6,6,7,7,7,7,7,7,1,1,7,7,1,1,1,1,1,1,1,1,1,1,3,2,5,7,4,5,7,7,6,6,7,7,7,7,1,1,4,4,6,2,6,2,4,1,6,2,4,4,6,6,1,1,3,3,7,7,4,4,7,7,6,6,4,1,6,4,4,1,7,2,3,3,2,2
aa6e8689-701e-489c-855d-f7be70b20b7f,695d3091-bc14-4d27-a305-5cebd0876526,2026-09-22 16:08:37,,,In progress,Mobile,en-US,5f52c028bd24e75c66799427,33,Male,Facebook,,,,,,,,,,,,,,,,,,,,,,,,,,,,,,,,,,,,,,,,,,,,,,,,,,,,,,,,,,,,,,,,,,,,,,,,,,,,,,,,,,,,,,,,,,,,,,,,,,,,,,,,,,,,,,,,,,,,,,,,,,,,,,,,,,,,,,,,,,,,,,,,,,,,,,,,,,,,,,,,,,,,,,,,,,,,,,,,,,,,,,,,,,,,,,,,,,,,,,,,,,,,,,,,,,,,,,,,,,,,,,,,,,,,,,,,,,,,,,,,,,,,,,,,,,,,,,,,,,,,,,,,,,,,,,,,,,,,,,,,,,,,,,,,,,,,,,,,,,,,,,,,,,,,,,,,,,,,,,,,,,,,,,,,,,,,,,,,,,,,,,,,,,,,,,,,,,,
fcd64900-d08f-44d9-985e-568f4173eb73,943c9e82-502d-4a19-b81a-5f027ae40bf4,2026-09-22 16:08:54,,,In progress,Desktop,en-US,698bcfbe96d4a39d2b2c140d,,,,,,,,,,,,,,,,,,,,,,,,,,,,,,,,,,,,,,,,,,,,,,,,,,,,,,,,,,,,,,,,,,,,,,,,,,,,,,,,,,,,,,,,,,,,,,,,,,,,,,,,,,,,,,,,,,,,,,,,,,,,,,,,,,,,,,,,,,,,,,,,,,,,,,,,,,,,,,,,,,,,,,,,,,,,,,,,,,,,,,,,,,,,,,,,,,,,,,,,,,,,,,,,,,,,,,,,,,,,,,,,,,,,,,,,,,,,,,,,,,,,,,,,,,,,,,,,,,,,,,,,,,,,,,,,,,,,,,,,,,,,,,,,,,,,,,,,,,,,,,,,,,,,,,,,,,,,,,,,,,,,,,,,,,,,,,,,,,,,,,,,,,,,,,,,,,,,,,
91914bd6-79f7-46ee-9599-5874fbaefa99,d97b1438-bcfa-4ee3-80c7-95a697829e77,2026-09-22 16:10:13,2026-09-22 16:26:37,983,Completed,Desktop,en-US,69c2e8bd569d3a0637ab1c1e,40,female,Facebook,,,,,,,,,,,,,,,,,,,,,,,,,,,,,,,,,,,,,,,,,,,,,,,,,,,,,,,,,,,,,,,,,,,,,,,,,,,,,,,,,,,,,,,,,,ArrowRight,ArrowLeft,ArrowLeft,ArrowLeft,ArrowLeft,ArrowLeft,ArrowLeft,ArrowLeft,ArrowRight,ArrowRight,ArrowRight,ArrowRight,ArrowRight,ArrowRight,ArrowRight,ArrowRight,ArrowRight,ArrowRight,ArrowRight,ArrowRight,ArrowRight,ArrowRight,ArrowRight,ArrowRight,ArrowLeft,ArrowLeft,ArrowLeft,ArrowLeft,ArrowRight,ArrowRight,ArrowRight,ArrowRight,ArrowLeft,ArrowRight,ArrowRight,ArrowLeft,ArrowLeft,ArrowRight,ArrowLeft,ArrowRight,ArrowRight,ArrowRight,ArrowRight,ArrowLeft,ArrowRight,ArrowRight,ArrowRight,ArrowRight,ArrowLeft,ArrowRight,ArrowLeft,ArrowLeft,ArrowRight,ArrowLeft,ArrowRight,ArrowRight,ArrowRight,ArrowRight,ArrowRight,ArrowRight,ArrowRight,ArrowRight,ArrowRight,ArrowLeft,ArrowRight,ArrowRight,ArrowRight,ArrowRight,ArrowRight,ArrowRight,ArrowRight,ArrowRight,ArrowRight,ArrowRight,ArrowRight,ArrowRight,ArrowRight,ArrowRight,ArrowRight,ArrowLeft,ArrowRight,ArrowRight,ArrowRight,ArrowRight,ArrowLeft,ArrowRight,ArrowRight,ArrowRight,Deciding which posts I might share,,4,4,7,7,4,4,5,5,7,7,4,4,4,4,4,4,4,4,4,4,4,4,4,4,4,4,4,4,4,4,4,4,4,4,4,4,3,3,4,4,4,4,2,2,4,4,7,7,7,7,7,7,4,4,7,7,4,4,2,2,4,4,2,2,3,3,4,4,3,3,5,5,4,4,4,4,4,4,4,4,4,4,4,4,4,4,4,4,4,4,4,4,4,4,3,3,7,7,3,3,5,5,4,4,4,4,4,4,2,2,7,7,4,4,4,4,1,1,7,7,4,4,4,4,4,4,5,5,4,4,4,4,4,4,4,4,4,4,4,4,7,7,1,1,2,2,3,3,6,6,7,7,4,4,4,4,4,4,4,4,4,4,4,4,4,4,2,2,7,3,2,2,4,4,3,3
3f814859-c875-49c1-bc9f-8e351a9ec3dd,71312097-72b2-4c5c-8af5-e21d7df3583e,2026-09-22 16:11:37,2026-09-22 16:32:01,1223,Completed,Desktop,en-US,69b312f7182cd9198e789eb4,28,female,Instagram,,,,,,,,,,,,,,,,,,,,,,,,,,,,,,,,,,,,,,,,,,,,,,,,,,,,,,,,,,,,,,,,,,,,,,,,,,,,,,,,,,,,,,,,,,ArrowRight,ArrowRight,ArrowRight,ArrowRight,ArrowRight,ArrowRight,ArrowRight,ArrowRight,ArrowRight,ArrowLeft,ArrowRight,ArrowLeft,ArrowRight,ArrowRight,ArrowRight,ArrowRight,ArrowRight,ArrowRight,ArrowRight,ArrowRight,ArrowRight,ArrowRight,ArrowRight,ArrowRight,ArrowRight,ArrowRight,ArrowRight,ArrowRight,ArrowRight,ArrowRight,ArrowRight,ArrowRight,ArrowRight,ArrowRight,ArrowRight,ArrowRight,ArrowRight,ArrowRight,ArrowRight,ArrowRight,ArrowRight,ArrowRight,ArrowRight,ArrowRight,ArrowRight,ArrowRight,ArrowRight,ArrowRight,ArrowRight,ArrowRight,ArrowRight,ArrowRight,ArrowRight,ArrowRight,ArrowRight,ArrowRight,ArrowRight,ArrowRight,ArrowRight,ArrowRight,ArrowLeft,ArrowRight,ArrowRight,ArrowRight,ArrowRight,ArrowRight,ArrowRight,ArrowRight,ArrowRight,ArrowLeft,ArrowLeft,ArrowRight,ArrowRight,ArrowRight,ArrowRight,ArrowRight,ArrowRight,ArrowLeft,ArrowRight,ArrowRight,ArrowRight,ArrowRight,ArrowRight,ArrowRight,ArrowRight,ArrowRight,ArrowRight,ArrowRight,Deciding which posts I might share,,4,4,3,3,4,4,5,5,4,4,3,3,3,2,2,3,4,4,5,5,4,5,4,5,4,4,4,4,3,3,4,4,2,3,1,2,5,5,5,5,4,4,4,4,4,4,4,4,2,2,5,5,3,3,4,4,4,3,5,6,4,3,5,5,5,6,4,4,4,4,4,5,4,4,4,3,5,4,4,3,4,4,3,4,4,4,4,4,4,4,5,5,4,4,4,4,4,4,3,2,4,4,3,2,4,5,3,2,4,4,3,3,4,4,4,4,4,4,5,5,6,6,4,5,4,4,5,5,4,4,4,4,4,4,4,4,4,4,6,5,6,6,4,4,4,4,6,6,4,4,5,4,4,4,6,6,4,5,5,5,4,4,5,5,5,5,4,4,6,6,5,6,4,4,4,4
96304ccd-b9b4-47cd-9c57-bfcd5b57d373,80d171fc-4946-48b7-9be7-cadd7fce9b94,2026-09-22 16:14:45,2026-09-22 16:48:34,2028,Completed,Desktop,en-US,663e229e45c9af72bea1e075,47,Woman,Facebook,,ArrowRight,ArrowRight,ArrowRight,ArrowRight,ArrowRight,ArrowRight,ArrowRight,ArrowRight,ArrowLeft,ArrowLeft,ArrowRight,ArrowRight,ArrowRight,ArrowRight,ArrowRight,ArrowRight,ArrowRight,ArrowRight,ArrowLeft,ArrowRight,ArrowRight,ArrowRight,ArrowRight,ArrowRight,ArrowRight,ArrowRight,ArrowRight,ArrowRight,ArrowLeft,ArrowLeft,ArrowLeft,ArrowLeft,ArrowRight,ArrowRight,ArrowRight,ArrowRight,ArrowRight,ArrowRight,ArrowRight,ArrowRight,ArrowRight,ArrowRight,ArrowRight,ArrowRight,ArrowLeft,ArrowRight,ArrowLeft,ArrowRight,ArrowRight,ArrowRight,ArrowRight,ArrowRight,ArrowRight,ArrowRight,ArrowRight,ArrowRight,ArrowRight,ArrowRight,ArrowLeft,ArrowRight,ArrowRight,ArrowLeft,ArrowRight,ArrowRight,ArrowRight,ArrowRight,ArrowRight,ArrowRight,ArrowLeft,ArrowLeft,ArrowRight,ArrowLeft,ArrowLeft,ArrowRight,ArrowRight,ArrowRight,ArrowRight,ArrowLeft,ArrowRight,ArrowRight,ArrowRight,ArrowRight,ArrowRight,ArrowLeft,ArrowLeft,ArrowLeft,ArrowLeft,ArrowRight,,,,,,,,,,,,,,,,,,,,,,,,,,,,,,,,,,,,,,,,,,,,,,,,,,,,,,,,,,,,,,,,,,,,,,,,,,,,,,,,,,,,,,,,,Deciding which posts I might share,,1,1,1,1,1,1,6,6,1,1,1,1,1,1,1,1,6,7,6,6,5,6,2,2,1,1,4,2,2,2,4,4,2,3,2,4,7,7,4,4,2,1,2,2,6,6,4,4,2,1,2,1,1,1,2,2,7,6,7,6,7,7,7,7,1,1,2,2,1,1,2,2,1,1,2,2,1,1,1,1,3,2,4,4,7,6,7,6,3,3,5,6,6,6,3,2,3,2,5,4,4,5,2,1,4,4,1,1,6,6,2,1,6,7,5,5,7,7,6,7,7,7,5,5,1,1,1,1,1,1,3,3,1,2,6,6,7,7,6,6,7,7,7,7,7,7,7,7,1,1,2,1,7,6,7,6,5,4,4,3,2,2,3,3,6,7,7,7,6,7,7,7,7,7,5,5
a5dfda6a-7478-4a3f-a1f0-455901a38777,a532c088-8471-4ef1-b2a2-0c0c2697aaf3,2026-09-22 16:15:33,,,In progress,Desktop,en-US,696fb93043d6b24b693db566,,,,,,,,,,,,,,,,,,,,,,,,,,,,,,,,,,,,,,,,,,,,,,,,,,,,,,,,,,,,,,,,,,,,,,,,,,,,,,,,,,,,,,,,,,,,,,,,,,,,,,,,,,,,,,,,,,,,,,,,,,,,,,,,,,,,,,,,,,,,,,,,,,,,,,,,,,,,,,,,,,,,,,,,,,,,,,,,,,,,,,,,,,,,,,,,,,,,,,,,,,,,,,,,,,,,,,,,,,,,,,,,,,,,,,,,,,,,,,,,,,,,,,,,,,,,,,,,,,,,,,,,,,,,,,,,,,,,,,,,,,,,,,,,,,,,,,,,,,,,,,,,,,,,,,,,,,,,,,,,,,,,,,,,,,,,,,,,,,,,,,,,,,,,,,,,,,,,,,
7d8311a2-c839-4dac-aeff-96d4e1a67e48,5fe8f9ba-399e-4414-b850-c7c3b94fecef,2026-09-22 16:16:09,,,In progress,Desktop,en-US,69d5373e819863605b78400d,43,male,Instagram,,,,,,,,,,,,,,,,,,,,,,,,,,,,,,,,,,,,,,,,,,,,,,,,,,,,,,,,,,,,,,,,,,,,,,,,,,,,,,,,,,,,,,,,,,,,,,,,,,,,,,,,,,,,,,,,,,,,,,,,,,,,,,,,,,,,,,,,,,,,,,,,,,,,,,,,,,,,,,,,,,,,,,,,,,,,,,,,,,,,,,,,,,,,,,,,,,,,,,,,,,,,,,,,,,,,,,,,,,,,,,,,,,,,,,,,,,,,,,,,,,,,,,,,,,,,,,,,,,,,,,,,,,,,,,,,,,,,,,,,,,,,,,,,,,,,,,,,,,,,,,,,,,,,,,,,,,,,,,,,,,,,,,,,,,,,,,,,,,,,,,,,,,,,,,,,,,,
020594e8-6596-4373-8bf8-77b35c49ecba,ebd9ae08-2c1a-4db3-a5fb-bad40984c448,2026-09-22 16:16:52,,,In progress,Desktop,en-US,6a98aba13cc0e5ab8cd80c24,28,male,Instagram,,,,,,,,,,,,,,,,,,,,,,,,,,,,,,,,,,,,,,,,,,,,,,,,,,,,,,,,,,,,,,,,,,,,,,,,,,,,,,,,,,,,,,,,,,,,,,,,,,,,,,,,,,,,,,,,,,,,,,,,,,,,,,,,,,,,,,,,,,,,,,,,,,,,,,,,,,,,,,,,,,,,,,,,,,,,,,,,,,,,,,,,,,,,,,,,,,,,,,,,,,,,,,,,,,,,,,,,,,,,,,,,,,,,,,,,,,,,,,,,,,,,,,,,,,,,,,,,,,,,,,,,,,,,,,,,,,,,,,,,,,,,,,,,,,,,,,,,,,,,,,,,,,,,,,,,,,,,,,,,,,,,,,,,,,,,,,,,,,,,,,,,,,,,,,,,,,,
e3ab0627-08ee-48da-8cde-f74f104d5e39,2b6bf06b-6401-4db0-80d0-ea0dea62e156,2026-09-22 16:17:49,2026-09-22 16:40:02,1332,Completed,Desktop,en-US,66b20339b1ea6c44133d8841,41,"Female
",Instagram,,,,,,,,,,,,,,,,,,,,,,,,,,,,,,,,,,,,,,,,,,,,,,,,,,,,,,,,,,,,,,,,,,,,,,,,,,,,,,,,,,,,,,,,,,ArrowRight,ArrowLeft,ArrowRight,ArrowLeft,ArrowRight,ArrowRight,ArrowRight,ArrowRight,ArrowRight,ArrowRight,ArrowRight,ArrowRight,ArrowRight,ArrowRight,ArrowRight,ArrowRight,ArrowRight,ArrowRight,ArrowRight,ArrowRight,ArrowRight,ArrowRight,ArrowRight,ArrowRight,ArrowLeft,ArrowLeft,ArrowRight,ArrowLeft,ArrowRight,ArrowRight,ArrowRight,ArrowRight,ArrowRight,ArrowLeft,ArrowRight,ArrowLeft,ArrowRight,ArrowLeft,ArrowRight,ArrowRight,ArrowRight,ArrowRight,ArrowRight,ArrowRight,ArrowRight,ArrowRight,ArrowRight,ArrowRight,ArrowRight,ArrowRight,ArrowRight,ArrowLeft,ArrowLeft,ArrowRight,ArrowRight,ArrowLeft,ArrowRight,ArrowRight,ArrowRight,ArrowRight,ArrowRight,ArrowRight,ArrowRight,ArrowRight,ArrowRight,ArrowRight,ArrowRight,ArrowRight,ArrowRight,ArrowRight,ArrowRight,ArrowRight,ArrowRight,ArrowRight,ArrowRight,ArrowRight,ArrowRight,ArrowRight,ArrowRight,ArrowRight,ArrowRight,ArrowLeft,ArrowRight,ArrowRight,ArrowRight,ArrowRight,ArrowRight,ArrowRight,Deciding which posts I might share,,6,5,7,5,6,5,6,7,5,5,6,5,4,3,4,5,1,1,2,3,1,1,1,1,5,6,6,6,4,3,4,3,2,3,4,6,4,3,3,4,1,1,1,1,3,2,1,1,7,7,7,7,6,5,7,7,1,1,2,1,1,1,2,1,2,5,6,5,2,2,5,6,5,6,6,7,4,4,5,6,1,1,1,1,1,1,2,2,1,1,2,1,1,1,1,1,7,6,5,6,5,7,5,6,2,1,7,7,4,2,7,7,1,1,1,1,2,1,1,1,4,3,5,3,4,2,3,6,1,1,5,6,2,3,3,4,2,2,5,4,1,1,1,2,5,4,2,2,4,5,3,1,2,1,5,4,2,2,3,2,2,2,5,4,1,1,2,4,1,1,1,1,5,3,3,1
004b8ca3-f394-4491-9c92-b7ab742aa9cf,babd6fc9-4089-46ca-8bbb-28dc714110a8,2026-09-22 16:23:16,,,In progress,Desktop,en-US,5fb701a86c3b2e1da0b3235a,,,,,,,,,,,,,,,,,,,,,,,,,,,,,,,,,,,,,,,,,,,,,,,,,,,,,,,,,,,,,,,,,,,,,,,,,,,,,,,,,,,,,,,,,,,,,,,,,,,,,,,,,,,,,,,,,,,,,,,,,,,,,,,,,,,,,,,,,,,,,,,,,,,,,,,,,,,,,,,,,,,,,,,,,,,,,,,,,,,,,,,,,,,,,,,,,,,,,,,,,,,,,,,,,,,,,,,,,,,,,,,,,,,,,,,,,,,,,,,,,,,,,,,,,,,,,,,,,,,,,,,,,,,,,,,,,,,,,,,,,,,,,,,,,,,,,,,,,,,,,,,,,,,,,,,,,,,,,,,,,,,,,,,,,,,,,,,,,,,,,,,,,,,,,,,,,,,,,,
e2bae2fa-b795-48ae-b018-181110628842,9fc4dacd-58ef-429a-888a-a502d58cfe20,2026-09-22 16:23:56,,,In progress,Desktop,en-US,69b58d907f39e186ec474b28,,,,,,,,,,,,,,,,,,,,,,,,,,,,,,,,,,,,,,,,,,,,,,,,,,,,,,,,,,,,,,,,,,,,,,,,,,,,,,,,,,,,,,,,,,,,,,,,,,,,,,,,,,,,,,,,,,,,,,,,,,,,,,,,,,,,,,,,,,,,,,,,,,,,,,,,,,,,,,,,,,,,,,,,,,,,,,,,,,,,,,,,,,,,,,,,,,,,,,,,,,,,,,,,,,,,,,,,,,,,,,,,,,,,,,,,,,,,,,,,,,,,,,,,,,,,,,,,,,,,,,,,,,,,,,,,,,,,,,,,,,,,,,,,,,,,,,,,,,,,,,,,,,,,,,,,,,,,,,,,,,,,,,,,,,,,,,,,,,,,,,,,,,,,,,,,,,,,,,
7be541a5-27a2-46f3-8b40-9a15b3f1e211,3dacd7cd-97e3-4a60-868a-6980b5f6a4a2,2026-09-22 16:24:00,,,In progress,Desktop,en-US,,,,,,,,,,,,,,,,,,,,,,,,,,,,,,,,,,,,,,,,,,,,,,,,,,,,,,,,,,,,,,,,,,,,,,,,,,,,,,,,,,,,,,,,,,,,,,,,,,,,,,,,,,,,,,,,,,,,,,,,,,,,,,,,,,,,,,,,,,,,,,,,,,,,,,,,,,,,,,,,,,,,,,,,,,,,,,,,,,,,,,,,,,,,,,,,,,,,,,,,,,,,,,,,,,,,,,,,,,,,,,,,,,,,,,,,,,,,,,,,,,,,,,,,,,,,,,,,,,,,,,,,,,,,,,,,,,,,,,,,,,,,,,,,,,,,,,,,,,,,,,,,,,,,,,,,,,,,,,,,,,,,,,,,,,,,,,,,,,,,,,,,,,,,,,,,,,,,,,,
1bd10d7e-a63a-4b04-b90e-12c0a810a3f2,e054f663-e235-4b96-aec3-b6f7723ee70a,2026-09-22 16:24:46,2026-09-22 17:05:13,2427,Completed,Desktop,en-US,66906bb9500d9af3abbf9675,46,female,Facebook,,ArrowLeft,ArrowLeft,ArrowLeft,ArrowLeft,ArrowLeft,ArrowLeft,ArrowLeft,ArrowLeft,ArrowRight,ArrowRight,ArrowRight,ArrowRight,ArrowLeft,ArrowRight,ArrowLeft,ArrowRight,ArrowLeft,ArrowLeft,ArrowRight,ArrowRight,ArrowRight,ArrowRight,ArrowRight,ArrowRight,ArrowLeft,ArrowLeft,ArrowLeft,ArrowLeft,ArrowRight,ArrowRight,ArrowRight,ArrowRight,ArrowLeft,ArrowLeft,ArrowLeft,ArrowLeft,ArrowLeft,ArrowLeft,ArrowLeft,ArrowLeft,ArrowRight,ArrowRight,ArrowRight,ArrowRight,ArrowRight,ArrowLeft,ArrowRight,ArrowRight,ArrowLeft,ArrowRight,ArrowLeft,ArrowLeft,ArrowRight,ArrowLeft,ArrowRight,ArrowLeft,ArrowRight,ArrowRight,ArrowRight,ArrowRight,ArrowRight,ArrowRight,ArrowLeft,ArrowLeft,ArrowRight,ArrowRight,ArrowRight,ArrowRight,ArrowRight,ArrowRight,ArrowRight,ArrowRight,ArrowRight,ArrowRight,ArrowRight,ArrowLeft,ArrowLeft,ArrowRight,ArrowRight,ArrowRight,ArrowRight,ArrowLeft,ArrowRight,ArrowRight,ArrowRight,ArrowRight,ArrowRight,ArrowRight,,,,,,,,,,,,,,,,,,,,,,,,,,,,,,,,,,,,,,,,,,,,,,,,,,,,,,,,,,,,,,,,,,,,,,,,,,,,,,,,,,,,,,,,,Deciding which posts I might share,,7,7,7,7,7,7,7,7,7,7,7,7,6,6,7,7,1,1,1,1,1,1,1,1,7,7,6,5,6,6,5,5,5,5,5,5,2,2,1,1,1,1,1,1,3,3,1,1,7,7,5,5,7,7,7,7,1,1,1,1,1,1,1,1,7,7,7,7,7,7,7,7,6,6,6,6,6,6,6,6,1,1,3,3,2,2,2,2,2,2,5,5,5,5,4,4,6,5,4,4,6,6,5,5,5,5,7,7,2,2,7,7,1,1,5,5,1,1,1,1,2,2,2,2,7,7,7,7,4,4,5,5,4,4,4,4,4,4,4,4,1,1,1,1,1,1,2,2,7,7,7,7,2,3,2,2,4,4,4,4,4,4,6,6,1,1,2,2,1,1,1,1,1,1,1,1
3cbfdc42-9bfe-4c75-9d35-107fcc558b3c,e4e266c2-f23d-40f9-a9d2-608d8456a4fb,2026-09-22 16:24:53,,,In progress,Desktop,en-US,,,,,,,,,,,,,,,,,,,,,,,,,,,,,,,,,,,,,,,,,,,,,,,,,,,,,,,,,,,,,,,,,,,,,,,,,,,,,,,,,,,,,,,,,,,,,,,,,,,,,,,,,,,,,,,,,,,,,,,,,,,,,,,,,,,,,,,,,,,,,,,,,,,,,,,,,,,,,,,,,,,,,,,,,,,,,,,,,,,,,,,,,,,,,,,,,,,,,,,,,,,,,,,,,,,,,,,,,,,,,,,,,,,,,,,,,,,,,,,,,,,,,,,,,,,,,,,,,,,,,,,,,,,,,,,,,,,,,,,,,,,,,,,,,,,,,,,,,,,,,,,,,,,,,,,,,,,,,,,,,,,,,,,,,,,,,,,,,,,,,,,,,,,,,,,,,,,,,,,
c4ad1169-357d-418c-b2ff-efbc7de9f153,0383b004-1293-48a0-bac2-1cca2e22bea4,2026-09-22 16:27:13,2026-09-22 16:50:47,1413,Completed,Desktop,en-US,6aa580f7cd642f1e8d86516e,24,female,Instagram,,,,,,,,,,,,,,,,,,,,,,,,,,,,,,,,,,,,,,,,,,,,,,,,,,,,,,,,,,,,,,,,,,,,,,,,,,,,,,,,,,,,,,,,,,ArrowRight,ArrowLeft,ArrowLeft,ArrowLeft,ArrowLeft,ArrowRight,ArrowLeft,ArrowRight,ArrowRight,ArrowRight,ArrowRight,ArrowRight,ArrowRight,ArrowRight,ArrowRight,ArrowRight,ArrowRight,ArrowRight,ArrowRight,ArrowRight,ArrowRight,ArrowRight,ArrowRight,ArrowRight,ArrowRight,ArrowLeft,ArrowRight,ArrowLeft,ArrowRight,ArrowLeft,ArrowRight,ArrowLeft,ArrowRight,ArrowRight,ArrowRight,ArrowRight,ArrowRight,ArrowRight,ArrowRight,ArrowRight,ArrowRight,ArrowRight,ArrowRight,ArrowRight,ArrowRight,ArrowRight,ArrowRight,ArrowRight,ArrowRight,ArrowRight,ArrowRight,ArrowRight,ArrowRight,ArrowRight,ArrowRight,ArrowRight,ArrowRight,ArrowRight,ArrowRight,ArrowRight,ArrowRight,ArrowRight,ArrowRight,ArrowLeft,ArrowRight,ArrowRight,ArrowRight,ArrowRight,ArrowRight,ArrowRight,ArrowRight,ArrowRight,ArrowRight,ArrowRight,ArrowRight,ArrowLeft,ArrowRight,ArrowRight,ArrowRight,ArrowRight,ArrowRight,ArrowRight,ArrowRight,ArrowRight,ArrowRight,ArrowRight,ArrowRight,ArrowRight,Learning about the views people hold on these issues,,6,7,7,7,7,7,7,7,6,7,3,6,6,7,5,7,4,4,2,2,4,4,4,4,7,7,5,4,7,7,5,1,3,4,2,4,1,1,2,1,4,4,2,2,6,4,4,4,7,7,7,7,6,6,7,7,2,1,5,2,2,1,6,3,2,6,2,7,1,5,3,7,5,7,5,5,4,4,3,7,1,1,3,3,6,2,2,1,5,2,7,7,5,5,3,3,1,1,5,5,3,3,1,1,4,4,4,4,4,4,6,7,2,1,1,1,1,1,1,1,4,4,4,4,6,7,6,7,4,4,4,4,1,1,4,4,4,4,6,4,1,1,1,1,1,1,5,5,6,7,6,6,4,4,7,4,4,4,4,4,2,2,4,4,1,1,1,1,1,1,1,1,2,1,1,1
c27844e2-391f-4c46-8aae-4c0ff0ff2e3b,7f6f4196-906e-495e-9b57-4e0dc220a813,2026-09-22 16:29:04,,,In progress,Desktop,en-US,6a0927522a14c33ddbf8a3f9,,,,,,,,,,,,,,,,,,,,,,,,,,,,,,,,,,,,,,,,,,,,,,,,,,,,,,,,,,,,,,,,,,,,,,,,,,,,,,,,,,,,,,,,,,,,,,,,,,,,,,,,,,,,,,,,,,,,,,,,,,,,,,,,,,,,,,,,,,,,,,,,,,,,,,,,,,,,,,,,,,,,,,,,,,,,,,,,,,,,,,,,,,,,,,,,,,,,,,,,,,,,,,,,,,,,,,,,,,,,,,,,,,,,,,,,,,,,,,,,,,,,,,,,,,,,,,,,,,,,,,,,,,,,,,,,,,,,,,,,,,,,,,,,,,,,,,,,,,,,,,,,,,,,,,,,,,,,,,,,,,,,,,,,,,,,,,,,,,,,,,,,,,,,,,,,,,,,,,
8e86acd0-d465-44d2-a1ac-cce9bdacc330,19c27268-755d-4474-83f0-d6f8f5b2976c,2026-09-22 16:30:55,,,In progress,Mobile,en-US,66463f2e1aaefb1c994a0e3f,,,,,,,,,,,,,,,,,,,,,,,,,,,,,,,,,,,,,,,,,,,,,,,,,,,,,,,,,,,,,,,,,,,,,,,,,,,,,,,,,,,,,,,,,,,,,,,,,,,,,,,,,,,,,,,,,,,,,,,,,,,,,,,,,,,,,,,,,,,,,,,,,,,,,,,,,,,,,,,,,,,,,,,,,,,,,,,,,,,,,,,,,,,,,,,,,,,,,,,,,,,,,,,,,,,,,,,,,,,,,,,,,,,,,,,,,,,,,,,,,,,,,,,,,,,,,,,,,,,,,,,,,,,,,,,,,,,,,,,,,,,,,,,,,,,,,,,,,,,,,,,,,,,,,,,,,,,,,,,,,,,,,,,,,,,,,,,,,,,,,,,,,,,,,,,,,,,,,,
f1b16dcd-199f-4556-9c03-9d0e9402a31f,10dbb8dd-7d27-4337-ae87-99f55792b82c,2026-09-22 16:34:48,2026-09-22 17:15:58,2470,Completed,Desktop,en-US,69f3d1b7e192812592d5b6a8,53,Male,Instagram,,ArrowRight,ArrowRight,ArrowRight,ArrowRight,ArrowRight,ArrowRight,ArrowRight,ArrowRight,ArrowLeft,ArrowLeft,ArrowLeft,ArrowLeft,ArrowLeft,ArrowRight,ArrowRight,ArrowRight,ArrowRight,ArrowRight,ArrowLeft,ArrowLeft,ArrowLeft,ArrowLeft,ArrowLeft,ArrowLeft,ArrowRight,ArrowRight,ArrowRight,ArrowRight,ArrowLeft,ArrowLeft,ArrowLeft,ArrowLeft,ArrowRight,ArrowRight,ArrowRight,ArrowRight,ArrowRight,ArrowRight,ArrowRight,ArrowRight,ArrowLeft,ArrowLeft,ArrowLeft,ArrowLeft,ArrowLeft,ArrowLeft,ArrowLeft,ArrowLeft,ArrowRight,ArrowRight,ArrowRight,ArrowRight,ArrowRight,ArrowRight,ArrowLeft,ArrowRight,ArrowLeft,ArrowLeft,ArrowLeft,ArrowLeft,ArrowLeft,ArrowLeft,ArrowRight,ArrowRight,ArrowRight,ArrowRight,ArrowRight,ArrowRight,ArrowLeft,ArrowLeft,ArrowLeft,ArrowLeft,ArrowLeft,ArrowLeft,ArrowLeft,ArrowRight,ArrowRight,ArrowLeft,ArrowLeft,ArrowRight,ArrowRight,ArrowRight,ArrowLeft,ArrowLeft,ArrowLeft,ArrowLeft,ArrowLeft,ArrowLeft,,,,,,,,,,,,,,,,,,,,,,,,,,,,,,,,,,,,,,,,,,,,,,,,,,,,,,,,,,,,,,,,,,,,,,,,,,,,,,,,,,,,,,,,,Learning about the views people hold on these issues,,1,5,1,5,1,5,5,5,1,5,1,3,1,4,1,5,6,3,6,3,6,2,7,4,2,6,4,4,2,3,4,4,1,3,1,6,7,4,7,2,5,4,6,4,6,2,5,4,2,4,2,5,1,3,5,2,6,3,7,5,7,3,7,4,1,4,1,5,1,5,1,5,1,4,1,4,1,3,1,4,6,4,6,3,7,4,6,4,7,5,6,6,7,6,6,3,1,2,1,4,1,2,1,3,5,5,2,4,6,4,2,6,5,2,6,4,5,4,6,4,7,4,5,2,1,5,1,2,1,3,1,4,1,4,1,3,6,4,7,4,7,2,7,2,7,5,7,6,1,5,1,3,7,3,7,5,6,4,7,4,1,4,1,4,7,3,7,3,7,2,7,4,7,5,7,4
f45adaf4-0950-4580-9a29-6c6ce8a3fdd5,e319a108-7e73-4dda-87ab-b312d7d32a9b,2026-09-22 16:40:45,,,In progress,Desktop,en-US,699a3f8e95cc643d41c39258,,,,,,,,,,,,,,,,,,,,,,,,,,,,,,,,,,,,,,,,,,,,,,,,,,,,,,,,,,,,,,,,,,,,,,,,,,,,,,,,,,,,,,,,,,,,,,,,,,,,,,,,,,,,,,,,,,,,,,,,,,,,,,,,,,,,,,,,,,,,,,,,,,,,,,,,,,,,,,,,,,,,,,,,,,,,,,,,,,,,,,,,,,,,,,,,,,,,,,,,,,,,,,,,,,,,,,,,,,,,,,,,,,,,,,,,,,,,,,,,,,,,,,,,,,,,,,,,,,,,,,,,,,,,,,,,,,,,,,,,,,,,,,,,,,,,,,,,,,,,,,,,,,,,,,,,,,,,,,,,,,,,,,,,,,,,,,,,,,,,,,,,,,,,,,,,,,,,,,
38cd70d5-d42c-4937-9beb-35e71e223b95,a321d449-87a4-4370-b339-905aa77194d4,2026-09-22 16:42:51,,,In progress,Desktop,en-US,662ad9c7673f1b65868e47de,34,female,Instagram,,,,,,,,,,,,,,,,,,,,,,,,,,,,,,,,,,,,,,,,,,,,,,,,,,,,,,,,,,,,,,,,,,,,,,,,,,,,,,,,,,,,,,,,,,ArrowRight,ArrowRight,ArrowRight,ArrowRight,ArrowRight,ArrowRight,ArrowRight,ArrowRight,ArrowRight,ArrowRight,ArrowRight,ArrowRight,ArrowRight,ArrowRight,ArrowRight,ArrowRight,ArrowRight,ArrowRight,ArrowRight,ArrowRight,ArrowRight,ArrowRight,ArrowRight,ArrowRight,ArrowRight,ArrowRight,ArrowRight,ArrowRight,ArrowLeft,ArrowLeft,ArrowRight,ArrowRight,ArrowRight,ArrowRight,ArrowRight,ArrowRight,ArrowRight,ArrowRight,ArrowRight,ArrowRight,ArrowRight,ArrowRight,ArrowRight,ArrowRight,ArrowRight,ArrowRight,ArrowRight,ArrowRight,ArrowRight,ArrowRight,ArrowRight,ArrowRight,ArrowRight,ArrowRight,ArrowRight,ArrowRight,ArrowRight,ArrowRight,ArrowRight,ArrowRight,ArrowLeft,ArrowRight,ArrowRight,ArrowRight,ArrowRight,ArrowRight,ArrowRight,ArrowRight,ArrowRight,ArrowRight,ArrowRight,ArrowRight,ArrowRight,ArrowRight,ArrowRight,ArrowRight,ArrowLeft,ArrowLeft,ArrowRight,ArrowRight,ArrowRight,ArrowRight,ArrowRight,ArrowRight,ArrowRight,ArrowLeft,ArrowRight,ArrowRight,Deciding which posts I might share,,,,,,,,3,3,,,4,4,4,4,,,,,4,4,,,,,,,4,4,4,4,4,4,,,,,5,5,,,,,4,4,,,,,,,3,2,,,5,5,6,6,6,6,,,6,6,2,2,4,4,,,,,4,4,4,4,,,4,4,,,,,4,4,4,4,,,,,,,,,,,,,,,5,5,,,,,,,,,6,5,,,,,6,6,,,,,,,,,3,3,,,,,4,4,,,,,,,2,2,,,4,4,,,5,5,6,6,,,2,4,,,,,,,,,,,,,,,,,,
2c7932ef-26ad-44fc-ba76-832a10caec0d,fb5d0304-86d4-475b-a028-fb9b4b43abc1,2026-09-22 16:44:39,,,In progress,Desktop,en-US,6942fba1c0dfcfc7992ac1d9,,,,,,,,,,,,,,,,,,,,,,,,,,,,,,,,,,,,,,,,,,,,,,,,,,,,,,,,,,,,,,,,,,,,,,,,,,,,,,,,,,,,,,,,,,,,,,,,,,,,,,,,,,,,,,,,,,,,,,,,,,,,,,,,,,,,,,,,,,,,,,,,,,,,,,,,,,,,,,,,,,,,,,,,,,,,,,,,,,,,,,,,,,,,,,,,,,,,,,,,,,,,,,,,,,,,,,,,,,,,,,,,,,,,,,,,,,,,,,,,,,,,,,,,,,,,,,,,,,,,,,,,,,,,,,,,,,,,,,,,,,,,,,,,,,,,,,,,,,,,,,,,,,,,,,,,,,,,,,,,,,,,,,,,,,,,,,,,,,,,,,,,,,,,,,,,,,,,,,
105d87c8-c7bc-4b14-b945-e0a1a3b0b547,dfb62a34-3772-4631-8726-dad84ba20ba4,2026-09-22 16:47:00,2026-09-22 17:01:22,862,Completed,Desktop,en-US,67daaf1bd5692a92530dcadb,72,male,Facebook,,ArrowLeft,ArrowRight,ArrowRight,ArrowRight,ArrowRight,ArrowRight,ArrowRight,ArrowLeft,ArrowRight,ArrowRight,ArrowRight,ArrowRight,ArrowRight,ArrowRight,ArrowRight,ArrowRight,ArrowRight,ArrowRight,ArrowRight,ArrowRight,ArrowRight,ArrowRight,ArrowRight,ArrowRight,ArrowRight,ArrowRight,ArrowRight,ArrowRight,ArrowRight,ArrowRight,ArrowRight,ArrowRight,ArrowRight,ArrowRight,ArrowRight,ArrowRight,ArrowRight,ArrowRight,ArrowRight,ArrowRight,ArrowRight,ArrowRight,ArrowRight,ArrowRight,ArrowRight,ArrowRight,ArrowRight,ArrowRight,ArrowRight,ArrowRight,ArrowRight,ArrowRight,ArrowRight,ArrowRight,ArrowRight,ArrowRight,ArrowRight,ArrowRight,ArrowRight,ArrowRight,ArrowRight,ArrowRight,ArrowRight,ArrowRight,ArrowRight,ArrowRight,ArrowRight,ArrowRight,ArrowRight,ArrowRight,ArrowRight,ArrowRight,ArrowRight,ArrowRight,ArrowRight,ArrowLeft,ArrowLeft,ArrowRight,ArrowRight,ArrowRight,ArrowLeft,ArrowRight,ArrowRight,ArrowRight,ArrowRight,ArrowRight,ArrowRight,ArrowRight,,,,,,,,,,,,,,,,,,,,,,,,,,,,,,,,,,,,,,,,,,,,,,,,,,,,,,,,,,,,,,,,,,,,,,,,,,,,,,,,,,,,,,,,,Deciding which posts I might share,,6,6,6,6,6,6,5,5,5,5,5,5,6,6,5,5,2,2,2,2,2,2,2,2,4,4,5,5,5,5,4,4,3,3,4,4,2,2,3,3,2,2,2,2,3,3,2,2,6,6,6,6,6,6,5,5,2,2,3,3,3,3,3,3,4,4,5,6,3,3,5,5,5,5,5,5,6,6,5,5,2,2,2,2,2,2,4,3,3,3,4,4,4,4,3,3,4,4,5,5,5,5,5,5,5,5,5,5,2,2,6,6,2,2,2,2,2,2,2,2,3,3,2,2,5,5,6,6,3,3,5,5,4,4,3,3,3,3,5,5,2,2,2,2,2,2,2,2,5,5,6,6,3,3,3,3,3,3,3,4,3,3,5,5,2,2,2,2,2,2,2,2,3,3,2,2
ee96b7be-04b5-48b0-9acb-9b6738f451ae,d13ccb00-5c95-456b-8dcc-5014fed79898,2026-09-22 16:47:37,,,In progress,Desktop,en-US,69c55a38718fb87a5b8c5014,,,,,,,,,,,,,,,,,,,,,,,,,,,,,,,,,,,,,,,,,,,,,,,,,,,,,,,,,,,,,,,,,,,,,,,,,,,,,,,,,,,,,,,,,,,,,,,,,,,,,,,,,,,,,,,,,,,,,,,,,,,,,,,,,,,,,,,,,,,,,,,,,,,,,,,,,,,,,,,,,,,,,,,,,,,,,,,,,,,,,,,,,,,,,,,,,,,,,,,,,,,,,,,,,,,,,,,,,,,,,,,,,,,,,,,,,,,,,,,,,,,,,,,,,,,,,,,,,,,,,,,,,,,,,,,,,,,,,,,,,,,,,,,,,,,,,,,,,,,,,,,,,,,,,,,,,,,,,,,,,,,,,,,,,,,,,,,,,,,,,,,,,,,,,,,,,,,,,,
ff0231a1-7656-4e50-9a84-6b4a1479aa92,a319cc21-8089-4d30-94b7-01f0b59ed534,2026-09-22 16:48:27,2026-09-22 17:25:34,2227,Completed,Desktop,pt-BR,6a984da53f10a8e5117625f9,33,male,Instagram,,,,,,,,,,,,,,,,,,,,,,,,,,,,,,,,,,,,,,,,,,,,,,,,,,,,,,,,,,,,,,,,,,,,,,,,,,,,,,,,,,,,,,,,,,ArrowLeft,ArrowLeft,ArrowLeft,ArrowLeft,ArrowRight,ArrowLeft,ArrowLeft,ArrowLeft,ArrowRight,ArrowRight,ArrowRight,ArrowRight,ArrowLeft,ArrowLeft,ArrowRight,ArrowRight,ArrowRight,ArrowRight,ArrowRight,ArrowRight,ArrowRight,ArrowRight,ArrowRight,ArrowRight,ArrowLeft,ArrowLeft,ArrowLeft,ArrowLeft,ArrowRight,ArrowLeft,ArrowRight,ArrowRight,ArrowRight,ArrowRight,ArrowRight,ArrowRight,ArrowRight,ArrowRight,ArrowRight,ArrowRight,ArrowRight,ArrowLeft,ArrowRight,ArrowRight,ArrowRight,ArrowRight,ArrowRight,ArrowRight,ArrowRight,ArrowLeft,ArrowLeft,ArrowRight,ArrowLeft,ArrowLeft,ArrowRight,ArrowLeft,ArrowRight,ArrowRight,ArrowRight,ArrowRight,ArrowLeft,ArrowRight,ArrowLeft,ArrowLeft,ArrowRight,ArrowRight,ArrowRight,ArrowRight,ArrowRight,ArrowRight,ArrowRight,ArrowRight,ArrowRight,ArrowRight,ArrowRight,ArrowRight,ArrowRight,ArrowLeft,ArrowLeft,ArrowRight,ArrowRight,ArrowLeft,ArrowRight,ArrowRight,ArrowRight,ArrowRight,ArrowLeft,ArrowRight,Deciding which posts I might share,,7,7,7,7,7,7,7,7,7,5,7,7,7,7,6,7,4,4,4,4,1,1,1,1,6,6,7,7,4,4,4,4,5,4,4,4,2,2,2,4,1,1,1,1,4,4,4,4,7,7,7,7,7,7,7,6,5,7,5,4,4,4,4,4,4,4,4,4,4,4,3,2,5,5,4,4,4,4,1,1,2,5,5,5,3,4,3,5,5,6,4,5,3,3,5,6,5,5,7,5,6,4,4,4,7,7,7,7,4,4,7,7,1,1,4,4,1,1,2,2,5,4,5,5,7,7,6,5,5,4,3,4,4,4,4,4,4,4,4,4,1,1,1,1,7,7,1,1,7,7,6,5,4,4,5,5,3,3,4,4,3,4,5,4,1,1,1,1,1,1,1,2,1,1,1,2
4b80376e-6bb7-48e6-b8dc-11795e8fd641,d8862e6f-173d-41b9-a070-e92066eefa77,2026-09-22 16:51:07,,,In progress,Desktop,en-US,6676e8090b3f8feb94a4f00f,,,,,,,,,,,,,,,,,,,,,,,,,,,,,,,,,,,,,,,,,,,,,,,,,,,,,,,,,,,,,,,,,,,,,,,,,,,,,,,,,,,,,,,,,,,,,,,,,,,,,,,,,,,,,,,,,,,,,,,,,,,,,,,,,,,,,,,,,,,,,,,,,,,,,,,,,,,,,,,,,,,,,,,,,,,,,,,,,,,,,,,,,,,,,,,,,,,,,,,,,,,,,,,,,,,,,,,,,,,,,,,,,,,,,,,,,,,,,,,,,,,,,,,,,,,,,,,,,,,,,,,,,,,,,,,,,,,,,,,,,,,,,,,,,,,,,,,,,,,,,,,,,,,,,,,,,,,,,,,,,,,,,,,,,,,,,,,,,,,,,,,,,,,,,,,,,,,,,,
28779a49-a37e-409c-9c4d-3fca2f1cac77,6ce91bb1-2b9a-48b6-9f58-bd2f8f05121b,2026-09-22 16:53:59,2026-09-22 17:32:16,2296,Completed,Desktop,en-US,669091a638f59b609863253f,71,femalw,X (formerly Twitter),,,,,,,,,,,,,,,,,,,,,,,,,,,,,,,,,,,,,,,,,,,,,,,,,,,,,,,,,,,,,,,,,,,,,,,,,,,,,,,,,,,,,,,,,,ArrowRight,ArrowLeft,ArrowLeft,ArrowLeft,ArrowRight,ArrowLeft,ArrowRight,ArrowLeft,ArrowLeft,ArrowLeft,ArrowLeft,ArrowLeft,ArrowLeft,ArrowLeft,ArrowLeft,ArrowLeft,ArrowLeft,ArrowRight,ArrowRight,ArrowLeft,ArrowLeft,ArrowLeft,ArrowLeft,ArrowLeft,ArrowLeft,ArrowLeft,ArrowLeft,ArrowRight,ArrowLeft,ArrowRight,ArrowLeft,ArrowRight,ArrowLeft,ArrowLeft,ArrowLeft,ArrowRight,ArrowRight,ArrowRight,ArrowRight,ArrowRight,ArrowLeft,ArrowLeft,ArrowLeft,ArrowLeft,ArrowLeft,ArrowLeft,ArrowLeft,ArrowLeft,ArrowLeft,ArrowRight,ArrowRight,ArrowLeft,ArrowLeft,ArrowRight,ArrowLeft,ArrowLeft,ArrowLeft,ArrowLeft,ArrowLeft,ArrowLeft,ArrowRight,ArrowLeft,ArrowLeft,ArrowLeft,ArrowLeft,ArrowLeft,ArrowLeft,ArrowLeft,ArrowLeft,ArrowLeft,ArrowRight,ArrowLeft,ArrowRight,ArrowLeft,ArrowLeft,ArrowRight,ArrowLeft,ArrowRight,ArrowLeft,ArrowLeft,ArrowLeft,ArrowRight,ArrowLeft,ArrowLeft,ArrowLeft,ArrowRight,ArrowLeft,ArrowRight,Learning about the views people hold on these issues,,4,6,6,6,5,6,7,7,5,6,6,6,6,6,5,5,3,3,4,4,7,7,6,6,6,6,6,6,5,5,6,6,5,5,5,6,2,2,5,5,1,1,1,1,5,5,4,4,7,7,4,4,6,6,6,6,6,6,7,6,5,5,7,7,5,6,4,4,3,3,5,5,6,6,6,6,6,6,6,6,1,1,2,2,3,3,2,2,4,4,3,3,4,5,3,3,6,6,7,7,7,7,6,6,5,5,7,7,6,6,3,5,4,4,3,3,2,2,6,6,6,6,6,6,4,5,4,6,2,2,7,7,3,3,3,3,2,2,7,7,4,4,1,1,6,6,5,5,5,6,5,5,5,5,5,5,5,6,2,3,2,2,6,6,2,2,4,4,3,4,6,6,5,6,5,5
77cc3d92-cc45-4f25-a947-693d890d854e,8c50aa84-7f5f-4d7b-82b3-8a1e5c4cb5f1,2026-09-22 16:59:15,2026-09-22 17:46:05,2809,Completed,Desktop,en-US,65edddac674b5980782246d4,43,female,Instagram,,,,,,,,,,,,,,,,,,,,,,,,,,,,,,,,,,,,,,,,,,,,,,,,,,,,,,,,,,,,,,,,,,,,,,,,,,,,,,,,,,,,,,,,,,ArrowRight,ArrowRight,ArrowRight,ArrowRight,ArrowRight,ArrowRight,ArrowRight,ArrowRight,ArrowRight,ArrowRight,ArrowRight,ArrowRight,ArrowRight,ArrowRight,ArrowRight,ArrowRight,ArrowRight,ArrowRight,ArrowRight,ArrowRight,ArrowRight,ArrowRight,ArrowRight,ArrowRight,ArrowRight,ArrowRight,ArrowLeft,ArrowLeft,ArrowRight,ArrowRight,ArrowRight,ArrowRight,ArrowLeft,ArrowLeft,ArrowRight,ArrowRight,ArrowRight,ArrowLeft,ArrowRight,ArrowLeft,ArrowRight,ArrowRight,ArrowRight,ArrowRight,ArrowRight,ArrowRight,ArrowRight,ArrowRight,ArrowLeft,ArrowRight,ArrowRight,ArrowLeft,ArrowRight,ArrowRight,ArrowRight,ArrowRight,ArrowRight,ArrowRight,ArrowRight,ArrowRight,ArrowRight,ArrowRight,ArrowRight,ArrowRight,ArrowRight,ArrowRight,ArrowRight,ArrowRight,ArrowRight,ArrowRight,ArrowRight,ArrowRight,ArrowRight,ArrowRight,ArrowRight,ArrowRight,ArrowRight,ArrowRight,ArrowRight,ArrowRight,ArrowRight,ArrowRight,ArrowRight,ArrowRight,ArrowLeft,ArrowLeft,ArrowRight,ArrowRight,Deciding which posts I might share,,3,4,4,4,2,4,2,2,1,3,2,3,1,3,1,3,1,2,2,4,3,2,1,4,6,4,4,3,4,4,4,4,4,3,4,4,4,4,5,4,1,4,3,3,4,4,5,4,6,3,6,5,7,3,6,4,1,5,2,4,5,4,2,5,6,3,4,4,6,3,6,4,4,3,7,3,5,2,6,3,1,3,1,4,1,5,1,5,2,5,1,4,2,4,1,4,6,2,6,4,6,2,6,3,4,4,4,4,4,4,5,4,4,4,4,4,2,3,4,3,4,4,4,4,2,3,2,2,2,4,4,3,3,2,4,4,1,4,5,4,6,3,4,4,4,4,4,4,3,4,4,4,3,4,5,4,4,4,4,4,4,3,4,4,4,4,4,4,7,2,7,5,6,4,4,4
3470bf24-74d8-40a7-93c1-db41cdd4d44f,52792b37-19b6-4839-aef6-45c83469930d,2026-09-22 17:01:27,,,In progress,Desktop,en-US,6a0c7fada5e574ed14559e8e,,,,,,,,,,,,,,,,,,,,,,,,,,,,,,,,,,,,,,,,,,,,,,,,,,,,,,,,,,,,,,,,,,,,,,,,,,,,,,,,,,,,,,,,,,,,,,,,,,,,,,,,,,,,,,,,,,,,,,,,,,,,,,,,,,,,,,,,,,,,,,,,,,,,,,,,,,,,,,,,,,,,,,,,,,,,,,,,,,,,,,,,,,,,,,,,,,,,,,,,,,,,,,,,,,,,,,,,,,,,,,,,,,,,,,,,,,,,,,,,,,,,,,,,,,,,,,,,,,,,,,,,,,,,,,,,,,,,,,,,,,,,,,,,,,,,,,,,,,,,,,,,,,,,,,,,,,,,,,,,,,,,,,,,,,,,,,,,,,,,,,,,,,,,,,,,,,,,,,
ec67bb79-6609-4ca3-926a-e530060a32a6,6440ef9a-fcd2-49f7-a2b8-7b4cf7811345,2026-09-22 17:01:37,2026-09-22 17:23:49,1332,Completed,Desktop,en-US,697b6a68a242f26a0d732d61,26,Female,Facebook,,,,,,,,,,,,,,,,,,,,,,,,,,,,,,,,,,,,,,,,,,,,,,,,,,,,,,,,,,,,,,,,,,,,,,,,,,,,,,,,,,,,,,,,,,ArrowLeft,ArrowLeft,ArrowLeft,ArrowRight,ArrowLeft,ArrowLeft,ArrowLeft,ArrowLeft,ArrowRight,ArrowRight,ArrowRight,ArrowRight,ArrowRight,ArrowRight,ArrowRight,ArrowRight,ArrowRight,ArrowRight,ArrowRight,ArrowRight,ArrowRight,ArrowRight,ArrowRight,ArrowRight,ArrowRight,ArrowLeft,ArrowRight,ArrowRight,ArrowRight,ArrowRight,ArrowRight,ArrowRight,ArrowRight,ArrowRight,ArrowRight,ArrowRight,ArrowRight,ArrowRight,ArrowRight,ArrowRight,ArrowRight,ArrowRight,ArrowRight,ArrowRight,ArrowRight,ArrowRight,ArrowRight,ArrowRight,ArrowRight,ArrowRight,ArrowRight,ArrowRight,ArrowRight,ArrowRight,ArrowRight,ArrowRight,ArrowRight,ArrowRight,ArrowRight,ArrowRight,ArrowRight,ArrowRight,ArrowLeft,ArrowRight,ArrowRight,ArrowRight,ArrowRight,ArrowRight,ArrowRight,ArrowRight,ArrowRight,ArrowRight,ArrowRight,ArrowRight,ArrowRight,ArrowRight,ArrowRight,ArrowRight,ArrowRight,ArrowRight,ArrowRight,ArrowRight,ArrowRight,ArrowRight,ArrowRight,ArrowRight,ArrowRight,ArrowRight,Deciding which posts I might share,,7,7,7,7,7,7,7,7,7,7,7,7,7,7,7,7,1,1,1,1,1,1,1,1,5,5,4,4,5,5,4,4,3,3,4,4,1,1,1,1,1,1,1,1,1,1,1,1,7,7,7,7,7,7,7,7,1,1,2,2,1,1,1,1,4,4,4,4,3,3,6,6,5,5,5,5,5,5,5,5,1,1,1,1,4,4,1,1,1,1,1,1,1,1,1,1,7,7,1,1,1,1,4,4,1,1,7,7,1,1,7,7,1,1,1,1,1,1,1,1,4,4,4,4,7,7,7,7,4,4,4,4,4,4,4,4,2,2,5,5,1,1,1,1,1,1,1,1,7,7,7,7,4,4,4,4,7,7,4,4,3,3,4,4,1,1,1,1,1,1,1,1,2,2,2,2
22224f42-fb77-4760-8b6e-581854b30b64,8bee4503-1ee2-4f73-a93b-b5f03c12779e,2026-09-22 17:01:47,,,In progress,Desktop,en-US,6a98de201f28413e477f2e27,46,female,Facebook,,,,,,,,,,,,,,,,,,,,,,,,,,,,,,,,,,,,,,,,,,,,,,,,,,,,,,,,,,,,,,,,,,,,,,,,,,,,,,,,,,,,,,,,,,,,,,,,,ArrowRight,,,,ArrowRight,,ArrowRight,,ArrowRight,ArrowRight,,ArrowRight,,,,,,,ArrowRight,ArrowRight,,,,,ArrowLeft,,,,,,,,,,,,ArrowRight,,,ArrowRight,ArrowRight,,,ArrowRight,,,,,,,,,,,,,,,,,,,ArrowRight,,,,,,,,,,,ArrowRight,,,,,,,,,,,,,,,,,,,,,,,,,,,,,,,,,,,,,,,,,,,,,,,,,,,,,,,,,,,,,,,,,,,,,,,,,,,,,,,,,,,,,,,,,,,,,,,,,,,,,,,,,,,,,,,,,,,,,,,,,,,,,,,,,,,,,,,,,,,,,,,,,,,,,,,,,,,,,,,,,,,,,,,,,,,,,,,,,,,,,,,,,
3a45d64d-9133-48f3-a9fc-ba0cbf750a29,2399bdda-bff5-427f-b15a-fc0196bc77de,2026-09-22 17:15:18,2026-09-22 17:40:24,1506,Completed,Desktop,en-US,665629d7ec779e8fa23d7eac,54,Female,Facebook,,ArrowRight,ArrowRight,ArrowLeft,ArrowRight,ArrowRight,ArrowRight,ArrowRight,ArrowLeft,ArrowRight,ArrowRight,ArrowRight,ArrowRight,ArrowRight,ArrowRight,ArrowLeft,ArrowRight,ArrowRight,ArrowLeft,ArrowLeft,ArrowRight,ArrowLeft,ArrowLeft,ArrowRight,ArrowRight,ArrowRight,ArrowRight,ArrowLeft,ArrowLeft,ArrowRight,ArrowLeft,ArrowLeft,ArrowRight,ArrowRight,ArrowLeft,ArrowLeft,ArrowRight,ArrowRight,ArrowRight,ArrowRight,ArrowRight,ArrowRight,ArrowRight,ArrowLeft,ArrowLeft,ArrowLeft,ArrowRight,ArrowLeft,ArrowRight,ArrowRight,ArrowLeft,ArrowRight,ArrowRight,ArrowLeft,ArrowRight,ArrowLeft,ArrowRight,ArrowLeft,ArrowRight,ArrowLeft,ArrowRight,ArrowLeft,ArrowLeft,ArrowLeft,ArrowRight,ArrowRight,ArrowLeft,ArrowRight,ArrowRight,ArrowRight,ArrowLeft,ArrowLeft,ArrowLeft,ArrowLeft,ArrowLeft,ArrowLeft,ArrowRight,ArrowLeft,ArrowRight,ArrowRight,ArrowRight,ArrowRight,ArrowRight,ArrowLeft,ArrowRight,ArrowRight,ArrowLeft,ArrowRight,ArrowRight,,,,,,,,,,,,,,,,,,,,,,,,,,,,,,,,,,,,,,,,,,,,,,,,,,,,,,,,,,,,,,,,,,,,,,,,,,,,,,,,,,,,,,,,,Deciding which posts I might share,,3,3,4,4,4,4,6,6,3,4,3,3,6,6,3,4,4,5,5,5,2,2,6,6,2,2,4,4,6,6,4,4,2,2,6,6,6,6,7,7,3,3,4,4,6,6,6,6,4,4,2,2,4,4,6,6,6,5,5,5,6,6,7,7,6,5,3,4,1,1,1,1,5,5,1,1,1,1,1,1,6,6,5,5,6,6,6,6,7,7,6,6,7,7,1,1,5,5,5,5,5,5,2,2,4,4,4,4,5,5,2,4,5,5,6,6,6,6,6,6,5,5,6,6,2,2,3,4,2,2,6,6,1,1,6,6,4,4,7,7,5,5,4,4,6,6,6,6,1,1,1,1,5,5,7,7,3,4,6,6,2,2,6,6,2,2,5,5,6,5,6,6,7,7,6,6
2711af34-70a0-49b6-a1a0-40c6f196d1fa,5229577f-4f07-48a9-af04-9055448cacb7,2026-09-22 17:16:57,,,In progress,Desktop,en-US,6a9aa15a343b752bc89ea081,,,,,,,,,,,,,,,,,,,,,,,,,,,,,,,,,,,,,,,,,,,,,,,,,,,,,,,,,,,,,,,,,,,,,,,,,,,,,,,,,,,,,,,,,,,,,,,,,,,,,,,,,,,,,,,,,,,,,,,,,,,,,,,,,,,,,,,,,,,,,,,,,,,,,,,,,,,,,,,,,,,,,,,,,,,,,,,,,,,,,,,,,,,,,,,,,,,,,,,,,,,,,,,,,,,,,,,,,,,,,,,,,,,,,,,,,,,,,,,,,,,,,,,,,,,,,,,,,,,,,,,,,,,,,,,,,,,,,,,,,,,,,,,,,,,,,,,,,,,,,,,,,,,,,,,,,,,,,,,,,,,,,,,,,,,,,,,,,,,,,,,,,,,,,,,,,,,,,,
aa32dd56-2fea-43fa-8c0e-a3b091a56235,3be8c5c5-9156-4231-896b-4db4c0b15af8,2026-09-22 17:23:12,2026-09-22 17:50:05,1613,Completed,Desktop,en-US,66fcb19c7b11153acd92da48,36,Female,Instagram,,ArrowRight,ArrowRight,ArrowRight,ArrowLeft,ArrowRight,ArrowRight,ArrowRight,ArrowRight,ArrowRight,ArrowLeft,ArrowRight,ArrowRight,ArrowRight,ArrowRight,ArrowRight,ArrowRight,ArrowRight,ArrowLeft,ArrowRight,ArrowRight,ArrowRight,ArrowRight,ArrowLeft,ArrowRight,ArrowRight,ArrowRight,ArrowRight,ArrowLeft,ArrowRight,ArrowRight,ArrowLeft,ArrowLeft,ArrowRight,ArrowRight,ArrowRight,ArrowRight,ArrowRight,ArrowRight,ArrowRight,ArrowLeft,ArrowRight,ArrowRight,ArrowRight,ArrowRight,ArrowRight,ArrowRight,ArrowRight,ArrowRight,ArrowRight,ArrowRight,ArrowRight,ArrowRight,ArrowLeft,ArrowRight,ArrowLeft,ArrowRight,ArrowRight,ArrowRight,ArrowRight,ArrowRight,ArrowLeft,ArrowRight,ArrowLeft,ArrowLeft,ArrowRight,ArrowLeft,ArrowRight,ArrowLeft,ArrowRight,ArrowRight,ArrowRight,ArrowRight,ArrowRight,ArrowLeft,ArrowLeft,ArrowRight,ArrowRight,ArrowRight,ArrowRight,ArrowRight,ArrowRight,ArrowRight,ArrowRight,ArrowLeft,ArrowRight,ArrowLeft,ArrowRight,ArrowRight,,,,,,,,,,,,,,,,,,,,,,,,,,,,,,,,,,,,,,,,,,,,,,,,,,,,,,,,,,,,,,,,,,,,,,,,,,,,,,,,,,,,,,,,,Something else (please describe),"Deciding which people I would follow based on the post I was viewing ",3,4,2,5,5,5,3,6,2,3,3,2,2,2,1,4,2,2,7,6,2,4,4,3,1,4,2,3,2,4,5,5,4,4,2,5,3,7,2,6,2,6,3,2,6,5,2,4,5,4,6,6,2,5,6,6,1,1,7,3,7,3,7,5,2,5,2,6,1,6,2,6,2,5,4,7,1,5,6,3,2,2,4,4,6,2,1,1,2,2,5,4,5,3,2,2,2,3,5,6,2,5,2,5,6,4,3,6,5,3,3,5,2,2,4,3,4,2,5,2,5,3,6,2,5,1,5,2,2,2,6,6,2,5,5,2,3,2,4,3,1,1,2,4,2,4,6,6,4,2,5,2,4,3,6,3,2,4,6,3,2,5,3,4,2,2,2,2,2,1,5,5,3,6,2,6
567909a0-786a-4cd9-8faa-42ecb2b1ef03,b42d3400-eb31-4235-95e1-8ce166a8b20f,2026-09-22 17:29:49,,,In progress,Desktop,en-US,6978e13fa34165299b566ca8,,,,,,,,,,,,,,,,,,,,,,,,,,,,,,,,,,,,,,,,,,,,,,,,,,,,,,,,,,,,,,,,,,,,,,,,,,,,,,,,,,,,,,,,,,,,,,,,,,,,,,,,,,,,,,,,,,,,,,,,,,,,,,,,,,,,,,,,,,,,,,,,,,,,,,,,,,,,,,,,,,,,,,,,,,,,,,,,,,,,,,,,,,,,,,,,,,,,,,,,,,,,,,,,,,,,,,,,,,,,,,,,,,,,,,,,,,,,,,,,,,,,,,,,,,,,,,,,,,,,,,,,,,,,,,,,,,,,,,,,,,,,,,,,,,,,,,,,,,,,,,,,,,,,,,,,,,,,,,,,,,,,,,,,,,,,,,,,,,,,,,,,,,,,,,,,,,,,,,
9e0b71a1-c6ce-4b38-acc6-b129232a0906,c1d63075-8948-4562-8bb7-ae9bae7af3fb,2026-09-22 17:31:26,,,In progress,Desktop,en-US,67339b3bf295b7a2aeeb54d0,,,,,,,,,,,,,,,,,,,,,,,,,,,,,,,,,,,,,,,,,,,,,,,,,,,,,,,,,,,,,,,,,,,,,,,,,,,,,,,,,,,,,,,,,,,,,,,,,,,,,,,,,,,,,,,,,,,,,,,,,,,,,,,,,,,,,,,,,,,,,,,,,,,,,,,,,,,,,,,,,,,,,,,,,,,,,,,,,,,,,,,,,,,,,,,,,,,,,,,,,,,,,,,,,,,,,,,,,,,,,,,,,,,,,,,,,,,,,,,,,,,,,,,,,,,,,,,,,,,,,,,,,,,,,,,,,,,,,,,,,,,,,,,,,,,,,,,,,,,,,,,,,,,,,,,,,,,,,,,,,,,,,,,,,,,,,,,,,,,,,,,,,,,,,,,,,,,,,,
f026b966-447f-44fb-87b6-e037316ea29d,e23ac4f0-c2a3-43b3-bc2b-be56d6024293,2026-09-22 17:32:56,,,In progress,Desktop,en-US,69a0a70c4e66a4d11c39cf09,,,,,,,,,,,,,,,,,,,,,,,,,,,,,,,,,,,,,,,,,,,,,,,,,,,,,,,,,,,,,,,,,,,,,,,,,,,,,,,,,,,,,,,,,,,,,,,,,,,,,,,,,,,,,,,,,,,,,,,,,,,,,,,,,,,,,,,,,,,,,,,,,,,,,,,,,,,,,,,,,,,,,,,,,,,,,,,,,,,,,,,,,,,,,,,,,,,,,,,,,,,,,,,,,,,,,,,,,,,,,,,,,,,,,,,,,,,,,,,,,,,,,,,,,,,,,,,,,,,,,,,,,,,,,,,,,,,,,,,,,,,,,,,,,,,,,,,,,,,,,,,,,,,,,,,,,,,,,,,,,,,,,,,,,,,,,,,,,,,,,,,,,,,,,,,,,,,,,,
ac6a57fb-008f-4c23-90cd-86e1ba33882e,d32edcda-aa52-46a6-96f4-63cee2174c3a,2026-09-22 17:35:17,2026-09-22 18:03:04,1667,Completed,Desktop,en-US,6a1094a8a1bccf81d7b82c44,23,Female,X (formerly Twitter),,,,,,,,,,,,,,,,,,,,,,,,,,,,,,,,,,,,,,,,,,,,,,,,,,,,,,,,,,,,,,,,,,,,,,,,,,,,,,,,,,,,,,,,,,ArrowRight,ArrowRight,ArrowRight,ArrowRight,ArrowRight,ArrowRight,ArrowRight,ArrowRight,ArrowRight,ArrowRight,ArrowRight,ArrowRight,ArrowRight,ArrowRight,ArrowLeft,ArrowRight,ArrowRight,ArrowRight,ArrowLeft,ArrowLeft,ArrowRight,ArrowRight,ArrowRight,ArrowRight,ArrowRight,ArrowRight,ArrowRight,ArrowRight,ArrowRight,ArrowRight,ArrowRight,ArrowRight,ArrowRight,ArrowRight,ArrowLeft,ArrowRight,ArrowRight,ArrowLeft,ArrowLeft,ArrowRight,ArrowRight,ArrowRight,ArrowRight,ArrowRight,ArrowRight,ArrowRight,ArrowRight,ArrowRight,ArrowLeft,ArrowRight,ArrowLeft,ArrowLeft,ArrowRight,ArrowRight,ArrowRight,ArrowRight,ArrowRight,ArrowRight,ArrowRight,ArrowRight,ArrowRight,ArrowRight,ArrowRight,ArrowRight,ArrowRight,ArrowRight,ArrowRight,ArrowRight,ArrowRight,ArrowRight,ArrowRight,ArrowRight,ArrowRight,ArrowRight,ArrowRight,ArrowRight,ArrowRight,ArrowRight,ArrowRight,ArrowRight,ArrowRight,ArrowRight,ArrowRight,ArrowRight,ArrowRight,ArrowRight,ArrowLeft,ArrowRight,Deciding which posts I might share,,4,2,5,2,3,2,6,6,5,2,6,2,5,2,5,2,4,3,1,6,5,3,2,5,6,2,2,5,7,2,6,2,3,2,6,3,7,6,7,5,1,4,2,6,3,5,2,4,7,1,7,2,5,2,6,3,2,6,2,5,2,6,2,6,5,4,6,2,4,1,5,2,6,2,7,2,7,1,7,2,1,6,2,5,1,6,2,5,1,7,2,6,1,7,1,6,7,2,7,5,7,3,7,3,2,6,6,2,1,6,7,2,1,6,4,5,1,6,2,6,4,5,2,4,2,2,2,2,4,4,4,4,4,4,5,6,4,4,5,4,2,6,2,6,2,7,3,5,2,2,2,2,3,5,4,5,4,5,2,4,4,3,4,4,2,4,4,5,2,6,3,6,6,6,5,5
0dc8ef71-29f7-4108-a0b0-758ee8547d9f,31d2355c-4b6f-4ef2-9e8c-97da54cb3142,2026-09-22 17:35:53,,,In progress,Desktop,en-US,6717e520ea871dd10f785890,,,,,,,,,,,,,,,,,,,,,,,,,,,,,,,,,,,,,,,,,,,,,,,,,,,,,,,,,,,,,,,,,,,,,,,,,,,,,,,,,,,,,,,,,,,,,,,,,,,,,,,,,,,,,,,,,,,,,,,,,,,,,,,,,,,,,,,,,,,,,,,,,,,,,,,,,,,,,,,,,,,,,,,,,,,,,,,,,,,,,,,,,,,,,,,,,,,,,,,,,,,,,,,,,,,,,,,,,,,,,,,,,,,,,,,,,,,,,,,,,,,,,,,,,,,,,,,,,,,,,,,,,,,,,,,,,,,,,,,,,,,,,,,,,,,,,,,,,,,,,,,,,,,,,,,,,,,,,,,,,,,,,,,,,,,,,,,,,,,,,,,,,,,,,,,,,,,,,,
02dc7be8-77dc-4b4f-80a0-253d76e21a55,e2af363a-8c68-439c-894c-e81581386206,2026-09-22 17:37:45,2026-09-22 17:52:17,872,Completed,Desktop,en-US,65cf88a1a3887a237da61f94,25,Male,Facebook,,,,,,,,,,,,,,,,,,,,,,,,,,,,,,,,,,,,,,,,,,,,,,,,,,,,,,,,,,,,,,,,,,,,,,,,,,,,,,,,,,,,,,,,,,ArrowRight,ArrowLeft,ArrowRight,ArrowRight,ArrowRight,ArrowRight,ArrowRight,ArrowRight,ArrowRight,ArrowLeft,ArrowRight,ArrowLeft,ArrowRight,ArrowRight,ArrowRight,ArrowRight,ArrowRight,ArrowRight,ArrowRight,ArrowRight,ArrowRight,ArrowRight,ArrowLeft,ArrowRight,ArrowRight,ArrowRight,ArrowRight,ArrowRight,ArrowRight,ArrowRight,ArrowRight,ArrowRight,ArrowRight,ArrowRight,ArrowRight,ArrowRight,ArrowRight,ArrowRight,ArrowLeft,ArrowRight,ArrowRight,ArrowLeft,ArrowRight,ArrowRight,ArrowRight,ArrowLeft,ArrowLeft,ArrowRight,ArrowRight,ArrowRight,ArrowRight,ArrowRight,ArrowRight,ArrowRight,ArrowRight,ArrowRight,ArrowRight,ArrowRight,ArrowRight,ArrowRight,ArrowLeft,ArrowRight,ArrowRight,ArrowRight,ArrowRight,ArrowRight,ArrowRight,ArrowLeft,ArrowRight,ArrowRight,ArrowRight,ArrowRight,ArrowRight,ArrowRight,ArrowRight,ArrowRight,ArrowLeft,ArrowRight,ArrowRight,ArrowLeft,ArrowRight,ArrowRight,ArrowRight,ArrowLeft,ArrowRight,ArrowRight,ArrowRight,ArrowLeft,Learning about the views people hold on these issues,,3,3,3,3,3,3,3,3,3,2,3,2,3,2,3,2,4,4,5,5,3,2,5,5,3,3,4,3,6,6,4,4,2,2,2,2,6,6,6,6,3,3,4,3,5,5,4,4,5,4,5,4,3,3,5,6,2,2,5,5,5,5,4,3,2,2,3,3,2,2,5,5,3,2,2,2,3,2,2,2,3,2,5,5,4,5,3,3,5,5,5,5,6,6,3,2,2,2,4,4,2,2,2,2,4,4,3,3,5,5,3,3,4,4,4,4,4,4,5,6,7,7,6,6,2,1,2,2,2,2,2,2,1,1,7,7,1,1,5,5,5,5,4,5,2,2,3,3,2,1,2,2,5,5,6,6,4,4,6,6,2,1,3,3,3,3,4,4,3,3,5,6,6,6,6,6
bc0d8528-6b0d-4beb-9a7e-a5e97339ea35,c00ebb4f-1093-47df-8cbd-fec982bea89c,2026-09-22 17:45:52,,,In progress,Desktop,en-US,69c6eee3bd7ee11b2325d6e2,,,,,,,,,,,,,,,,,,,,,,,,,,,,,,,,,,,,,,,,,,,,,,,,,,,,,,,,,,,,,,,,,,,,,,,,,,,,,,,,,,,,,,,,,,,,,,,,,,,,,,,,,,,,,,,,,,,,,,,,,,,,,,,,,,,,,,,,,,,,,,,,,,,,,,,,,,,,,,,,,,,,,,,,,,,,,,,,,,,,,,,,,,,,,,,,,,,,,,,,,,,,,,,,,,,,,,,,,,,,,,,,,,,,,,,,,,,,,,,,,,,,,,,,,,,,,,,,,,,,,,,,,,,,,,,,,,,,,,,,,,,,,,,,,,,,,,,,,,,,,,,,,,,,,,,,,,,,,,,,,,,,,,,,,,,,,,,,,,,,,,,,,,,,,,,,,,,,,,
e80e7b99-ca90-41e5-af2d-7de0577c4b8b,4fed6baf-6af6-48b7-b701-538614d9fbe8,2026-09-22 17:51:22,2026-09-22 18:14:22,1380,Completed,Desktop,en-US,69d1dc4b670e3bd5bc9c5073,22,woman,X (formerly Twitter),,ArrowRight,ArrowRight,ArrowRight,ArrowRight,ArrowRight,ArrowRight,ArrowRight,ArrowRight,ArrowLeft,ArrowLeft,ArrowLeft,ArrowLeft,ArrowRight,ArrowRight,ArrowRight,ArrowRight,ArrowRight,ArrowRight,ArrowRight,ArrowRight,ArrowRight,ArrowRight,ArrowLeft,ArrowLeft,ArrowRight,ArrowRight,ArrowRight,ArrowLeft,ArrowRight,ArrowLeft,ArrowLeft,ArrowRight,ArrowRight,ArrowRight,ArrowRight,ArrowRight,ArrowRight,ArrowRight,ArrowRight,ArrowRight,ArrowLeft,ArrowLeft,ArrowLeft,ArrowLeft,ArrowLeft,ArrowLeft,ArrowRight,ArrowLeft,ArrowRight,ArrowLeft,ArrowRight,ArrowRight,ArrowRight,ArrowRight,ArrowLeft,ArrowRight,ArrowRight,ArrowLeft,ArrowRight,ArrowLeft,ArrowLeft,ArrowLeft,ArrowRight,ArrowRight,ArrowRight,ArrowLeft,ArrowRight,ArrowRight,ArrowLeft,ArrowRight,ArrowLeft,ArrowLeft,ArrowRight,ArrowLeft,ArrowLeft,ArrowRight,ArrowLeft,ArrowLeft,ArrowLeft,ArrowLeft,ArrowRight,ArrowRight,ArrowRight,ArrowLeft,ArrowRight,ArrowLeft,ArrowRight,ArrowRight,,,,,,,,,,,,,,,,,,,,,,,,,,,,,,,,,,,,,,,,,,,,,,,,,,,,,,,,,,,,,,,,,,,,,,,,,,,,,,,,,,,,,,,,,Something else (please describe),"I found myself just using ""would follow"" as ""agree"" and ""wouldn't follow"" as ""disagree."" I don't really follow many people on Twitter unless they very consistently post opinions I'm interested in ",1,1,1,1,1,1,6,6,1,1,1,1,1,1,1,1,6,6,7,6,6,6,6,6,1,1,2,1,7,6,1,2,1,1,1,1,3,7,3,6,1,6,3,6,7,7,7,6,1,1,1,1,1,2,5,3,5,7,6,7,6,7,5,7,1,1,5,2,2,1,3,1,2,1,2,1,1,1,1,2,7,5,7,7,7,7,7,7,7,7,6,7,6,6,7,7,1,1,7,5,1,1,1,1,5,3,1,1,7,5,2,1,6,6,6,6,2,6,6,6,7,7,7,7,2,1,3,1,1,1,5,4,1,1,2,2,5,6,6,7,7,7,7,7,7,7,7,7,1,1,6,5,7,6,6,6,5,7,6,4,1,1,2,2,7,7,7,7,6,5,7,7,3,6,2,7
5ea4ed37-2628-4f2d-8a1f-852a06404244,b4f2e978-39a7-4979-8da5-a1955157d013,2026-09-22 17:57:19,,,In progress,Desktop,en-US,69daaa88f4b226d06de18094,,,,,,,,,,,,,,,,,,,,,,,,,,,,,,,,,,,,,,,,,,,,,,,,,,,,,,,,,,,,,,,,,,,,,,,,,,,,,,,,,,,,,,,,,,,,,,,,,,,,,,,,,,,,,,,,,,,,,,,,,,,,,,,,,,,,,,,,,,,,,,,,,,,,,,,,,,,,,,,,,,,,,,,,,,,,,,,,,,,,,,,,,,,,,,,,,,,,,,,,,,,,,,,,,,,,,,,,,,,,,,,,,,,,,,,,,,,,,,,,,,,,,,,,,,,,,,,,,,,,,,,,,,,,,,,,,,,,,,,,,,,,,,,,,,,,,,,,,,,,,,,,,,,,,,,,,,,,,,,,,,,,,,,,,,,,,,,,,,,,,,,,,,,,,,,,,,,,,,
2a8ad1e9-24f8-4368-81d7-67d1fde24555,ea66f7b1-904a-46d9-aaa7-48bb08eecf57,2026-09-22 18:02:14,,,In progress,Desktop,en-US,58d165dff7a08b000176c54c,,,,,,,,,,,,,,,,,,,,,,,,,,,,,,,,,,,,,,,,,,,,,,,,,,,,,,,,,,,,,,,,,,,,,,,,,,,,,,,,,,,,,,,,,,,,,,,,,,,,,,,,,,,,,,,,,,,,,,,,,,,,,,,,,,,,,,,,,,,,,,,,,,,,,,,,,,,,,,,,,,,,,,,,,,,,,,,,,,,,,,,,,,,,,,,,,,,,,,,,,,,,,,,,,,,,,,,,,,,,,,,,,,,,,,,,,,,,,,,,,,,,,,,,,,,,,,,,,,,,,,,,,,,,,,,,,,,,,,,,,,,,,,,,,,,,,,,,,,,,,,,,,,,,,,,,,,,,,,,,,,,,,,,,,,,,,,,,,,,,,,,,,,,,,,,,,,,,,,
8fc1fc2a-0cb6-4f1d-bef2-bdce02354ec7,69f1f0dc-6615-45b7-b1ce-19bae79ec2c3,2026-09-22 18:07:04,2026-09-22 18:28:35,1291,Completed,Desktop,en-US,69d674ef76df97c37294f8c7,26,"female
",Instagram,,,,,,,,,,,,,,,,,,,,,,,,,,,,,,,,,,,,,,,,,,,,,,,,,,,,,,,,,,,,,,,,,,,,,,,,,,,,,,,,,,,,,,,,,,ArrowRight,ArrowRight,ArrowRight,ArrowRight,ArrowRight,ArrowRight,ArrowRight,ArrowRight,ArrowLeft,ArrowLeft,ArrowLeft,ArrowLeft,ArrowRight,ArrowRight,ArrowRight,ArrowRight,ArrowRight,ArrowRight,ArrowLeft,ArrowRight,ArrowRight,ArrowRight,ArrowLeft,ArrowRight,ArrowRight,ArrowRight,ArrowRight,ArrowLeft,ArrowRight,ArrowLeft,ArrowLeft,ArrowLeft,ArrowRight,ArrowRight,ArrowRight,ArrowRight,ArrowRight,ArrowRight,ArrowRight,ArrowRight,ArrowRight,ArrowRight,ArrowRight,ArrowLeft,ArrowLeft,ArrowRight,ArrowLeft,ArrowLeft,ArrowRight,ArrowRight,ArrowRight,ArrowRight,ArrowRight,ArrowRight,ArrowRight,ArrowRight,ArrowRight,ArrowRight,ArrowRight,ArrowLeft,ArrowLeft,ArrowLeft,ArrowRight,ArrowRight,ArrowRight,ArrowRight,ArrowRight,ArrowRight,ArrowLeft,ArrowRight,ArrowLeft,ArrowLeft,ArrowLeft,ArrowLeft,ArrowRight,ArrowRight,ArrowRight,ArrowLeft,ArrowRight,ArrowRight,ArrowRight,ArrowLeft,ArrowLeft,ArrowLeft,ArrowLeft,ArrowLeft,ArrowLeft,ArrowLeft,Deciding which posts I might share,,1,6,1,7,1,6,7,7,1,7,2,6,1,5,3,5,6,4,7,3,6,4,7,3,1,6,3,4,2,6,2,7,1,6,2,5,7,2,1,6,4,1,5,2,7,4,7,3,4,1,4,7,2,4,5,6,6,1,7,5,6,2,7,3,1,6,2,6,1,1,1,5,5,7,5,7,1,5,2,6,3,1,4,1,3,1,4,1,5,1,7,4,7,3,7,2,2,6,5,7,3,5,3,7,4,7,4,1,4,4,3,7,4,1,6,4,3,1,4,1,7,3,7,6,1,6,1,6,1,6,7,7,1,5,1,4,6,2,7,7,6,1,5,1,6,1,7,5,1,6,2,6,7,3,7,5,5,3,6,4,1,6,5,5,6,1,7,5,5,1,6,1,7,3,7,3
9649ff92-7f65-4f5b-9a91-19707ce729be,688af236-0842-42c2-9bf4-6b3b86faa0a1,2026-09-22 18:11:47,,,In progress,Desktop,en-US,6a0644802abcd523105f8273,,,,,,,,,,,,,,,,,,,,,,,,,,,,,,,,,,,,,,,,,,,,,,,,,,,,,,,,,,,,,,,,,,,,,,,,,,,,,,,,,,,,,,,,,,,,,,,,,,,,,,,,,,,,,,,,,,,,,,,,,,,,,,,,,,,,,,,,,,,,,,,,,,,,,,,,,,,,,,,,,,,,,,,,,,,,,,,,,,,,,,,,,,,,,,,,,,,,,,,,,,,,,,,,,,,,,,,,,,,,,,,,,,,,,,,,,,,,,,,,,,,,,,,,,,,,,,,,,,,,,,,,,,,,,,,,,,,,,,,,,,,,,,,,,,,,,,,,,,,,,,,,,,,,,,,,,,,,,,,,,,,,,,,,,,,,,,,,,,,,,,,,,,,,,,,,,,,,,,
9dcd4a1f-641c-4708-865e-242bfd5f278f,98d5a0a1-8768-473c-932a-73d73f707f8d,2026-09-22 18:18:37,,,In progress,Desktop,en-US,5be8a1701664db0001d804f8,,,,,,,,,,,,,,,,,,,,,,,,,,,,,,,,,,,,,,,,,,,,,,,,,,,,,,,,,,,,,,,,,,,,,,,,,,,,,,,,,,,,,,,,,,,,,,,,,,,,,,,,,,,,,,,,,,,,,,,,,,,,,,,,,,,,,,,,,,,,,,,,,,,,,,,,,,,,,,,,,,,,,,,,,,,,,,,,,,,,,,,,,,,,,,,,,,,,,,,,,,,,,,,,,,,,,,,,,,,,,,,,,,,,,,,,,,,,,,,,,,,,,,,,,,,,,,,,,,,,,,,,,,,,,,,,,,,,,,,,,,,,,,,,,,,,,,,,,,,,,,,,,,,,,,,,,,,,,,,,,,,,,,,,,,,,,,,,,,,,,,,,,,,,,,,,,,,,,,
7926c0d3-d901-4826-b2c9-8e64b947e4f6,9b1bb64d-8977-4bcc-90df-1932f709ca46,2026-09-22 18:26:14,2026-09-22 18:46:13,1198,Completed,Desktop,en-US,5be8a1701664db0001d804f8,57,Woman,Instagram,,,,,,,,,,,,,,,,,,,,,,,,,,,,,,,,,,,,,,,,,,,,,,,,,,,,,,,,,,,,,,,,,,,,,,,,,,,,,,,,,,,,,,,,,,ArrowRight,ArrowRight,ArrowRight,ArrowRight,ArrowRight,ArrowRight,ArrowRight,ArrowRight,ArrowRight,ArrowRight,ArrowRight,ArrowRight,ArrowRight,ArrowRight,ArrowRight,ArrowRight,ArrowRight,ArrowRight,ArrowLeft,ArrowLeft,ArrowRight,ArrowRight,ArrowRight,ArrowRight,ArrowRight,ArrowRight,ArrowRight,ArrowRight,ArrowRight,ArrowRight,ArrowRight,ArrowRight,ArrowRight,ArrowRight,ArrowRight,ArrowRight,ArrowRight,ArrowRight,ArrowRight,ArrowRight,ArrowRight,ArrowRight,ArrowRight,ArrowRight,ArrowRight,ArrowRight,ArrowRight,ArrowRight,ArrowRight,ArrowRight,ArrowRight,ArrowRight,ArrowRight,ArrowRight,ArrowRight,ArrowRight,ArrowRight,ArrowRight,ArrowRight,ArrowRight,ArrowLeft,ArrowLeft,ArrowRight,ArrowRight,ArrowRight,ArrowLeft,ArrowRight,ArrowLeft,ArrowRight,ArrowRight,ArrowLeft,ArrowRight,ArrowRight,ArrowRight,ArrowRight,ArrowRight,ArrowRight,ArrowLeft,ArrowRight,ArrowLeft,ArrowRight,ArrowRight,ArrowRight,ArrowRight,ArrowLeft,ArrowLeft,ArrowLeft,ArrowRight,Deciding which posts I might share,,1,1,1,1,1,1,5,5,1,1,1,1,1,1,1,1,2,2,5,5,2,2,5,5,4,4,4,4,3,2,2,2,2,3,2,2,7,6,7,6,4,4,2,2,4,4,2,2,4,4,5,4,3,3,5,5,2,2,6,5,7,6,7,6,2,3,5,5,3,2,6,5,6,5,6,5,4,4,7,6,1,1,2,2,2,3,3,4,2,2,5,4,4,4,3,3,5,5,4,4,4,4,5,5,5,5,4,4,4,4,6,5,2,2,5,5,4,4,5,5,6,5,5,5,1,1,2,2,4,4,5,5,2,3,5,5,2,2,5,5,7,6,6,6,7,6,1,1,1,2,2,2,3,2,6,6,2,3,5,6,2,2,4,4,6,6,6,7,7,6,6,6,7,7,7,6
