Participant ID,Session ID,Start Date,End Date,Duration (s),Status,Device,Language,prolific ID_RT_ms,Age_RT_ms,Gender_RT_ms,Social Media_RT_ms,Other SoMe_RT_ms,CSV-032-A_RT_ms,CSV-032-S_RT_ms,CSV-033-A_RT_ms,CSV-033-S_RT_ms,CSV-034-A_RT_ms,CSV-034-S_RT_ms,CSV-037-A_RT_ms,CSV-037-S_RT_ms,CSV-129-A_RT_ms,CSV-129-S_RT_ms,CSV-130-A_RT_ms,CSV-130-S_RT_ms,CSV-134-A_RT_ms,CSV-134-S_RT_ms,CSV-139-A_RT_ms,CSV-139-S_RT_ms,CSV-181-A_RT_ms,CSV-181-S_RT_ms,CSV-228-A_RT_ms,CSV-228-S_RT_ms,GEN-001-A_RT_ms,GEN-001-S_RT_ms,GEN-002-A_RT_ms,GEN-002-S_RT_ms,GEN-003-A_RT_ms,GEN-003-S_RT_ms,GEN-004-A_RT_ms,GEN-004-S_RT_ms,GUN-001-A_RT_ms,GUN-001-S_RT_ms,GUN-002-A_RT_ms,GUN-002-S_RT_ms,GUN-003-A_RT_ms,GUN-003-S_RT_ms,GUN-004-A_RT_ms,GUN-004-S_RT_ms,IMM-001-A_RT_ms,IMM-001-S_RT_ms,IMM-002-A_RT_ms,IMM-002-S_RT_ms,IMM-004-A_RT_ms,IMM-003-A_RT_ms,IMM-003-S_RT_ms,IMM-004-S_RT_ms,RACE-001-A_RT_ms,RACE-001-S_RT_ms,RACE-002-A_RT_ms,RACE-002-S_RT_ms,RACE-003-A_RT_ms,RACE-003-S_RT_ms,RACE-004-A_RT_ms,RACE-004-S_RT_ms,TRN-001-A_RT_ms,TRN-001-S_RT_ms,TRN-002-A_RT_ms,TRN-002-S_RT_ms,TRN-003-A_RT_ms,TRN-003-S_RT_ms,TRN-004-A_RT_ms,TRN-004-S_RT_ms,WB-001-A_RT_ms,WB-001-S_RT_ms,WB-007-A_RT_ms,WB-007-S_RT_ms,WB-017-A_RT_ms,WB-017-S_RT_ms,WB-018-A_RT_ms,WB-018-S_RT_ms,WB-066-S_RT_ms,WB-020-A_RT_ms,WB-020-S_RT_ms,WB-023-A_RT_ms,WB-023-S_RT_ms,WB-028-A_RT_ms,WB-028-S_RT_ms,WB-058-A_RT_ms,WB-058-S_RT_ms,WB-066-A_RT_ms,WB-069-A_RT_ms,WB-069-S_RT_ms,WB-070-A_RT_ms,WB-070-S_RT_ms,WB-074-A_RT_ms,WB-074-S_RT_ms,WB-083-A_RT_ms,WB-083-S_RT_ms,WB-084-A_RT_ms,WB-084-S_RT_ms,CSV-032-A (2)_RT_ms,CSV-032-S (2)_RT_ms,CSV-033-A (2)_RT_ms,CSV-033-S (2)_RT_ms,CSV-034-A (2)_RT_ms,CSV-034-S (2)_RT_ms,CSV-037-A (2)_RT_ms,CSV-037-S (2)_RT_ms,CSV-129-A (2)_RT_ms,CSV-129-S (2)_RT_ms,CSV-130-A (2)_RT_ms,CSV-130-S (2)_RT_ms,CSV-134-A (2)_RT_ms,CSV-134-S (2)_RT_ms,CSV-139-A (2)_RT_ms,CSV-139-S (2)_RT_ms,CSV-181-A (2)_RT_ms,CSV-181-S (2)_RT_ms,CSV-228-A (2)_RT_ms,CSV-228-S (2)_RT_ms,GEN-001-A (2)_RT_ms,GEN-001-S (2)_RT_ms,GEN-002-A (2)_RT_ms,GEN-002-S (2)_RT_ms,GEN-003-A (2)_RT_ms,GEN-003-S (2)_RT_ms,GEN-004-A (2)_RT_ms,GEN-004-S (2)_RT_ms,GUN-001-A (2)_RT_ms,GUN-001-S (2)_RT_ms,GUN-002-A (2)_RT_ms,GUN-002-S (2)_RT_ms,GUN-003-A (2)_RT_ms,GUN-003-S (2)_RT_ms,GUN-004-A (2)_RT_ms,GUN-004-S (2)_RT_ms,IMM-001-A (2)_RT_ms,IMM-001-S (2)_RT_ms,IMM-002-A (2)_RT_ms,IMM-002-S (2)_RT_ms,IMM-003-A (2)_RT_ms,IMM-003-S (2)_RT_ms,IMM-004-A (2)_RT_ms,IMM-004-S (2)_RT_ms,RACE-001-A (2)_RT_ms,RACE-001-S (2)_RT_ms,RACE-002-A (2)_RT_ms,RACE-002-S (2)_RT_ms,RACE-003-A (2)_RT_ms,RACE-003-S (2)_RT_ms,RACE-004-A (2)_RT_ms,RACE-004-S (2)_RT_ms,TRN-001-A (2)_RT_ms,TRN-001-S (2)_RT_ms,TRN-002-A (2)_RT_ms,TRN-002-S (2)_RT_ms,TRN-003-A (2)_RT_ms,TRN-003-S (2)_RT_ms,TRN-004-A (2)_RT_ms,TRN-004-S (2)_RT_ms,WB-001-A (2)_RT_ms,WB-001-S (2)_RT_ms,WB-007-A (2)_RT_ms,WB-007-S (2)_RT_ms,WB-017-A (2)_RT_ms,WB-017-S (2)_RT_ms,WB-018-A (2)_RT_ms,WB-018-S (2)_RT_ms,WB-020-A (2)_RT_ms,WB-020-S (2)_RT_ms,WB-023-A (2)_RT_ms,WB-023-S (2)_RT_ms,WB-028-A (2)_RT_ms,WB-028-S (2)_RT_ms,WB-058-A (2)_RT_ms,WB-058-S (2)_RT_ms,WB-066-A (2)_RT_ms,WB-066-S (2)_RT_ms,WB-069-A (2)_RT_ms,WB-069-S (2)_RT_ms,WB-070-A (2)_RT_ms,WB-070-S (2)_RT_ms,WB-074-A (2)_RT_ms,WB-074-S (2)_RT_ms,WB-083-A (2)_RT_ms,WB-083-S (2)_RT_ms,WB-084-A (2)_RT_ms,WB-084-S (2)_RT_ms,Manipulation Check 2_RT_ms,Something else_RT_ms,CSV-032-A (3)_RT_ms,CSV-032-S (3)_RT_ms,CSV-033-A (3)_RT_ms,CSV-033-S (3)_RT_ms,CSV-034-A (3)_RT_ms,CSV-034-S (3)_RT_ms,CSV-037-A (3)_RT_ms,CSV-037-S (3)_RT_ms,CSV-129-A (3)_RT_ms,CSV-129-S (3)_RT_ms,CSV-130-A (3)_RT_ms,CSV-130-S (3)_RT_ms,CSV-134-A (3)_RT_ms,CSV-134-S (3)_RT_ms,CSV-139-A (3)_RT_ms,CSV-139-S (3)_RT_ms,CSV-181-A (3)_RT_ms,CSV-181-S (3)_RT_ms,CSV-228-A (3)_RT_ms,CSV-228-S (3)_RT_ms,GEN-001-A (3)_RT_ms,GEN-001-S (3)_RT_ms,GEN-002-A (3)_RT_ms,GEN-002-S (3)_RT_ms,GEN-003-A (3)_RT_ms,GEN-003-S (3)_RT_ms,GEN-004-A (3)_RT_ms,GEN-004-S (3)_RT_ms,GUN-001-A (3)_RT_ms,GUN-001-S (3)_RT_ms,GUN-002-A (3)_RT_ms,GUN-002-S (3)_RT_ms,GUN-003-A (3)_RT_ms,GUN-003-S (3)_RT_ms,GUN-004-A (3)_RT_ms,GUN-004-S (3)_RT_ms,IMM-001-A (3)_RT_ms,IMM-001-S (3)_RT_ms,IMM-002-A (3)_RT_ms,IMM-002-S (3)_RT_ms,IMM-003-A (3)_RT_ms,IMM-003-S (3)_RT_ms,IMM-004-A (3)_RT_ms,IMM-004-S (3)_RT_ms,RACE-001-A (3)_RT_ms,RACE-001-S (3)_RT_ms,RACE-002-A (3)_RT_ms,RACE-002-S (3)_RT_ms,RACE-003-A (3)_RT_ms,RACE-003-S (3)_RT_ms,RACE-004-A (3)_RT_ms,RACE-004-S (3)_RT_ms,TRN-001-A (3)_RT_ms,TRN-001-S (3)_RT_ms,TRN-002-A (3)_RT_ms,TRN-002-S (3)_RT_ms,TRN-003-A (3)_RT_ms,TRN-003-S (3)_RT_ms,TRN-004-A (3)_RT_ms,TRN-004-S (3)_RT_ms,WB-001-A (3)_RT_ms,WB-001-S (3)_RT_ms,WB-007-A (3)_RT_ms,WB-007-S (3)_RT_ms,WB-017-A (3)_RT_ms,WB-017-S (3)_RT_ms,WB-018-A (3)_RT_ms,WB-018-S (3)_RT_ms,WB-020-A (3)_RT_ms,WB-020-S (3)_RT_ms,WB-023-A (3)_RT_ms,WB-023-S (3)_RT_ms,WB-028-A (3)_RT_ms,WB-028-S (3)_RT_ms,WB-058-A (3)_RT_ms,WB-058-S (3)_RT_ms,WB-066-A (3)_RT_ms,WB-066-S (3)_RT_ms,WB-069-A (3)_RT_ms,WB-069-S (3)_RT_ms,WB-070-A (3)_RT_ms,WB-070-S (3)_RT_ms,WB-074-A (3)_RT_ms,WB-074-S (3)_RT_ms,WB-083-A (3)_RT_ms,WB-083-S (3)_RT_ms,WB-084-A (3)_RT_ms,WB-084-S (3)_RT_ms
"",,,,,,,,Please provide your Prolific ID:,What is your age?,What is your gender?,"From the list below, please select the Social Meda platform you use the most.",Which other Social Media platform do you use the most?,CSV-032-A,CSV-032-S,CSV-033-A,CSV-033-S,CSV-034-A,CSV-034-S,CSV-037-A,CSV-037-S,CSV-129-A,CSV-129-S,CSV-130-A,CSV-130-S,CSV-134-A,CSV-134-S,CSV-139-A,CSV-139-S,CSV-181-A,CSV-181-S,CSV-228-A,CSV-228-S,GEN-001-A,GEN-001-S,GEN-002-A,GEN-002-S,GEN-003-A,GEN-003-S,GEN-004-A,GEN-004-S,GUN-001-A,GUN-001-S,GUN-002-A,GUN-002-S,GUN-003-A,GUN-003-S,GUN-004-A,GUN-004-S,IMM-001-A,IMM-001-S,IMM-002-A,IMM-002-S,IMM-004-A,IMM-003-A,IMM-003-S,IMM-004-S,RACE-001-A,RACE-001-S,RACE-002-A,RACE-002-S,RACE-003-A,RACE-003-S,RACE-004-A,RACE-004-S,TRN-001-A,TRN-001-S,TRN-002-A,TRN-002-S,TRN-003-A,TRN-003-S,TRN-004-A,TRN-004-S,WB-001-A,WB-001-S,WB-007-A,WB-007-S,WB-017-A,WB-017-S,WB-018-A,WB-018-S,WB-066-S,WB-020-A,WB-020-S,WB-023-A,WB-023-S,WB-028-A,WB-028-S,WB-058-A,WB-058-S,WB-066-A,WB-069-A,WB-069-S,WB-070-A,WB-070-S,WB-074-A,WB-074-S,WB-083-A,WB-083-S,WB-084-A,WB-084-S,CSV-032-A (2),CSV-032-S (2),CSV-033-A (2),CSV-033-S (2),CSV-034-A (2),CSV-034-S (2),CSV-037-A (2),CSV-037-S (2),CSV-129-A (2),CSV-129-S (2),CSV-130-A (2),CSV-130-S (2),CSV-134-A (2),CSV-134-S (2),CSV-139-A (2),CSV-139-S (2),CSV-181-A (2),CSV-181-S (2),CSV-228-A (2),CSV-228-S (2),GEN-001-A (2),GEN-001-S (2),GEN-002-A (2),GEN-002-S (2),GEN-003-A (2),GEN-003-S (2),GEN-004-A (2),GEN-004-S (2),GUN-001-A (2),GUN-001-S (2),GUN-002-A (2),GUN-002-S (2),GUN-003-A (2),GUN-003-S (2),GUN-004-A (2),GUN-004-S (2),IMM-001-A (2),IMM-001-S (2),IMM-002-A (2),IMM-002-S (2),IMM-003-A (2),IMM-003-S (2),IMM-004-A (2),IMM-004-S (2),RACE-001-A (2),RACE-001-S (2),RACE-002-A (2),RACE-002-S (2),RACE-003-A (2),RACE-003-S (2),RACE-004-A (2),RACE-004-S (2),TRN-001-A (2),TRN-001-S (2),TRN-002-A (2),TRN-002-S (2),TRN-003-A (2),TRN-003-S (2),TRN-004-A (2),TRN-004-S (2),WB-001-A (2),WB-001-S (2),WB-007-A (2),WB-007-S (2),WB-017-A (2),WB-017-S (2),WB-018-A (2),WB-018-S (2),WB-020-A (2),WB-020-S (2),WB-023-A (2),WB-023-S (2),WB-028-A (2),WB-028-S (2),WB-058-A (2),WB-058-S (2),WB-066-A (2),WB-066-S (2),WB-069-A (2),WB-069-S (2),WB-070-A (2),WB-070-S (2),WB-074-A (2),WB-074-S (2),WB-083-A (2),WB-083-S (2),WB-084-A (2),WB-084-S (2),"While you were looking at the posts, what were you mainly doing?",Please describe what you were mainly doing while looking at the posts.,CSV-032-A (3),CSV-032-S (3),CSV-033-A (3),CSV-033-S (3),CSV-034-A (3),CSV-034-S (3),CSV-037-A (3),CSV-037-S (3),CSV-129-A (3),CSV-129-S (3),CSV-130-A (3),CSV-130-S (3),CSV-134-A (3),CSV-134-S (3),CSV-139-A (3),CSV-139-S (3),CSV-181-A (3),CSV-181-S (3),CSV-228-A (3),CSV-228-S (3),GEN-001-A (3),GEN-001-S (3),GEN-002-A (3),GEN-002-S (3),GEN-003-A (3),GEN-003-S (3),GEN-004-A (3),GEN-004-S (3),GUN-001-A (3),GUN-001-S (3),GUN-002-A (3),GUN-002-S (3),GUN-003-A (3),GUN-003-S (3),GUN-004-A (3),GUN-004-S (3),IMM-001-A (3),IMM-001-S (3),IMM-002-A (3),IMM-002-S (3),IMM-003-A (3),IMM-003-S (3),IMM-004-A (3),IMM-004-S (3),RACE-001-A (3),RACE-001-S (3),RACE-002-A (3),RACE-002-S (3),RACE-003-A (3),RACE-003-S (3),RACE-004-A (3),RACE-004-S (3),TRN-001-A (3),TRN-001-S (3),TRN-002-A (3),TRN-002-S (3),TRN-003-A (3),TRN-003-S (3),TRN-004-A (3),TRN-004-S (3),WB-001-A (3),WB-001-S (3),WB-007-A (3),WB-007-S (3),WB-017-A (3),WB-017-S (3),WB-018-A (3),WB-018-S (3),WB-020-A (3),WB-020-S (3),WB-023-A (3),WB-023-S (3),WB-028-A (3),WB-028-S (3),WB-058-A (3),WB-058-S (3),WB-066-A (3),WB-066-S (3),WB-069-A (3),WB-069-S (3),WB-070-A (3),WB-070-S (3),WB-074-A (3),WB-074-S (3),WB-083-A (3),WB-083-S (3),WB-084-A (3),WB-084-S (3)
97dcc63b-49c1-4b58-a07b-c6d230968382,d1773a5b-76d6-4053-a9e3-9c7504e6e6f0,2026-09-21 18:46:57,,,In progress,Desktop,en-US,3863,,,,,,,,,,,,,,,,,,,,,,,,,,,,,,,,,,,,,,,,,,,,,,,,,,,,,,,,,,,,,,,,,,,,,,,,,,,,,,,,,,,,,,,,,,,,,,,,,,,,,,,,,,,,,,,,,,,,,,,,,,,,,,,,,,,,,,,,,,,,,,,,,,,,,,,,,,,,,,,,,,,,,,,,,,,,,,,,,,,,,,,,,,,,,,,,,,,,,,,,,,,,,,,,,,,,,,,,,,,,,,,,,,,,,,,,,,,,,,,,,,,,,,,,,,,,,,,,,,,,,,,,,,,,,,
bbaa507e-2659-4671-9010-ec3820d5f06f,8d365539-5dbd-4eab-8338-02d122707aa9,2026-09-21 18:47:46,2026-09-21 19:07:10,1164,Completed,Desktop,en-US,14348,3684,4084,6775,4509,3041,1959,9601,3566,2978,1591,1181,2251,2951,6471,3570,5861,3121,8114,1243,4288,3033,1983,4059,7213,6860,13737,2385,1414,11101,1467,1608,9370,5030,16380,664,2265,6423,858,581,1245,2522,2589,4748,4445,9017,1229,5375,4966,882,3335,3523,2151,3641,838,3484,3248,2446,4679,1100,684,4260,1071,469,1554,3500,785,1490,989,4016,749,7939,1327,2227,13800,3870,2301,1204,6996,3897,1417,4158,9542,4986,5532,3004,1079,8832,1683,7140,1593,3277,8341,,,,,,,,,,,,,,,,,,,,,,,,,,,,,,,,,,,,,,,,,,,,,,,,,,,,,,,,,,,,,,,,,,,,,,,,,,,,,,,,,,,,,,,,,7171,,6094,5932,6019,7410,6576,5881,11042,4741,9867,10609,4895,10402,17015,5944,5417,9759,5560,8892,7059,4336,8348,5421,9909,11478,5302,7385,4935,4741,10389,8072,10081,10366,5824,4728,13040,5422,4322,8312,13850,5185,4368,5620,11290,9558,6171,8917,9229,9215,4661,7262,6683,8450,5157,5437,8781,4555,6500,4315,10719,8802,5744,7576,5463,14538,8821,8714,5549,6732,4205,8882,6548,8888,8451,3857,6736,6829,4556,5919,5199,5814,4686,7123,6109,11822,5972,7553,5790,8071
66cb7015-0ad6-426f-80bc-906b39ed0f31,833ce8b2-ebc8-4a1c-918e-aa7c241dc6d7,2026-09-21 18:48:59,,,In progress,Desktop,en-US,2430,,,,,,,,,,,,,,,,,,,,,,,,,,,,,,,,,,,,,,,,,,,,,,,,,,,,,,,,,,,,,,,,,,,,,,,,,,,,,,,,,,,,,,,,,,,,,,,,,,,,,,,,,,,,,,,,,,,,,,,,,,,,,,,,,,,,,,,,,,,,,,,,,,,,,,,,,,,,,,,,,,,,,,,,,,,,,,,,,,,,,,,,,,,,,,,,,,,,,,,,,,,,,,,,,,,,,,,,,,,,,,,,,,,,,,,,,,,,,,,,,,,,,,,,,,,,,,,,,,,,,,,,,,,,,,
b0cf2261-36db-4e10-ab1f-3dfcb0e2283c,6230ade3-2745-4bad-b35a-a755e48faf87,2026-09-21 18:49:02,,,In progress,Desktop,en-US,3126,,,,,,,,,,,,,,,,,,,,,,,,,,,,,,,,,,,,,,,,,,,,,,,,,,,,,,,,,,,,,,,,,,,,,,,,,,,,,,,,,,,,,,,,,,,,,,,,,,,,,,,,,,,,,,,,,,,,,,,,,,,,,,,,,,,,,,,,,,,,,,,,,,,,,,,,,,,,,,,,,,,,,,,,,,,,,,,,,,,,,,,,,,,,,,,,,,,,,,,,,,,,,,,,,,,,,,,,,,,,,,,,,,,,,,,,,,,,,,,,,,,,,,,,,,,,,,,,,,,,,,,,,,,,,,
942a4d13-0cbf-46a6-8066-4c46a0d24475,6652932d-e4e1-4291-bb13-fb950e8499b1,2026-09-21 18:50:29,,,In progress,Desktop,en-US,3957,,,,,,,,,,,,,,,,,,,,,,,,,,,,,,,,,,,,,,,,,,,,,,,,,,,,,,,,,,,,,,,,,,,,,,,,,,,,,,,,,,,,,,,,,,,,,,,,,,,,,,,,,,,,,,,,,,,,,,,,,,,,,,,,,,,,,,,,,,,,,,,,,,,,,,,,,,,,,,,,,,,,,,,,,,,,,,,,,,,,,,,,,,,,,,,,,,,,,,,,,,,,,,,,,,,,,,,,,,,,,,,,,,,,,,,,,,,,,,,,,,,,,,,,,,,,,,,,,,,,,,,,,,,,,,
6c9c0f55-3a6a-4776-b736-11286ade26df,69a10e19-24ec-44ff-8bdf-22fef816725f,2026-09-21 18:52:49,2026-09-21 19:15:37,1367,Completed,Desktop,en-US,9582,4853,4973,10095,,2868,7461,3769,16107,4223,2085,11497,3279,6705,2209,11624,3265,18227,8391,3123,5812,7533,7352,4444,12646,17899,5136,22832,6610,16790,3670,2997,4846,3722,5342,7882,14307,1878,4457,10721,3234,1891,3203,4326,1963,11392,24903,1627,8715,6214,6124,8173,4005,12131,11875,11918,3434,13822,8209,9309,13417,5317,7736,6173,6990,7939,10324,2684,3280,3693,6185,8304,4973,5874,12249,12914,9044,2531,6478,8757,14048,4722,3350,9035,6040,4692,6573,3338,6850,4626,3791,3570,12750,,,,,,,,,,,,,,,,,,,,,,,,,,,,,,,,,,,,,,,,,,,,,,,,,,,,,,,,,,,,,,,,,,,,,,,,,,,,,,,,,,,,,,,,,23057,,5977,2802,2178,2222,2316,9935,1955,2393,2178,1647,6311,18606,2914,1893,10807,2577,6293,8214,2930,2631,18000,1551,12537,2058,9586,15999,12345,2676,1896,11596,21794,6794,8862,3194,2131,5600,8252,2031,12800,2257,2051,2913,8967,2304,7775,3237,4092,1883,4474,12503,2792,11208,2317,1493,4082,2518,13698,2532,7820,1813,3557,2336,3069,1847,8617,2006,2980,2111,36004,2382,2907,2000,2778,2430,2710,8316,2699,10107,2321,2284,2241,3177,6398,2920,2125,2787,5353,1684
76986a53-30ce-4ba9-b0f3-b6a2881b1318,42fabc9d-0dbe-4f40-9748-cabcadf68b17,2026-09-21 18:54:34,,,In progress,Desktop,en-US,4086,,,,,,,,,,,,,,,,,,,,,,,,,,,,,,,,,,,,,,,,,,,,,,,,,,,,,,,,,,,,,,,,,,,,,,,,,,,,,,,,,,,,,,,,,,,,,,,,,,,,,,,,,,,,,,,,,,,,,,,,,,,,,,,,,,,,,,,,,,,,,,,,,,,,,,,,,,,,,,,,,,,,,,,,,,,,,,,,,,,,,,,,,,,,,,,,,,,,,,,,,,,,,,,,,,,,,,,,,,,,,,,,,,,,,,,,,,,,,,,,,,,,,,,,,,,,,,,,,,,,,,,,,,,,,,
bd00b000-d547-4c3a-873c-940e2d8f886b,c9da1efb-8c5b-4aa0-8a10-4e057464086b,2026-09-21 18:54:51,2026-09-21 19:22:24,1653,Completed,Desktop,en-US,4438,2908,2641,6535,3396,2023,2616,2854,6866,2645,2415,2764,2926,2115,3379,1745,3701,5814,5277,11380,12826,3466,2244,2967,7058,7306,4898,6069,8424,5720,1651,1471,1951,2424,3414,6929,3531,4496,9766,1962,4216,1124,1145,1849,1310,2852,6885,1961,5929,3569,2275,4235,5509,3501,6202,3328,3758,11295,2945,7372,2820,5921,2287,2974,2354,6039,3655,2346,1792,3675,2257,5921,9707,5990,11057,2508,3125,2521,4397,4956,4324,3270,3446,6483,5418,2171,4169,5967,2715,4120,2530,2762,2278,,,,,,,,,,,,,,,,,,,,,,,,,,,,,,,,,,,,,,,,,,,,,,,,,,,,,,,,,,,,,,,,,,,,,,,,,,,,,,,,,,,,,,,,,10017,,3443,5424,4154,9977,105339,4123,8107,5287,3601,3786,29398,6887,69285,30577,7495,18663,4196,2949,5052,8416,11579,6055,7021,8202,4256,22915,3346,8828,4916,5670,5803,5085,4378,6931,7555,163937,3296,6577,6711,6502,4578,3034,3669,2788,4898,3500,5799,2670,22101,3114,3597,3636,4060,4111,5648,4341,35238,3875,3373,2999,28750,3937,4649,3765,13608,3928,4053,73968,10576,4801,3320,3328,4523,5956,9267,3766,3939,5409,5210,4725,3938,3856,7423,3982,11048,6056,3586,4630
9c2293c2-2fa9-4463-8ae1-cfa543b191a2,6ca1b154-3ed3-4cc3-af49-f528f73d7b97,2026-09-21 18:57:00,,,In progress,Desktop,en-US,4082,7792,13252,6731,,2781,2042,1510,2840,3209,11643,1893,3481,3060,1637,2826,2636,1052,4068,2846,3494,3569,6486,2944,3026,3353,1812,3272,2617,2581,3553,1218,2810,1554,2919,4041,2925,3446,8769,3705,4975,3240,1118,1830,2039,2398,3552,1656,3116,3679,2849,3818,2636,4202,4816,3723,4684,45534,2517,2480,2900,2154,3777,4666,1701,4563,5361,5188,2400,6154,4746,4299,2618,3516,4510,5323,1517,2393,2806,9532,5482,4692,5445,7616,6408,4201,4447,2807,2248,4810,4303,2897,1374,,,,,,,,,,,,,,,,,,,,,,,,,,,,,,,,,,,,,,,,,,,,,,,,,,,,,,,,,,,,,,,,,,,,,,,,,,,,,,,,,,,,,,,,,17195,,11151,18943,13360,18348,13932,,,11156,11244,25889,,9076,29930,21141,,,8322,16238,18644,15082,20761,9107,15817,57399,16669,12181,,11616,12777,12488,13716,15709,16329,16252,23055,,30202,8606,10024,8972,8104,12099,10574,34273,8791,12123,9393,7289,36716,14702,14284,11158,,15801,17442,26131,32846,9979,8565,37880,12827,16949,23264,11398,11259,8078,14235,14043,,12624,11156,,10707,13885,11963,12320,12785,13964,11624,12213,8259,10077,9989,26278,10356,8546,27455,
68c28904-9dd1-4782-a54a-0b15f6f7421e,1a8be0a6-38ff-4242-b943-b7975a460889,2026-09-21 18:57:47,,,In progress,Desktop,en-US,7759,,,,,,,,,,,,,,,,,,,,,,,,,,,,,,,,,,,,,,,,,,,,,,,,,,,,,,,,,,,,,,,,,,,,,,,,,,,,,,,,,,,,,,,,,,,,,,,,,,,,,,,,,,,,,,,,,,,,,,,,,,,,,,,,,,,,,,,,,,,,,,,,,,,,,,,,,,,,,,,,,,,,,,,,,,,,,,,,,,,,,,,,,,,,,,,,,,,,,,,,,,,,,,,,,,,,,,,,,,,,,,,,,,,,,,,,,,,,,,,,,,,,,,,,,,,,,,,,,,,,,,,,,,,,,,
608199f3-3c47-4d79-ad5a-7228d8bc4246,f5b23c3d-9793-4440-8beb-5204a6cd3e12,2026-09-21 18:58:01,2026-09-21 19:52:23,3261,Completed,Desktop,en-US,8515,5746,5389,6334,,3323,15347,5994,4672,4331,12914,4054,4015,2694,2065,2769,2188,14146,11546,4996,5284,3617,4541,3619,5553,3935,3747,2376,3727,4149,3977,2299,2605,3446,15433,3919,3791,11604,4696,3977,3882,2714,2098,3716,2359,15428,2217,4441,7974,6077,3412,7838,3520,6462,8071,3092,5660,5318,6715,3551,1839,2117,7605,4665,1787,5344,8252,3053,3572,4917,4462,5152,3023,3181,5676,8435,2855,3204,6515,6756,4633,7337,3296,5223,4449,3214,2859,2856,2974,6625,4543,3479,3508,,,,,,,,,,,,,,,,,,,,,,,,,,,,,,,,,,,,,,,,,,,,,,,,,,,,,,,,,,,,,,,,,,,,,,,,,,,,,,,,,,,,,,,,,16477,,4695,5181,4782,4346,7545,4612,10382,22527,22703,4397,5659,4120,8019,26456,3035,8044,9018,4916,26979,5607,10170,11067,71300,148693,5065,199324,11521,5581,3316,4930,279643,4059,10224,2753,6236,20000,5982,4250,4308,4773,15481,7193,6248,4423,10311,170517,6344,21152,7610,9217,268809,6853,26004,15200,3418,9568,6629,5594,5046,7496,8962,3194,3398,4683,4319,54155,25276,13753,6146,7476,6127,7077,4231,18964,4400,9120,6001,4533,22769,10747,20241,6396,7139,29144,9412,3239,23245,25294
e0c3bc80-a97b-449f-8136-84cb1b574c9a,d947842c-366b-4cbd-8f60-86522c54c714,2026-09-21 18:59:48,,,In progress,Desktop,en-US,3607,,,,,,,,,,,,,,,,,,,,,,,,,,,,,,,,,,,,,,,,,,,,,,,,,,,,,,,,,,,,,,,,,,,,,,,,,,,,,,,,,,,,,,,,,,,,,,,,,,,,,,,,,,,,,,,,,,,,,,,,,,,,,,,,,,,,,,,,,,,,,,,,,,,,,,,,,,,,,,,,,,,,,,,,,,,,,,,,,,,,,,,,,,,,,,,,,,,,,,,,,,,,,,,,,,,,,,,,,,,,,,,,,,,,,,,,,,,,,,,,,,,,,,,,,,,,,,,,,,,,,,,,,,,,,,
134f2244-4a9b-4f20-a56b-65dfbd734d44,31a3cab9-5b6c-447d-8996-aee7b3c56841,2026-09-21 19:00:17,,,In progress,Desktop,en-US,13612,,,,,,,,,,,,,,,,,,,,,,,,,,,,,,,,,,,,,,,,,,,,,,,,,,,,,,,,,,,,,,,,,,,,,,,,,,,,,,,,,,,,,,,,,,,,,,,,,,,,,,,,,,,,,,,,,,,,,,,,,,,,,,,,,,,,,,,,,,,,,,,,,,,,,,,,,,,,,,,,,,,,,,,,,,,,,,,,,,,,,,,,,,,,,,,,,,,,,,,,,,,,,,,,,,,,,,,,,,,,,,,,,,,,,,,,,,,,,,,,,,,,,,,,,,,,,,,,,,,,,,,,,,,,,,
6c986415-8d18-4863-ab40-decec4549024,0657bd68-b267-4b5a-bdab-5b30b760b825,2026-09-21 19:00:19,2026-09-21 19:21:20,1260,Completed,Desktop,en-US,7854,3173,3809,6912,,3416,4492,5843,5200,4590,2662,4078,5126,4081,3124,3630,2444,5388,5903,6744,5081,3844,2370,7746,5735,4406,4354,5232,5663,4772,4032,2264,3999,9865,7151,5323,3655,7742,5087,4553,7950,1959,2778,5681,3201,3920,2739,2480,6866,5134,3451,3504,4462,5564,4357,7409,5251,6346,4313,4231,4561,3309,3759,6124,4495,9770,4613,3641,3535,5697,2745,5309,6987,2836,5816,3363,4213,2875,4462,7332,4772,4014,4168,4976,3797,2815,2525,5227,3496,4477,3212,4157,5932,,,,,,,,,,,,,,,,,,,,,,,,,,,,,,,,,,,,,,,,,,,,,,,,,,,,,,,,,,,,,,,,,,,,,,,,,,,,,,,,,,,,,,,,,17793,21180,7534,9326,5367,9652,7508,5029,5162,5052,4957,6280,4835,10191,7464,8886,8265,6097,6752,7846,7076,5064,18657,6176,6387,5837,8558,5199,4744,6572,6362,6004,5606,10012,4060,9320,6284,5341,6214,7356,10609,4169,9094,5056,4182,10474,11910,4676,4718,6893,10379,5720,7166,7992,9916,6248,11223,4014,10387,3572,6934,9133,7422,6409,7218,5834,7271,6193,9102,7021,6654,6136,4905,4277,8691,7578,4842,7917,6732,6539,8832,6619,6041,5133,6984,7144,8027,5703,5353,6935
7028b601-fe84-4733-9e1a-7d557f4cf4d4,b836d4fa-2d3b-455e-8917-5f8fda2fc9ef,2026-09-21 19:00:35,,,In progress,Mobile,en-US,15867,,,,,,,,,,,,,,,,,,,,,,,,,,,,,,,,,,,,,,,,,,,,,,,,,,,,,,,,,,,,,,,,,,,,,,,,,,,,,,,,,,,,,,,,,,,,,,,,,,,,,,,,,,,,,,,,,,,,,,,,,,,,,,,,,,,,,,,,,,,,,,,,,,,,,,,,,,,,,,,,,,,,,,,,,,,,,,,,,,,,,,,,,,,,,,,,,,,,,,,,,,,,,,,,,,,,,,,,,,,,,,,,,,,,,,,,,,,,,,,,,,,,,,,,,,,,,,,,,,,,,,,,,,,,,,
96cc92f6-a30e-443d-a79d-26060ce9d858,a66255d4-edde-4d71-befb-04a8815696d1,2026-09-21 19:01:02,,,In progress,Desktop,en-US,3614,,,,,,,,,,,,,,,,,,,,,,,,,,,,,,,,,,,,,,,,,,,,,,,,,,,,,,,,,,,,,,,,,,,,,,,,,,,,,,,,,,,,,,,,,,,,,,,,,,,,,,,,,,,,,,,,,,,,,,,,,,,,,,,,,,,,,,,,,,,,,,,,,,,,,,,,,,,,,,,,,,,,,,,,,,,,,,,,,,,,,,,,,,,,,,,,,,,,,,,,,,,,,,,,,,,,,,,,,,,,,,,,,,,,,,,,,,,,,,,,,,,,,,,,,,,,,,,,,,,,,,,,,,,,,,
6511537f-538b-4476-a9ff-e91e2714cd83,fd24cbf4-56c2-4e0a-81b7-ea5ee6aafbd5,2026-09-21 19:01:08,,,In progress,Mobile,en-US,8677,,,,,,,,,,,,,,,,,,,,,,,,,,,,,,,,,,,,,,,,,,,,,,,,,,,,,,,,,,,,,,,,,,,,,,,,,,,,,,,,,,,,,,,,,,,,,,,,,,,,,,,,,,,,,,,,,,,,,,,,,,,,,,,,,,,,,,,,,,,,,,,,,,,,,,,,,,,,,,,,,,,,,,,,,,,,,,,,,,,,,,,,,,,,,,,,,,,,,,,,,,,,,,,,,,,,,,,,,,,,,,,,,,,,,,,,,,,,,,,,,,,,,,,,,,,,,,,,,,,,,,,,,,,,,,
733b0815-b547-45ba-8232-e19d82a2f921,dc10b93d-319b-4f92-825c-8afada80fbec,2026-09-21 19:01:34,,,In progress,Desktop,en-US,4614,,,,,,,,,,,,,,,,,,,,,,,,,,,,,,,,,,,,,,,,,,,,,,,,,,,,,,,,,,,,,,,,,,,,,,,,,,,,,,,,,,,,,,,,,,,,,,,,,,,,,,,,,,,,,,,,,,,,,,,,,,,,,,,,,,,,,,,,,,,,,,,,,,,,,,,,,,,,,,,,,,,,,,,,,,,,,,,,,,,,,,,,,,,,,,,,,,,,,,,,,,,,,,,,,,,,,,,,,,,,,,,,,,,,,,,,,,,,,,,,,,,,,,,,,,,,,,,,,,,,,,,,,,,,,,
9cbaf98b-020e-45a6-aa55-15ccb043d5e0,6d3d7852-816f-4eef-af42-12330a737133,2026-09-21 19:01:57,,,In progress,Desktop,en-US,5247,,,,,,,,,,,,,,,,,,,,,,,,,,,,,,,,,,,,,,,,,,,,,,,,,,,,,,,,,,,,,,,,,,,,,,,,,,,,,,,,,,,,,,,,,,,,,,,,,,,,,,,,,,,,,,,,,,,,,,,,,,,,,,,,,,,,,,,,,,,,,,,,,,,,,,,,,,,,,,,,,,,,,,,,,,,,,,,,,,,,,,,,,,,,,,,,,,,,,,,,,,,,,,,,,,,,,,,,,,,,,,,,,,,,,,,,,,,,,,,,,,,,,,,,,,,,,,,,,,,,,,,,,,,,,,
7998e265-8018-467e-86ad-e5813397dd67,d481d653-01bb-44bc-87b9-3c13b9d9ae4e,2026-09-21 19:02:09,,,In progress,Mobile,en-US,5788,,,,,,,,,,,,,,,,,,,,,,,,,,,,,,,,,,,,,,,,,,,,,,,,,,,,,,,,,,,,,,,,,,,,,,,,,,,,,,,,,,,,,,,,,,,,,,,,,,,,,,,,,,,,,,,,,,,,,,,,,,,,,,,,,,,,,,,,,,,,,,,,,,,,,,,,,,,,,,,,,,,,,,,,,,,,,,,,,,,,,,,,,,,,,,,,,,,,,,,,,,,,,,,,,,,,,,,,,,,,,,,,,,,,,,,,,,,,,,,,,,,,,,,,,,,,,,,,,,,,,,,,,,,,,,
e3bbcbe1-5ad1-4929-a630-5f1c730dd4cc,6d18ba6e-a6e8-4577-8c5d-ef600bcabf62,2026-09-21 19:02:48,,,In progress,Mobile,en-US,3957,,,,,,,,,,,,,,,,,,,,,,,,,,,,,,,,,,,,,,,,,,,,,,,,,,,,,,,,,,,,,,,,,,,,,,,,,,,,,,,,,,,,,,,,,,,,,,,,,,,,,,,,,,,,,,,,,,,,,,,,,,,,,,,,,,,,,,,,,,,,,,,,,,,,,,,,,,,,,,,,,,,,,,,,,,,,,,,,,,,,,,,,,,,,,,,,,,,,,,,,,,,,,,,,,,,,,,,,,,,,,,,,,,,,,,,,,,,,,,,,,,,,,,,,,,,,,,,,,,,,,,,,,,,,,,
d0cb0f06-3a6e-496b-8757-8da73855ae66,478eeb02-a976-42b3-a0aa-8db666cedf1b,2026-09-21 19:03:20,,,In progress,Desktop,en-US,6211,,,,,,,,,,,,,,,,,,,,,,,,,,,,,,,,,,,,,,,,,,,,,,,,,,,,,,,,,,,,,,,,,,,,,,,,,,,,,,,,,,,,,,,,,,,,,,,,,,,,,,,,,,,,,,,,,,,,,,,,,,,,,,,,,,,,,,,,,,,,,,,,,,,,,,,,,,,,,,,,,,,,,,,,,,,,,,,,,,,,,,,,,,,,,,,,,,,,,,,,,,,,,,,,,,,,,,,,,,,,,,,,,,,,,,,,,,,,,,,,,,,,,,,,,,,,,,,,,,,,,,,,,,,,,,
54562fc6-e58f-4011-904b-4c44b5648ccc,68535441-ddfd-4a58-8536-2a1b039a0fbf,2026-09-21 19:04:27,,,In progress,Desktop,en-US,5149,,,,,,,,,,,,,,,,,,,,,,,,,,,,,,,,,,,,,,,,,,,,,,,,,,,,,,,,,,,,,,,,,,,,,,,,,,,,,,,,,,,,,,,,,,,,,,,,,,,,,,,,,,,,,,,,,,,,,,,,,,,,,,,,,,,,,,,,,,,,,,,,,,,,,,,,,,,,,,,,,,,,,,,,,,,,,,,,,,,,,,,,,,,,,,,,,,,,,,,,,,,,,,,,,,,,,,,,,,,,,,,,,,,,,,,,,,,,,,,,,,,,,,,,,,,,,,,,,,,,,,,,,,,,,,
43617db0-3631-4e70-bae7-00b5e9750a4c,a741bc73-d4e9-416a-acc5-e4619c550755,2026-09-21 19:04:29,,,In progress,Mobile,en-US,4109,3217,3227,4237,,,,,,,,,,,,,,,,,,,,,,,,,,,,,,,,,,,,,,,,,,,,,,,,,,,,,,,,,,,,,,,,,,,,,,,,,,,,,,,,,,,,,,,,,,,,,,,,,,,,,,,,,,,,,,,,,,,,,,,,,,,,,,,,,,,,,,,,,,,,,,,,,,,,,,,,,,,,,,,,,,,,,,,,,,,,,,,,,,,,,,,,,,,,,,,,,,,,,,,,,,,,,,,,,,,,,,,,,,,,,,,,,,,,,,,,,,,,,,,,,,,,,,,,,,,,,,,,,,,,,,,,,,,
468e10e2-2799-465b-8117-3b49637e8876,a83d4ea7-aaa8-4e9d-9684-b3da0b6dc29a,2026-09-21 19:04:45,,,In progress,Mobile,en-US,3472,,,,,,,,,,,,,,,,,,,,,,,,,,,,,,,,,,,,,,,,,,,,,,,,,,,,,,,,,,,,,,,,,,,,,,,,,,,,,,,,,,,,,,,,,,,,,,,,,,,,,,,,,,,,,,,,,,,,,,,,,,,,,,,,,,,,,,,,,,,,,,,,,,,,,,,,,,,,,,,,,,,,,,,,,,,,,,,,,,,,,,,,,,,,,,,,,,,,,,,,,,,,,,,,,,,,,,,,,,,,,,,,,,,,,,,,,,,,,,,,,,,,,,,,,,,,,,,,,,,,,,,,,,,,,,
c8713504-a4f7-4efb-b38e-f6f025db0a2d,fbb268dd-400f-4825-8dd3-5ba4066f3f1b,2026-09-21 19:05:58,,,In progress,Desktop,en-US,3382,,,,,,,,,,,,,,,,,,,,,,,,,,,,,,,,,,,,,,,,,,,,,,,,,,,,,,,,,,,,,,,,,,,,,,,,,,,,,,,,,,,,,,,,,,,,,,,,,,,,,,,,,,,,,,,,,,,,,,,,,,,,,,,,,,,,,,,,,,,,,,,,,,,,,,,,,,,,,,,,,,,,,,,,,,,,,,,,,,,,,,,,,,,,,,,,,,,,,,,,,,,,,,,,,,,,,,,,,,,,,,,,,,,,,,,,,,,,,,,,,,,,,,,,,,,,,,,,,,,,,,,,,,,,,,
72e85ca0-94b7-49e2-bac9-ace291ad409b,d3c63259-87d3-483c-a64b-ea4bdec3e35d,2026-09-21 19:06:53,,,In progress,Desktop,en-US,5672,,,,,,,,,,,,,,,,,,,,,,,,,,,,,,,,,,,,,,,,,,,,,,,,,,,,,,,,,,,,,,,,,,,,,,,,,,,,,,,,,,,,,,,,,,,,,,,,,,,,,,,,,,,,,,,,,,,,,,,,,,,,,,,,,,,,,,,,,,,,,,,,,,,,,,,,,,,,,,,,,,,,,,,,,,,,,,,,,,,,,,,,,,,,,,,,,,,,,,,,,,,,,,,,,,,,,,,,,,,,,,,,,,,,,,,,,,,,,,,,,,,,,,,,,,,,,,,,,,,,,,,,,,,,,,
56d466e2-df02-460c-8f67-8ca2ae88a501,28022843-3479-4ec6-a2e1-8ae2a92dc7df,2026-09-21 19:07:05,,,In progress,Desktop,en-US,3763,,,,,,,,,,,,,,,,,,,,,,,,,,,,,,,,,,,,,,,,,,,,,,,,,,,,,,,,,,,,,,,,,,,,,,,,,,,,,,,,,,,,,,,,,,,,,,,,,,,,,,,,,,,,,,,,,,,,,,,,,,,,,,,,,,,,,,,,,,,,,,,,,,,,,,,,,,,,,,,,,,,,,,,,,,,,,,,,,,,,,,,,,,,,,,,,,,,,,,,,,,,,,,,,,,,,,,,,,,,,,,,,,,,,,,,,,,,,,,,,,,,,,,,,,,,,,,,,,,,,,,,,,,,,,,
e3e15cf2-1dce-492d-a787-e1661a684964,05d27fcb-c64f-4160-b8a4-421183444bb5,2026-09-21 19:07:05,,,In progress,Desktop,en-US,6251,,,,,,,,,,,,,,,,,,,,,,,,,,,,,,,,,,,,,,,,,,,,,,,,,,,,,,,,,,,,,,,,,,,,,,,,,,,,,,,,,,,,,,,,,,,,,,,,,,,,,,,,,,,,,,,,,,,,,,,,,,,,,,,,,,,,,,,,,,,,,,,,,,,,,,,,,,,,,,,,,,,,,,,,,,,,,,,,,,,,,,,,,,,,,,,,,,,,,,,,,,,,,,,,,,,,,,,,,,,,,,,,,,,,,,,,,,,,,,,,,,,,,,,,,,,,,,,,,,,,,,,,,,,,,,
1463505b-2446-4582-951d-55c9b6bfb7a5,5d9287e1-ef3f-4155-9e1b-39e6df0edd84,2026-09-21 19:07:13,,,In progress,Desktop,en-US,4632,4347,4521,9405,,,,,,,,,,,,,,,,,,,,,,,,,,,,,,,,,,,,,,,,,,,,,,,,,,,,,,,,,,,,,,,,,,,,,,,,,,,,,,,,,,,,,,,,,,,,2762,,3705,,,,,,,1244,6843,5851,2035,,2625,,3547,,4001,,1568,,,1836,,,,,3308,5367,,,,5599,2738,,,,2270,,,,,,,,,4497,,,,6030,,,,,,,4085,,,,,1830,,,,,,,,,,,,,4611,4933,,,3898,,,,,,,,,,,,,,,,,,,,,,,,,,,,,,,,,,,,,,,,,,,,,,,,,,,,,,,,,,,,,,,,,,,,,,,,,,,,,,,,,,,,,,,,,,,,,,,
b39c1d63-f33b-4fa6-ad79-b6a32dc12e28,40a3e53c-5b02-4cc6-adf8-32103a185649,2026-09-21 19:08:34,2026-09-21 19:28:01,1166,Completed,Desktop,en-US,3496,3968,5631,4720,,3319,3888,3558,7634,3883,3608,3551,3468,2830,2134,2456,3745,4504,4205,4638,2116,3344,1989,6042,7672,2656,3334,3878,9396,3504,2676,2718,2463,2341,2692,3805,3335,3246,4034,4323,3988,2842,3333,2735,3164,5003,4058,1909,2454,9923,3333,3726,3633,4841,5551,5176,6055,9614,4605,4297,4499,7173,2435,4299,2580,4762,3827,1875,2912,3384,3323,4417,3841,3146,3509,4513,1515,1912,4888,3498,7340,4688,2531,4333,3604,2971,5909,3766,3783,3317,4404,2338,4601,,,,,,,,,,,,,,,,,,,,,,,,,,,,,,,,,,,,,,,,,,,,,,,,,,,,,,,,,,,,,,,,,,,,,,,,,,,,,,,,,,,,,,,,,11523,,3459,4642,3976,5906,4578,4944,3972,4578,6445,4278,5366,4000,13938,6525,7833,7711,4146,3536,7566,6062,7844,5732,9605,10425,4267,4482,4877,3784,24717,4410,8562,5258,4383,6028,4782,6043,3547,4618,4430,3709,30955,3699,6850,4312,6863,7296,4752,3958,9287,5475,5430,4800,75067,5639,22293,5323,6312,5272,4884,5239,4608,5865,5449,4465,4385,4257,5981,4728,4744,5785,3757,6183,5327,6161,4780,4743,4176,4676,4633,4817,4059,4224,5180,6181,5898,5236,5683,4629
ccd3867a-0438-422b-be15-aa9eae430c6b,737324a9-92d6-4183-b7a7-35e46b7dbc66,2026-09-21 19:09:45,2026-09-21 19:27:04,1038,Completed,Desktop,en-US,4037,3725,4775,4226,,,,,,,,,,,,,,,,,,,,,,,,,,,,,,,,,,,,,,,,,,,,,,,,,,,,,,,,,,,,,,,,,,,,,,,,,,,,,,,,,,,,,,,,,,1359,3303,1463,3522,2914,2637,1567,1428,1379,2569,2005,1460,1335,4564,4205,2125,1316,1262,7864,7638,2735,4132,1418,3061,2004,1707,1332,1515,6114,2934,2419,2168,7590,3538,1851,3213,1136,2128,1539,1379,1124,2399,1866,5166,2474,2032,3689,1910,2501,3046,3861,2288,1850,5433,5708,1540,3011,2160,2660,7141,7232,4866,2207,1487,3110,2045,2262,2417,1990,5467,3466,2826,5440,2814,3085,2032,2824,3282,5342,3167,3429,2422,6158,1412,4410,2468,1951,3889,9719,,4095,4541,4129,8589,4563,4820,3438,5942,5920,3022,3733,3970,6308,6351,4031,5161,3639,4503,6570,3935,5083,3743,7655,5359,10424,3111,4069,3759,5740,4100,7629,3721,3936,4813,4491,4266,3806,3341,4387,3655,6200,5592,7519,3718,5082,6258,4043,6568,5815,4589,5133,5782,14549,5037,9694,7230,9254,4944,4571,3930,6162,5836,4719,5106,7220,5912,10233,2977,3534,5010,4867,5591,5602,4900,8242,5447,6088,3708,8052,5299,4319,5451,5871,5013,4308,5518,4214,3761
bc080a1d-14c8-4081-b77f-d1f79b0338d8,2756a70f-0c6f-4f4a-bbc3-722fe192c046,2026-09-21 19:10:05,,,In progress,Desktop,en-US,4874,,,,,,,,,,,,,,,,,,,,,,,,,,,,,,,,,,,,,,,,,,,,,,,,,,,,,,,,,,,,,,,,,,,,,,,,,,,,,,,,,,,,,,,,,,,,,,,,,,,,,,,,,,,,,,,,,,,,,,,,,,,,,,,,,,,,,,,,,,,,,,,,,,,,,,,,,,,,,,,,,,,,,,,,,,,,,,,,,,,,,,,,,,,,,,,,,,,,,,,,,,,,,,,,,,,,,,,,,,,,,,,,,,,,,,,,,,,,,,,,,,,,,,,,,,,,,,,,,,,,,,,,,,,,,,
bd5ffd31-0ae5-4c09-af8c-60774fc2c9eb,b4e13dc8-1abf-4a75-a673-6d882f59b9b5,2026-09-21 19:10:52,2026-09-21 20:02:51,3118,Completed,Desktop,en-US,5347,7141,6939,12814,7000,,,,,,,,,,,,,,,,,,,,,,,,,,,,,,,,,,,,,,,,,,,,,,,,,,,,,,,,,,,,,,,,,,,,,,,,,,,,,,,,,,,,,,,,,6531,5441,4332,16070,61058,8501,4236,14328,15262,5424,3322,8088,87330,7467,5589,4535,5896,4181,8359,17007,15944,12583,9532,12304,29062,10098,4191,6301,48874,10453,15181,5009,7348,11154,20898,7589,2929,12819,5668,6787,2781,3532,20268,4992,17530,6685,5627,7277,19978,11125,6476,6062,7579,9342,28325,7349,39255,13899,5516,6268,10552,7235,5008,5132,2915,3222,8039,15542,23054,4994,6611,18786,19571,6713,16707,18254,55844,12561,6801,6314,12191,40754,6650,21724,7885,7502,7547,3868,30853,,10792,16992,13322,10957,10913,20931,7633,9752,9112,27983,8780,8220,34153,10124,25402,21711,8996,8060,12443,25082,10664,12605,16615,24459,13846,34643,11325,14605,7644,7287,14964,6827,14190,11006,20393,14564,8164,6175,8491,9342,15748,8043,10538,7316,33400,8069,9875,8164,9332,10801,11079,9663,13093,8720,10506,7997,7868,12367,17085,20710,25630,14443,28763,7505,10345,8212,42170,9152,38788,8229,7714,13024,14311,22215,15194,21541,6926,9760,24717,10232,10875,27246,9925,10268,12127,11486,14475,6324
26223bbb-c258-458e-b042-8838f40c4ffe,9b4f98dd-1b3d-49b8-a684-9ec7777cbb12,2026-09-21 19:11:48,,,In progress,Desktop,en-US,2857,,,,,,,,,,,,,,,,,,,,,,,,,,,,,,,,,,,,,,,,,,,,,,,,,,,,,,,,,,,,,,,,,,,,,,,,,,,,,,,,,,,,,,,,,,,,,,,,,,,,,,,,,,,,,,,,,,,,,,,,,,,,,,,,,,,,,,,,,,,,,,,,,,,,,,,,,,,,,,,,,,,,,,,,,,,,,,,,,,,,,,,,,,,,,,,,,,,,,,,,,,,,,,,,,,,,,,,,,,,,,,,,,,,,,,,,,,,,,,,,,,,,,,,,,,,,,,,,,,,,,,,,,,,,,,
980f08d6-35ff-4c37-af5e-e6bea338e06d,1d778a53-d720-42f8-b4e3-e757f6eb5164,2026-09-21 19:15:19,2026-09-21 19:49:47,2067,Completed,Desktop,en-US,152798,5520,6638,11686,,4267,3695,2419,2529,4367,1671,3748,3039,10463,3931,4092,4445,5056,7171,8246,7494,2082,1404,3601,14071,3402,4250,5584,3360,5288,2915,2112,3099,5102,2499,4250,3695,6269,5493,2003,8557,3089,2023,1978,3540,6259,4241,1573,3148,3661,17681,3181,4844,7267,4880,5156,6805,5122,3418,4967,5575,5871,2509,4891,3929,4651,5900,2856,2759,6227,6556,5571,5708,4562,2172,8556,8399,2636,4511,4965,2993,4909,2852,5870,4107,3082,2378,5510,6590,3802,8367,7393,8061,,,,,,,,,,,,,,,,,,,,,,,,,,,,,,,,,,,,,,,,,,,,,,,,,,,,,,,,,,,,,,,,,,,,,,,,,,,,,,,,,,,,,,,,,15377,,7788,6586,7713,14064,29976,7457,7097,9833,6584,6951,10582,6765,8126,7690,7646,13461,7405,7108,22081,7351,11247,13448,6443,7466,10570,6463,8461,7457,9492,6653,11978,8914,11612,5221,6791,10390,5970,5075,19503,6800,9732,6609,7162,9979,18931,6339,6806,36612,5781,7200,9542,39792,10761,8712,12665,9748,9073,7994,9679,5764,10784,7302,6698,8063,8078,7185,11584,8691,7516,9294,9807,11920,7501,8672,8147,9287,13942,6189,8245,12115,7298,6484,8210,14952,7960,7676,5169,6183
f96e612d-64ea-4886-ab17-f1dd6fd7f7ae,94af3017-062e-452d-b401-fb527d72ee02,2026-09-21 19:15:37,,,In progress,Mobile,en-US,13807,,,,,,,,,,,,,,,,,,,,,,,,,,,,,,,,,,,,,,,,,,,,,,,,,,,,,,,,,,,,,,,,,,,,,,,,,,,,,,,,,,,,,,,,,,,,,,,,,,,,,,,,,,,,,,,,,,,,,,,,,,,,,,,,,,,,,,,,,,,,,,,,,,,,,,,,,,,,,,,,,,,,,,,,,,,,,,,,,,,,,,,,,,,,,,,,,,,,,,,,,,,,,,,,,,,,,,,,,,,,,,,,,,,,,,,,,,,,,,,,,,,,,,,,,,,,,,,,,,,,,,,,,,,,,,
5afb32ea-09db-45fe-b19d-26f76150887a,ab5a640a-4902-4422-a26a-36ef4c4df532,2026-09-21 19:16:10,,,In progress,Desktop,en-US,2919,,,,,,,,,,,,,,,,,,,,,,,,,,,,,,,,,,,,,,,,,,,,,,,,,,,,,,,,,,,,,,,,,,,,,,,,,,,,,,,,,,,,,,,,,,,,,,,,,,,,,,,,,,,,,,,,,,,,,,,,,,,,,,,,,,,,,,,,,,,,,,,,,,,,,,,,,,,,,,,,,,,,,,,,,,,,,,,,,,,,,,,,,,,,,,,,,,,,,,,,,,,,,,,,,,,,,,,,,,,,,,,,,,,,,,,,,,,,,,,,,,,,,,,,,,,,,,,,,,,,,,,,,,,,,,
726992a7-454b-4845-8d22-cd9756cdbbe3,f51eb138-9a76-453d-bfd3-2a67b9d1774c,2026-09-21 19:17:03,2026-09-21 19:41:15,1451,Completed,Desktop,en-US,9630,6458,4014,8427,,3111,1511,1910,4060,1332,2190,3144,3570,2740,3799,4104,3572,5534,6666,4634,6181,1967,4016,7445,5012,3953,1242,5090,2821,3819,3553,3504,3723,3729,1576,4056,2627,3710,7473,21163,4367,2648,2454,3483,3681,2491,2448,1580,4493,9431,5393,3725,4230,5818,7257,5329,4550,15272,3440,2444,3059,3354,1420,2399,4201,6168,15383,2706,2982,6463,4814,6012,5330,5546,3991,4810,3095,2415,1237,5457,8170,3132,5624,9325,2897,3938,5487,3890,6573,3797,6228,9111,12826,,,,,,,,,,,,,,,,,,,,,,,,,,,,,,,,,,,,,,,,,,,,,,,,,,,,,,,,,,,,,,,,,,,,,,,,,,,,,,,,,,,,,,,,,15468,,7934,8207,8904,11311,10799,7967,7506,10360,9773,11491,6673,7570,9405,7980,7082,6889,6358,6249,9875,10530,10145,9345,9150,6182,6309,6773,19070,6526,8707,8484,8163,10410,7599,10596,12197,5618,6366,5224,6217,7751,6960,4595,6505,5141,11013,8536,7374,5504,6500,9340,6700,9607,11486,6799,11306,11129,9432,8560,8238,7885,9623,9411,9624,6161,6287,8203,14859,7481,10272,5669,8472,8333,9003,8932,6628,10756,11092,6539,6717,11393,7987,6781,7309,8904,8837,8756,7945,6331
4644b951-d017-4af1-bfb8-c28c01755380,8c630ab6-c67b-4b36-8c94-57a706c927b4,2026-09-21 19:18:06,,,In progress,Desktop,en-US,3859,,,,,,,,,,,,,,,,,,,,,,,,,,,,,,,,,,,,,,,,,,,,,,,,,,,,,,,,,,,,,,,,,,,,,,,,,,,,,,,,,,,,,,,,,,,,,,,,,,,,,,,,,,,,,,,,,,,,,,,,,,,,,,,,,,,,,,,,,,,,,,,,,,,,,,,,,,,,,,,,,,,,,,,,,,,,,,,,,,,,,,,,,,,,,,,,,,,,,,,,,,,,,,,,,,,,,,,,,,,,,,,,,,,,,,,,,,,,,,,,,,,,,,,,,,,,,,,,,,,,,,,,,,,,,,
cce5d5c5-4c99-4a9f-941f-a6ea978c26f7,9a5bf4e9-4f1b-40fa-978e-a5baf6fba22d,2026-09-21 19:23:54,2026-09-21 19:41:51,1076,Completed,Desktop,en-US,3855,3879,6110,6921,,,,,,,,,,,,,,,,,,,,,,,,,,,,,,,,,,,,,,,,,,,,,,,,,,,,,,,,,,,,,,,,,,,,,,,,,,,,,,,,,,,,,,,,,,1244,985,1375,926,1433,9605,1732,3003,1012,1582,2633,970,7049,2446,894,1465,1660,3627,3423,4192,927,1220,975,1134,1154,3124,3529,865,2450,14608,1524,2814,2539,1613,2613,2708,1337,1283,1231,729,22183,2018,1041,6852,2652,1304,1999,820,9549,3018,2799,6091,1616,3923,714,658,873,1885,1613,2122,3933,3565,1350,2200,1202,2075,2001,3152,3258,4327,6443,3100,1726,4397,1801,4122,3840,4036,4718,4122,1460,3566,563,6379,1774,1549,4484,2629,5242,,4059,9204,4457,4174,4372,4640,4995,5031,7041,4319,3817,4123,10942,4082,10558,16456,6303,4775,4623,5192,14046,6826,15184,7226,3961,4481,3715,9960,5406,21722,7505,4111,13205,6611,4288,17595,4198,4318,8831,4786,4089,4538,4703,4798,5249,9439,3928,3906,6437,8643,3414,5746,4015,5167,5708,24917,4398,5118,8931,5692,3707,12584,7017,6373,7421,4407,5791,17265,5828,4060,3762,4757,4725,17048,4497,6642,3288,3868,5786,3840,3857,4987,5573,5010,10271,6283,24129,11206
08a1337d-15a8-4dbd-b3e1-aea4e3c1cb8a,9faa8d11-da58-4257-afb8-268a9dc69641,2026-09-21 19:27:13,,,In progress,Desktop,en-GB,10187,,,,,,,,,,,,,,,,,,,,,,,,,,,,,,,,,,,,,,,,,,,,,,,,,,,,,,,,,,,,,,,,,,,,,,,,,,,,,,,,,,,,,,,,,,,,,,,,,,,,,,,,,,,,,,,,,,,,,,,,,,,,,,,,,,,,,,,,,,,,,,,,,,,,,,,,,,,,,,,,,,,,,,,,,,,,,,,,,,,,,,,,,,,,,,,,,,,,,,,,,,,,,,,,,,,,,,,,,,,,,,,,,,,,,,,,,,,,,,,,,,,,,,,,,,,,,,,,,,,,,,,,,,,,,,
ed776ddf-62c3-44e3-b24d-d1a46306bb07,51f95d36-ccf3-4143-8f26-1ec90c5f4f90,2026-09-21 19:28:46,2026-09-21 19:53:11,1464,Completed,Desktop,en-US,6539,4083,4409,4981,,,,,,,,,,,,,,,,,,,,,,,,,,,,,,,,,,,,,,,,,,,,,,,,,,,,,,,,,,,,,,,,,,,,,,,,,,,,,,,,,,,,,,,,,,2514,3413,1572,6007,3577,2807,2707,2101,3833,3327,9076,3495,3678,9658,4998,8151,2724,3223,10033,8275,6248,2435,3688,4586,3237,1808,7289,5057,7518,3513,4966,4639,7353,8630,2412,2886,1815,2782,4627,1592,4413,3299,6352,4643,8735,3347,4195,6039,7664,10089,6898,6003,7034,3972,9768,3522,6332,2455,3681,5196,5642,3950,3659,8123,3568,2637,5874,11869,5400,9421,3441,3171,7083,6710,2327,4865,6587,5292,2151,3561,3342,4724,8872,4541,7139,3266,3444,4714,11220,,3998,6817,5943,7199,6337,5479,6522,4185,7571,4483,7096,7762,19706,15662,8784,16407,5443,5810,6952,10366,8614,10354,20788,13028,5533,5880,4868,7556,7766,8588,8163,13150,13729,16503,4454,7034,5544,4215,5275,4530,50901,11858,7913,7153,7546,5947,5057,8724,11732,8247,10937,5203,7669,6057,20575,5922,15266,4766,8002,5103,9124,7253,6689,6723,6708,5562,7785,8837,6709,10724,5902,4982,12214,5074,7832,7845,9124,6165,13102,7303,5333,7970,8126,6672,11400,11118,5851,7838
0424342e-a3d1-4737-90dd-2a7c14a096f2,31697035-81ff-4715-9f1d-b3448841fdb7,2026-09-21 19:28:56,,,In progress,Desktop,en-US,8904,,,,,,,,,,,,,,,,,,,,,,,,,,,,,,,,,,,,,,,,,,,,,,,,,,,,,,,,,,,,,,,,,,,,,,,,,,,,,,,,,,,,,,,,,,,,,,,,,,,,,,,,,,,,,,,,,,,,,,,,,,,,,,,,,,,,,,,,,,,,,,,,,,,,,,,,,,,,,,,,,,,,,,,,,,,,,,,,,,,,,,,,,,,,,,,,,,,,,,,,,,,,,,,,,,,,,,,,,,,,,,,,,,,,,,,,,,,,,,,,,,,,,,,,,,,,,,,,,,,,,,,,,,,,,,
7a572860-e15c-4a74-b87c-589619cd6b8e,37ec2567-56b9-422d-b18b-45f3d963c679,2026-09-21 19:31:57,,,In progress,Desktop,en-US,9251,,,,,,,,,,,,,,,,,,,,,,,,,,,,,,,,,,,,,,,,,,,,,,,,,,,,,,,,,,,,,,,,,,,,,,,,,,,,,,,,,,,,,,,,,,,,,,,,,,,,,,,,,,,,,,,,,,,,,,,,,,,,,,,,,,,,,,,,,,,,,,,,,,,,,,,,,,,,,,,,,,,,,,,,,,,,,,,,,,,,,,,,,,,,,,,,,,,,,,,,,,,,,,,,,,,,,,,,,,,,,,,,,,,,,,,,,,,,,,,,,,,,,,,,,,,,,,,,,,,,,,,,,,,,,,
48f374a3-e05d-4cba-8557-fb6d7052d852,a88e9a59-68c6-4d7e-9114-cb780b909d8a,2026-09-21 19:35:38,2026-09-21 20:02:55,1637,Completed,Desktop,en-US,2598,2589,5329,4124,,,,,,,,,,,,,,,,,,,,,,,,,,,,,,,,,,,,,,,,,,,,,,,,,,,,,,,,,,,,,,,,,,,,,,,,,,,,,,,,,,,,,,,,,,6451,1734,8712,7898,2537,11461,2362,2932,3829,10337,4606,5499,11574,6459,13551,8380,1854,1575,32743,9302,4330,5330,6161,3927,1591,9243,2163,6514,3976,2988,6210,5077,10018,69131,2024,4581,1111,2056,1670,1931,5765,2758,5982,1717,17947,2153,3198,5619,2702,4927,4883,16358,9308,2414,3801,1641,5837,2729,3749,1784,4089,7119,2223,1854,3951,7259,2288,4507,3508,33904,10892,5482,2789,3357,2695,12842,3050,2298,1450,3490,2894,2064,19452,9615,4976,13592,2288,2856,8342,,7545,3652,4858,7128,7729,3441,6633,112182,3786,3100,5826,4809,6282,4552,48503,7068,15552,3735,17457,5240,3840,3721,15176,27167,4759,4218,2766,7011,5886,32495,10483,4713,9403,5151,15046,4731,2622,4736,7787,3791,7815,6198,6549,5323,3664,12898,3831,4620,11948,4036,4217,4216,10166,6724,9595,3597,13078,3436,12268,4248,11423,4442,4593,15162,7339,4427,4601,11977,9969,8909,7788,4176,4134,6477,3592,3134,26275,7119,9135,6094,8822,9442,86517,14624,4532,4660,3431,7499
f2a9578d-9b03-4c83-b975-445c98835138,f6c1e9a1-dd3f-4b52-94a8-b4ae311ec6e1,2026-09-21 19:35:57,,,In progress,Desktop,en-US,4001,4384,4675,6713,,,,,,,,,,,,,,,,,,,,,,,,,,,,,,,,,,,,,,,,,,,,,,,,,,,,,,,,,,,,,,,,,,,,,,,,,,,,,,,,,,,,,,,,,,,,,,,,,,,,,,,,,,,,,,,,,,,,,,,,,,,,,,,,,,,,,,,,,,,,,,,,,,,,,,,,,,,,,,,,,,,,,,,,,,,,,,,,,,,,,,,,,,,,,,,,,,,,,,,,,,,,,,,,,,,,,,,,,,,,,,,,,,,,,,,,,,,,,,,,,,,,,,,,,,,,,,,,,,,,,,,,,,,
30aff3b1-23af-4cd6-8985-dd7e3560c2d8,2e5d34a7-1f5a-4098-87f0-59093f64ac8b,2026-09-21 19:36:28,2026-09-21 19:59:10,1361,Completed,Desktop,en-US,5552,2691,6198,6261,,,,,,,,,,,,,,,,,,,,,,,,,,,,,,,,,,,,,,,,,,,,,,,,,,,,,,,,,,,,,,,,,,,,,,,,,,,,,,,,,,,,,,,,,,7691,3553,5202,2897,2059,5941,4061,2852,2584,1659,2285,1506,4673,3808,4431,5827,1785,3138,3874,3369,2596,4546,3274,3568,2146,1102,2109,2007,1851,2498,4300,2710,5261,3362,3444,2683,1601,1665,1426,1453,1712,2994,1733,4823,8600,5173,3021,2095,4558,3893,4483,5394,5934,3688,3512,1755,1933,3579,2886,2238,4911,3982,3103,3988,1790,1885,2472,8464,3178,5439,2746,2088,4849,4727,3820,4402,4710,3533,2573,2615,3236,2011,4911,3693,5002,2940,3689,3046,9908,,5474,8574,5029,7814,7111,5564,6524,4522,4725,5103,8294,5710,6695,11057,8794,8516,4685,5370,7399,7347,9975,7149,5840,9407,7075,5901,4969,7257,6634,6224,8891,7209,7691,6366,6245,7315,4555,5633,6418,3751,7682,4347,7592,5940,8492,5181,6659,7748,5634,6174,6977,5839,17137,5626,5637,6254,10377,5635,8944,6777,8343,5773,6561,11307,4776,7572,7138,5900,9772,7581,5569,8509,8208,13652,10376,6531,6187,8656,5824,7898,4982,5234,7414,7276,6386,6971,7114,8862
373fd48a-131c-4a59-a82f-1ceaf8d21989,65c7148d-1480-45d6-9879-c29787fe9d18,2026-09-21 19:36:32,,,In progress,Desktop,en-US,3198,,,,,,,,,,,,,,,,,,,,,,,,,,,,,,,,,,,,,,,,,,,,,,,,,,,,,,,,,,,,,,,,,,,,,,,,,,,,,,,,,,,,,,,,,,,,,,,,,,,,,,,,,,,,,,,,,,,,,,,,,,,,,,,,,,,,,,,,,,,,,,,,,,,,,,,,,,,,,,,,,,,,,,,,,,,,,,,,,,,,,,,,,,,,,,,,,,,,,,,,,,,,,,,,,,,,,,,,,,,,,,,,,,,,,,,,,,,,,,,,,,,,,,,,,,,,,,,,,,,,,,,,,,,,,,
e1174564-44d6-432c-8b57-11aa14d767f9,de588c3d-6e1a-4908-9923-f08e8f923ee3,2026-09-21 19:36:38,,,In progress,Desktop,en-US,4485,,,,,,,,,,,,,,,,,,,,,,,,,,,,,,,,,,,,,,,,,,,,,,,,,,,,,,,,,,,,,,,,,,,,,,,,,,,,,,,,,,,,,,,,,,,,,,,,,,,,,,,,,,,,,,,,,,,,,,,,,,,,,,,,,,,,,,,,,,,,,,,,,,,,,,,,,,,,,,,,,,,,,,,,,,,,,,,,,,,,,,,,,,,,,,,,,,,,,,,,,,,,,,,,,,,,,,,,,,,,,,,,,,,,,,,,,,,,,,,,,,,,,,,,,,,,,,,,,,,,,,,,,,,,,,
b0bf678f-5e2e-4403-8531-ca00e7f9b515,0b97aced-7b3c-48b1-921a-7ab7d808eb40,2026-09-21 19:36:49,,,In progress,Desktop,en-US,3671,,,,,,,,,,,,,,,,,,,,,,,,,,,,,,,,,,,,,,,,,,,,,,,,,,,,,,,,,,,,,,,,,,,,,,,,,,,,,,,,,,,,,,,,,,,,,,,,,,,,,,,,,,,,,,,,,,,,,,,,,,,,,,,,,,,,,,,,,,,,,,,,,,,,,,,,,,,,,,,,,,,,,,,,,,,,,,,,,,,,,,,,,,,,,,,,,,,,,,,,,,,,,,,,,,,,,,,,,,,,,,,,,,,,,,,,,,,,,,,,,,,,,,,,,,,,,,,,,,,,,,,,,,,,,,
0ef31281-785f-449e-98e5-c06b1a7d7013,66a1a311-000f-4204-8b29-83da5c14b6f6,2026-09-21 19:37:07,,,In progress,Desktop,en-US,6590,,,,,,,,,,,,,,,,,,,,,,,,,,,,,,,,,,,,,,,,,,,,,,,,,,,,,,,,,,,,,,,,,,,,,,,,,,,,,,,,,,,,,,,,,,,,,,,,,,,,,,,,,,,,,,,,,,,,,,,,,,,,,,,,,,,,,,,,,,,,,,,,,,,,,,,,,,,,,,,,,,,,,,,,,,,,,,,,,,,,,,,,,,,,,,,,,,,,,,,,,,,,,,,,,,,,,,,,,,,,,,,,,,,,,,,,,,,,,,,,,,,,,,,,,,,,,,,,,,,,,,,,,,,,,,
2f36e006-7906-42d6-b2a9-c8018bde513e,23a3cf20-7e29-4f29-97f2-e5a76fc5f1f5,2026-09-21 19:38:03,,,In progress,Desktop,en-US,4253,,,,,,,,,,,,,,,,,,,,,,,,,,,,,,,,,,,,,,,,,,,,,,,,,,,,,,,,,,,,,,,,,,,,,,,,,,,,,,,,,,,,,,,,,,,,,,,,,,,,,,,,,,,,,,,,,,,,,,,,,,,,,,,,,,,,,,,,,,,,,,,,,,,,,,,,,,,,,,,,,,,,,,,,,,,,,,,,,,,,,,,,,,,,,,,,,,,,,,,,,,,,,,,,,,,,,,,,,,,,,,,,,,,,,,,,,,,,,,,,,,,,,,,,,,,,,,,,,,,,,,,,,,,,,,
0d107af8-d55b-4dc6-b83b-3ffb0b2461a0,921c232b-febf-4073-830f-b4b81d75f27c,2026-09-21 19:38:19,,,In progress,Desktop,en-US,33539,6911,9836,13015,,,,5968,,38494,11126,6310,,21140,,5751,,,9071,,,18551,2832,,36004,,,,,18085,24733,5159,,,6131,,38287,,,,16745,7447,3795,9821,,,24161,,10196,,,,9162,,12847,,,,10722,,,,4969,14173,,4879,10210,41497,,16225,4344,,,,15047,,6519,13093,,9743,15537,9701,,,15927,5584,,10263,17314,,6134,,,,,,,,,,,,,,,,,,,,,,,,,,,,,,,,,,,,,,,,,,,,,,,,,,,,,,,,,,,,,,,,,,,,,,,,,,,,,,,,,,,,,,,,,,,,,,,,,,,,,,,,,,,,,,,,,,,,,,,,,,,,,,,,,,,,,,,,,,,,,,,,,,,,,,,,,,,,,,,,,,,,,,,,,,,,,,,,,,,,
8cc55f9d-e353-4387-8793-4fa0641f433b,0ee2c533-db8f-4156-b841-3228d75a8bfc,2026-09-21 19:43:57,,,In progress,Desktop,en-US,48128,3982,5327,16853,,,,,,,,,,,,,,,,,,,,,,,,,,,,,,,,,,,,,,,,,,,,,,,,,,,,,,,,,,,,,,,,,,,,,,,,,,,,,,,,,,,,,,,,,,,,,,,,,,,,,,,,,,,,,,,,,,,,,,,,,,,,,,,,,,,,,,,,,,,,,,,,,,,,,,,,,,,,,,,,,,,,,,,,,,,,,,,,,,,,,,,,,,,,,,,,,,,,,,,,,,,,,,,,,,,,,,,,,,,,,,,,,,,,,,,,,,,,,,,,,,,,,,,,,,,,,,,,,,,,,,,,,,,
e1b0f531-aa4e-4b59-a248-8ddab4068482,9a006c6f-81dc-4b01-b771-6facc48b2019,2026-09-21 19:46:05,,,In progress,Desktop,en-US,3639,,,,,,,,,,,,,,,,,,,,,,,,,,,,,,,,,,,,,,,,,,,,,,,,,,,,,,,,,,,,,,,,,,,,,,,,,,,,,,,,,,,,,,,,,,,,,,,,,,,,,,,,,,,,,,,,,,,,,,,,,,,,,,,,,,,,,,,,,,,,,,,,,,,,,,,,,,,,,,,,,,,,,,,,,,,,,,,,,,,,,,,,,,,,,,,,,,,,,,,,,,,,,,,,,,,,,,,,,,,,,,,,,,,,,,,,,,,,,,,,,,,,,,,,,,,,,,,,,,,,,,,,,,,,,,
8155583a-59be-46a8-851c-5b8308b74115,c9524ee7-1766-4a72-a76b-b21cabd33a9f,2026-09-21 19:46:55,,,In progress,Desktop,en-US,4592,,,,,,,,,,,,,,,,,,,,,,,,,,,,,,,,,,,,,,,,,,,,,,,,,,,,,,,,,,,,,,,,,,,,,,,,,,,,,,,,,,,,,,,,,,,,,,,,,,,,,,,,,,,,,,,,,,,,,,,,,,,,,,,,,,,,,,,,,,,,,,,,,,,,,,,,,,,,,,,,,,,,,,,,,,,,,,,,,,,,,,,,,,,,,,,,,,,,,,,,,,,,,,,,,,,,,,,,,,,,,,,,,,,,,,,,,,,,,,,,,,,,,,,,,,,,,,,,,,,,,,,,,,,,,,
57c35d5e-4a62-4de3-8941-2f8cac69c7ff,d60c26dd-2676-456f-ad73-bdd64c4b6c64,2026-09-21 19:47:48,,,In progress,Desktop,en-US,4642,,,,,,,,,,,,,,,,,,,,,,,,,,,,,,,,,,,,,,,,,,,,,,,,,,,,,,,,,,,,,,,,,,,,,,,,,,,,,,,,,,,,,,,,,,,,,,,,,,,,,,,,,,,,,,,,,,,,,,,,,,,,,,,,,,,,,,,,,,,,,,,,,,,,,,,,,,,,,,,,,,,,,,,,,,,,,,,,,,,,,,,,,,,,,,,,,,,,,,,,,,,,,,,,,,,,,,,,,,,,,,,,,,,,,,,,,,,,,,,,,,,,,,,,,,,,,,,,,,,,,,,,,,,,,,
d4e274ee-9591-4034-923e-f59c5de5dbfc,29e0ad6b-932c-4314-a34a-8201ece20260,2026-09-21 19:47:58,2026-09-21 20:11:34,1416,Completed,Desktop,en-US,2398,3198,2868,5193,,,,,,,,,,,,,,,,,,,,,,,,,,,,,,,,,,,,,,,,,,,,,,,,,,,,,,,,,,,,,,,,,,,,,,,,,,,,,,,,,,,,,,,,,,1921,2044,1849,4537,2289,1502,1789,1628,2651,2633,1522,14062,3152,3208,3757,16406,7522,1633,5599,8091,8528,2333,385,6807,2193,2357,1871,2893,24,3748,2309,3313,3778,4260,2190,1470,1694,1209,4177,1889,2206,1754,8718,2024,4447,3295,6436,1679,9132,2532,5564,5407,7944,2374,4558,2239,5137,2195,2092,9341,10453,4349,2460,2500,3197,1695,3623,4300,3449,9583,2033,2965,3065,3486,20612,6761,2546,2566,4339,9992,2587,3644,3658,3099,3024,3175,5488,7433,9996,,6589,8382,5860,7370,10391,6377,13639,4347,13402,4451,9882,8756,10999,9883,12300,13007,6197,3183,7367,10467,8769,14916,17954,9451,13189,7045,9759,7317,7524,8605,11603,9589,7610,13888,5958,5154,6369,4406,6895,5180,8456,6469,13376,5996,9039,6077,4227,11285,4748,10547,11927,9988,8945,7579,7634,6348,8063,5378,7830,6481,7858,12416,5437,4422,3983,5360,5871,8235,11073,5557,19552,5237,10192,4823,8039,6992,6587,6048,9906,5713,4618,3655,14058,5583,19172,7964,5345,4969
09a3643b-9a0b-47c3-989e-0716dee8bad9,1ccc820e-26df-4e0b-894d-c906cfb4f7e5,2026-09-21 19:48:05,,,In progress,Desktop,en-US,3364,,,,,,,,,,,,,,,,,,,,,,,,,,,,,,,,,,,,,,,,,,,,,,,,,,,,,,,,,,,,,,,,,,,,,,,,,,,,,,,,,,,,,,,,,,,,,,,,,,,,,,,,,,,,,,,,,,,,,,,,,,,,,,,,,,,,,,,,,,,,,,,,,,,,,,,,,,,,,,,,,,,,,,,,,,,,,,,,,,,,,,,,,,,,,,,,,,,,,,,,,,,,,,,,,,,,,,,,,,,,,,,,,,,,,,,,,,,,,,,,,,,,,,,,,,,,,,,,,,,,,,,,,,,,,,
01ce7b48-4907-4bfd-8340-f22c4d18587c,ef6fcff7-4299-43d6-99f6-56db6ebbab52,2026-09-21 19:48:15,,,In progress,Desktop,en-US,3254,,,,,,,,,,,,,,,,,,,,,,,,,,,,,,,,,,,,,,,,,,,,,,,,,,,,,,,,,,,,,,,,,,,,,,,,,,,,,,,,,,,,,,,,,,,,,,,,,,,,,,,,,,,,,,,,,,,,,,,,,,,,,,,,,,,,,,,,,,,,,,,,,,,,,,,,,,,,,,,,,,,,,,,,,,,,,,,,,,,,,,,,,,,,,,,,,,,,,,,,,,,,,,,,,,,,,,,,,,,,,,,,,,,,,,,,,,,,,,,,,,,,,,,,,,,,,,,,,,,,,,,,,,,,,,
903d2dd7-cfd6-4c2d-965c-da1e766cca64,549aa15b-8332-4f20-a413-6332c817c772,2026-09-21 19:48:16,,,In progress,Desktop,en-US,8518,4497,3878,6521,,,,,,,,,,,,,,,,,,,,,,,,,,,,,,,,,,,,,,,,,,,,,,,,,,,,,,,,,,,,,,,,,,,,,,,,,,,,,,,,,,,,,,,,,,,,,,,,,,,,,,,,,,,,,,,,,,,,,,,,,,,,,,,,,,,,,,,,,,,,,,,,,,,,,,,,,,,,,,,,,,,,,,,,,,,,,,,,,,,,,,,,,,,,,,,,,,,,,,,,,,,,,,,,,,,,,,,,,,,,,,,,,,,,,,,,,,,,,,,,,,,,,,,,,,,,,,,,,,,,,,,,,,,
2d051944-133a-49ff-9116-cde3530b7dd3,bafd0b90-fd06-45d3-9e1e-b8cbd3565c6c,2026-09-21 19:48:18,2026-09-21 20:16:26,1687,Completed,Desktop,en-US,4074,4846,4707,5953,,5305,2985,6642,7822,4423,4639,3930,4966,5608,6661,5345,4695,10195,11786,7678,5145,3844,5825,6188,6758,5673,5272,9712,5411,5597,10778,3510,3606,4873,7540,12336,7966,3683,13199,8024,5526,7018,5947,7624,5388,3592,5222,5020,9707,8543,5710,3922,5535,7498,5990,6047,7969,8427,5307,14660,8105,4739,3766,5612,4284,6033,7692,5516,3894,9484,3593,6918,8448,7006,3548,4597,5621,3100,9951,9771,5613,6546,12364,2417,7599,3951,6898,3326,4566,4432,5442,7678,6771,,,,,,,,,,,,,,,,,,,,,,,,,,,,,,,,,,,,,,,,,,,,,,,,,,,,,,,,,,,,,,,,,,,,,,,,,,,,,,,,,,,,,,,,,11625,,9291,6255,7485,6653,7384,8733,7062,9629,6358,7904,6228,8774,14929,6742,11193,8119,36999,8348,17424,16754,8031,7533,12958,7822,5996,6029,5842,6373,8402,6930,9831,7880,12343,15689,7711,7786,7439,6737,7936,7585,6140,6459,6623,7749,9303,5733,6196,6926,5892,6697,8052,8547,9060,11422,8343,9828,7963,5362,5595,6176,7440,7526,10215,6656,6679,6165,10285,8470,7666,17339,9263,13754,15773,14454,8839,8155,6416,10256,9385,9769,9877,6087,10284,8702,9068,8515,7041,7978
1f06222d-d4bf-43ae-a487-76a50bce4bf4,44d45b93-68aa-4aaf-aa4c-f48abbb83cbb,2026-09-21 19:48:28,2026-09-21 20:17:15,1727,Completed,Desktop,en-US,5650,6916,6211,5764,,3771,4200,2328,2968,3350,3628,2803,4540,4593,4922,5070,3773,3664,4776,5129,6852,4553,3932,5865,6676,5358,4772,4435,5645,5690,5817,3031,3690,4110,3542,5325,5781,5925,4243,3874,4132,1978,5914,2484,3752,4048,6073,7717,9875,12062,4463,2732,3482,3604,3609,7183,5549,8547,4884,5520,4703,8944,4543,4119,3700,4446,3170,2727,3606,5542,2788,4698,4108,4282,4638,6328,6851,3869,8184,6262,4468,5666,3452,2289,4620,4240,4600,6284,4351,4381,7868,4843,4151,,,,,,,,,,,,,,,,,,,,,,,,,,,,,,,,,,,,,,,,,,,,,,,,,,,,,,,,,,,,,,,,,,,,,,,,,,,,,,,,,,,,,,,,,22137,,11120,10110,8834,13349,9984,11668,12461,10066,10360,10650,8791,9523,13407,16913,11076,12004,11632,12479,9525,11567,14400,21567,15888,12610,11105,6584,8661,11672,12481,9411,8608,13627,13687,17151,13647,38113,9156,10200,6850,8281,7690,9893,16806,9770,14917,7768,8798,7737,7792,14392,12344,12577,11100,16739,12506,13901,11458,9617,12811,6959,11383,15101,8731,10884,11362,11013,14651,11805,12979,12748,15340,14339,12314,7196,14755,13404,10353,12853,11940,9091,10497,6084,15190,9775,17312,10278,14748,16240
2559718f-3f57-410a-bf93-4a14c925aade,b744a330-c5cc-4a97-9504-1c4bac3efb0e,2026-09-21 19:48:47,,,In progress,Desktop,en-US,11146,4564,8356,10315,,,,,,,,,,,,,,,,,,,,,,,,,,,,,,,,,,,,,,,,,,,,,,,,,,,,,,,,,,,,,,,,,,,,,,,,,,,,,,,,,,,,,,,,,,,,,,,,,,,,,,,,,,,,,,,,,,,,,,,,,,,,,,,,,,,,,,,,,,,,,,,,,,,,,,,,16373,,,,,,,,,,,,,,,,,,,,,,,,,,,,,,,,,,,,,,,,,,,,,,,,,,,,,,,,,,,,,,,,,,,,,,,,,,,,,,,,,,,,,,,,,,,,,,,,,,,,,,,,,,,,,,,,,,,
14cd0a7d-3cc6-4dec-9d6e-e365cfcb36f1,fac0b4f1-9fc8-463e-8a96-abdf9887dc51,2026-09-21 19:49:46,2026-09-21 20:17:12,1645,Completed,Desktop,en-US,5129,3009,4698,8873,,4928,9497,10532,8020,4065,14126,14998,5321,3654,3042,4568,6770,7067,8618,5933,6192,17922,6330,6326,10892,11641,4538,10839,15280,7563,2979,3510,4693,6757,5986,6916,6830,6107,7220,8665,8371,3662,1923,10034,8256,4824,5299,2794,7149,27610,4535,8625,12357,21646,6050,4786,18119,28987,5080,5993,6598,34746,10650,5700,8166,2776,10532,12153,4470,10303,5308,7409,5662,4717,10466,6266,3828,5819,11950,6981,3991,5742,10470,3095,6886,5372,4442,4316,11262,12793,10967,5507,7159,,,,,,,,,,,,,,,,,,,,,,,,,,,,,,,,,,,,,,,,,,,,,,,,,,,,,,,,,,,,,,,,,,,,,,,,,,,,,,,,,,,,,,,,,16457,,3592,6738,9851,10613,5836,6752,19655,6865,7950,5342,5201,12981,4139,10555,7744,9259,4267,5031,11152,5529,16629,5932,10741,19321,5331,8698,8500,5346,4511,4265,6100,8926,10037,26583,5420,5323,4631,11071,7009,5216,6516,3554,5388,6359,16967,10944,6809,5569,6437,11638,12624,9885,12355,7288,12004,6774,9055,6198,13106,7702,5108,8739,6296,9270,6497,7786,8545,8511,9928,6527,5453,8996,8027,22808,6717,6924,8175,7194,20391,7136,4483,4612,11761,5326,6779,8976,4230,5955
84483527-fa7f-438f-a3cd-eb309c4bdd19,5525a931-9df1-4053-beaf-14c55a439d48,2026-09-21 19:50:27,2026-09-21 20:20:23,1795,Completed,Desktop,en-US,4365,5330,6129,9380,,14236,3557,3055,6638,4562,3180,3625,3678,7273,2720,7635,4205,4350,11107,5627,9943,3325,3136,7067,7265,9327,4185,8264,10401,3574,3166,3479,4892,4109,4656,4633,4589,6037,6943,5987,5188,2166,1570,4257,4113,7096,5021,4726,3585,5709,3283,4693,4540,8023,7295,7909,5217,13016,4524,9647,4660,4069,2980,3943,4455,9388,5184,3555,2669,3433,3802,6113,4926,2990,15970,6793,3274,2304,5127,6288,3028,5352,3932,7249,6260,3352,3177,7324,3801,4963,5764,4582,8769,,,,,,,,,,,,,,,,,,,,,,,,,,,,,,,,,,,,,,,,,,,,,,,,,,,,,,,,,,,,,,,,,,,,,,,,,,,,,,,,,,,,,,,,,17581,,13196,11604,17204,12692,6513,6033,26128,5591,20535,5150,11694,6556,17720,20019,16032,15131,9161,5653,7097,6930,11143,6068,12510,9876,13391,5027,5372,6641,5996,6822,8839,7427,9472,26110,15643,8769,5115,6164,8943,6721,11094,7459,7722,17080,5553,29156,5172,5966,14194,9894,22707,7116,19470,26006,9950,8479,8453,6502,7949,7612,8319,7190,14385,8804,12262,6545,9675,13401,6066,9631,17773,6695,7664,5303,8692,5657,12352,7853,9440,8546,6394,5513,7256,49497,5235,6624,11324,9196
59c306a0-1308-4d09-a5ef-325778fe05c7,f9ad735e-bda6-4352-a0d9-ee7274725848,2026-09-21 19:51:03,,,In progress,Desktop,en-US,2854,,,,,,,,,,,,,,,,,,,,,,,,,,,,,,,,,,,,,,,,,,,,,,,,,,,,,,,,,,,,,,,,,,,,,,,,,,,,,,,,,,,,,,,,,,,,,,,,,,,,,,,,,,,,,,,,,,,,,,,,,,,,,,,,,,,,,,,,,,,,,,,,,,,,,,,,,,,,,,,,,,,,,,,,,,,,,,,,,,,,,,,,,,,,,,,,,,,,,,,,,,,,,,,,,,,,,,,,,,,,,,,,,,,,,,,,,,,,,,,,,,,,,,,,,,,,,,,,,,,,,,,,,,,,,,
f6ae5db4-4904-4700-a226-73a1ac7ae704,f3a0b94d-06e2-4ed0-b040-5b96a51abaec,2026-09-21 19:52:50,2026-09-21 20:37:13,2662,Completed,Desktop,en-US,12335,7183,6513,12210,,3812,5227,8921,11556,12884,5101,7089,5084,11913,3266,31265,18419,5136,10193,13254,14579,6659,4361,11731,17219,18566,13444,24067,11347,12199,11758,19646,12708,9365,13613,10766,8640,4769,27501,6271,4949,4382,3146,4175,3335,9400,8888,4531,3347,8711,5710,5669,8420,16286,15508,7990,15525,21893,8065,18601,29186,11721,12778,20960,6371,7895,9785,3142,27902,5817,4950,12191,9695,6368,7675,9955,5794,8083,10335,7578,5628,9230,13801,4213,9841,5348,10063,7966,9471,10003,16632,6326,11645,,,,,,,,,,,,,,,,,,,,,,,,,,,,,,,,,,,,,,,,,,,,,,,,,,,,,,,,,,,,,,,,,,,,,,,,,,,,,,,,,,,,,,,,,39187,,8154,6686,9366,16736,21487,7824,9608,6635,9597,6048,10798,7089,10148,34341,10482,22688,6575,5816,16195,16221,24726,17634,22757,59267,6489,15456,11538,15822,15286,17118,15766,22614,17571,63082,13079,9628,5983,10017,6184,16721,24446,5312,9299,28084,6653,12120,64582,6754,11918,22272,17275,9414,15619,6725,34504,11666,14317,7110,9017,19766,20122,14187,8951,22345,11666,10137,7497,29487,11105,20983,41584,8493,24689,7679,58763,14051,16401,12259,16282,9455,10155,10047,11427,11408,15573,9042,27582,9408
59d76216-566d-4a2e-a9f2-ecbc0c5f718c,5d1ab008-47be-494f-a206-f4dc49838b27,2026-09-21 19:54:55,,,In progress,Desktop,en-US,4828,,,,,,,,,,,,,,,,,,,,,,,,,,,,,,,,,,,,,,,,,,,,,,,,,,,,,,,,,,,,,,,,,,,,,,,,,,,,,,,,,,,,,,,,,,,,,,,,,,,,,,,,,,,,,,,,,,,,,,,,,,,,,,,,,,,,,,,,,,,,,,,,,,,,,,,,,,,,,,,,,,,,,,,,,,,,,,,,,,,,,,,,,,,,,,,,,,,,,,,,,,,,,,,,,,,,,,,,,,,,,,,,,,,,,,,,,,,,,,,,,,,,,,,,,,,,,,,,,,,,,,,,,,,,,,
7b05ed7b-fc0a-41bf-9e45-bc2c499d6d70,de5b5053-4408-4507-bec9-554ce5febebb,2026-09-21 19:58:00,2026-09-21 20:21:12,1392,Completed,Desktop,en-US,519420,4066,4162,4967,,9004,2990,1405,2716,3672,938,4072,1388,1280,892,1289,940,4450,1651,1939,1176,1037,1444,3981,1963,3014,930,2139,823,6259,1285,1132,1263,1882,2235,1452,1084,4555,939,1391,1517,1194,1048,1431,1622,2293,939,1468,2022,3410,2235,1568,1787,1723,1306,2314,5417,1154,2058,824,643,2486,625,1311,928,1087,1290,1665,1426,1432,667,4536,2699,2470,986,470,1410,1136,2575,6688,3580,5935,5433,2875,1875,1229,2593,2620,1691,1495,1543,2008,1448,,,,,,,,,,,,,,,,,,,,,,,,,,,,,,,,,,,,,,,,,,,,,,,,,,,,,,,,,,,,,,,,,,,,,,,,,,,,,,,,,,,,,,,,,13208,,3943,3321,3696,4653,3611,3514,4530,3763,10648,2890,3614,3549,4954,4750,5191,4715,3304,3707,5768,5468,5212,8598,5445,11038,3595,6333,4624,3263,3520,3817,6347,4921,4859,4630,5789,4605,2864,3366,3360,3630,6826,5671,4572,4576,4576,4837,3833,3953,7349,2966,4358,4152,10302,4230,9765,7288,5873,4095,2859,5346,7166,4769,7778,4424,4589,4259,14070,4323,5929,4688,3544,4495,10727,4450,4734,6150,5971,6249,4504,3276,3156,2950,4655,5173,4360,6831,7687,6543
ea77ac8d-cfb2-4d45-8f21-57b5070bbc6a,2d60aeff-1877-4c34-9ac1-2acb9a1e2a43,2026-09-21 19:59:33,,,In progress,Desktop,en-US,24923,,,,,,,,,,,,,,,,,,,,,,,,,,,,,,,,,,,,,,,,,,,,,,,,,,,,,,,,,,,,,,,,,,,,,,,,,,,,,,,,,,,,,,,,,,,,,,,,,,,,,,,,,,,,,,,,,,,,,,,,,,,,,,,,,,,,,,,,,,,,,,,,,,,,,,,,,,,,,,,,,,,,,,,,,,,,,,,,,,,,,,,,,,,,,,,,,,,,,,,,,,,,,,,,,,,,,,,,,,,,,,,,,,,,,,,,,,,,,,,,,,,,,,,,,,,,,,,,,,,,,,,,,,,,,,
bdb93148-f6d1-4862-9eb9-21987f566876,2e78bcd6-e5cf-4f24-ad31-23bffaf3a7d3,2026-09-21 20:01:03,,,In progress,Desktop,en-US,3708,,,,,,,,,,,,,,,,,,,,,,,,,,,,,,,,,,,,,,,,,,,,,,,,,,,,,,,,,,,,,,,,,,,,,,,,,,,,,,,,,,,,,,,,,,,,,,,,,,,,,,,,,,,,,,,,,,,,,,,,,,,,,,,,,,,,,,,,,,,,,,,,,,,,,,,,,,,,,,,,,,,,,,,,,,,,,,,,,,,,,,,,,,,,,,,,,,,,,,,,,,,,,,,,,,,,,,,,,,,,,,,,,,,,,,,,,,,,,,,,,,,,,,,,,,,,,,,,,,,,,,,,,,,,,,
099e3198-245f-436f-b777-b5dab8a53bf7,ae6eeda8-4647-4a12-b6a0-681a6575dee5,2026-09-21 20:01:56,,,In progress,Desktop,en-US,3693,,,,,,,,,,,,,,,,,,,,,,,,,,,,,,,,,,,,,,,,,,,,,,,,,,,,,,,,,,,,,,,,,,,,,,,,,,,,,,,,,,,,,,,,,,,,,,,,,,,,,,,,,,,,,,,,,,,,,,,,,,,,,,,,,,,,,,,,,,,,,,,,,,,,,,,,,,,,,,,,,,,,,,,,,,,,,,,,,,,,,,,,,,,,,,,,,,,,,,,,,,,,,,,,,,,,,,,,,,,,,,,,,,,,,,,,,,,,,,,,,,,,,,,,,,,,,,,,,,,,,,,,,,,,,,
ecd16134-28a2-434f-aabe-fe938782b397,edc74211-f010-4367-b014-0e0ea8ea16f2,2026-09-21 20:03:00,,,In progress,Desktop,en-US,4463,,,,,,,,,,,,,,,,,,,,,,,,,,,,,,,,,,,,,,,,,,,,,,,,,,,,,,,,,,,,,,,,,,,,,,,,,,,,,,,,,,,,,,,,,,,,,,,,,,,,,,,,,,,,,,,,,,,,,,,,,,,,,,,,,,,,,,,,,,,,,,,,,,,,,,,,,,,,,,,,,,,,,,,,,,,,,,,,,,,,,,,,,,,,,,,,,,,,,,,,,,,,,,,,,,,,,,,,,,,,,,,,,,,,,,,,,,,,,,,,,,,,,,,,,,,,,,,,,,,,,,,,,,,,,,
c4928d94-e15d-4b1b-a490-cf0c3633e467,2d60178e-d6c5-4743-85bd-4682860c8876,2026-09-21 20:03:40,,,In progress,Desktop,en-US,3833,,,,,,,,,,,,,,,,,,,,,,,,,,,,,,,,,,,,,,,,,,,,,,,,,,,,,,,,,,,,,,,,,,,,,,,,,,,,,,,,,,,,,,,,,,,,,,,,,,,,,,,,,,,,,,,,,,,,,,,,,,,,,,,,,,,,,,,,,,,,,,,,,,,,,,,,,,,,,,,,,,,,,,,,,,,,,,,,,,,,,,,,,,,,,,,,,,,,,,,,,,,,,,,,,,,,,,,,,,,,,,,,,,,,,,,,,,,,,,,,,,,,,,,,,,,,,,,,,,,,,,,,,,,,,,
34f8a7cb-2204-457d-a604-dec79a84aede,42e722ca-5150-45a0-a7fc-1677ee680b69,2026-09-21 20:04:42,,,In progress,Desktop,en-US,9810,3857,4428,10514,,,,,,,,,,,,,,,,,,,,,,,,,,,,,,,,,,,,,,,,,,,,,,,,,,,,,,,,,,,,,,,,,,,,,,,,,,,,,,,,,,,,,,,,,,95,5330,1970,5813,5324,1283,6068,7584,1237,1223,4356,2406,6816,4256,25292,10733,3318,4853,1066,14756,9528,1530,4894,9736,6425,7961,7335,7600,288,4330,6485,10321,8397,95,7817,2281,7091,2286,2113,7277,3414,1583,7483,2494,7449,548,17753,6806,9461,2438,11505,5230,11110,30603,823,1241,3065,5874,1514,360,8690,1234,3145,14985,3801,7315,11331,11509,19703,7083,5726,7151,1326,11787,5191,1288,557,6279,3591,7609,4586,6477,17686,7409,28543,6835,1816,6791,22271,,11253,,8923,27982,10686,,11661,,,,,,15102,,,12536,,,19082,,17819,,10561,9410,9432,,11345,,,9852,,,,9208,,,,,7887,10418,13127,,,8231,,10299,,,,,,13972,,11221,17533,14157,20132,,,,,21530,,,,14651,,21371,,,,,,12651,,,12436,,,12955,,15329,13068,,12173,,,
0a8c1ccd-ba33-46dc-8502-d1881598d60c,4c35aa8c-1432-47fa-a490-b7f6e946030f,2026-09-21 20:05:18,2026-09-21 20:25:30,1212,Completed,Desktop,en-US,4946,5271,4887,6855,,,,,,,,,,,,,,,,,,,,,,,,,,,,,,,,,,,,,,,,,,,,,,,,,,,,,,,,,,,,,,,,,,,,,,,,,,,,,,,,,,,,,,,,,,4786,2297,1845,3923,6300,3777,3166,1793,3838,1944,1694,1673,5212,2205,5097,3965,1990,1688,1747,2141,3279,2321,4799,2903,1591,2035,1721,2366,3376,1925,5041,3782,3607,5048,3469,4364,1378,9013,2596,1631,4215,1752,3476,1852,1547,1554,3822,2202,3823,3882,4322,3496,2477,3415,4468,2334,5371,2674,4803,2428,2486,4594,1906,2483,2190,1360,2898,5848,2111,4335,2031,2578,2731,7574,2139,4765,2678,3298,3538,2506,1858,2590,3903,3767,3029,2372,7822,1736,6336,,4429,5313,5006,6007,5083,4133,4350,4341,5069,4117,5465,4748,6484,4894,6284,4828,4338,10783,4227,9810,6343,6143,10692,6412,4226,4594,4982,4378,5128,4673,17818,4504,5275,8407,4076,4549,5176,4358,4507,3866,6917,4104,6388,9219,5476,5096,5366,5006,6610,5835,5965,5402,10190,5007,11042,8670,4328,4229,5354,4957,6949,5661,5539,4325,5709,4877,5606,8477,4154,4730,5175,5255,4654,5396,5582,9278,4592,4182,3982,4900,5360,4866,8093,5724,6576,6588,4048,6019
aace7463-f2cb-45d3-81b2-04e22069f9de,012457b5-81cb-45c6-8c5b-481bf48cbbf7,2026-09-21 20:05:39,2026-09-21 20:30:00,1460,Completed,Desktop,en-US,2987,3394,4177,5923,,,,,,,,,,,,,,,,,,,,,,,,,,,,,,,,,,,,,,,,,,,,,,,,,,,,,,,,,,,,,,,,,,,,,,,,,,,,,,,,,,,,,,,,,,3352,3266,2573,7611,5064,2004,2385,2438,6166,3685,3160,3330,3868,4220,4465,6248,4488,2421,5610,5215,7743,3528,8329,7139,2146,3077,2544,3475,3408,3251,9178,5686,5850,6126,3422,2839,1786,1268,5291,2529,5186,3298,7260,2291,5014,3170,4548,2709,7632,8499,5317,4850,3848,4413,5612,9111,6184,2883,6521,5308,9527,7633,11909,4967,5381,4347,5458,7515,4824,4587,4337,4162,4654,3325,5806,5228,4659,2924,8181,6636,4272,3617,2752,4203,5412,4512,3204,7240,8569,,10155,5217,5655,6347,5636,7535,6020,6415,5395,3351,7197,4643,12984,8067,7986,6834,5582,5956,7023,8102,10474,5117,7351,9318,5751,5015,5508,4291,6650,12233,7502,3933,9313,5241,8250,10654,5109,4162,3838,3468,7676,3959,7053,3489,6571,16084,6711,8688,9089,8820,5319,6617,12135,4857,5702,7150,15991,6186,8615,7352,16256,5062,11792,6308,4991,7663,10556,12014,5569,6204,6022,4613,6267,8558,11842,6840,8055,7772,6917,6471,3913,7480,7100,4679,6946,5808,9430,8150
4ad48286-4b0b-4d22-a794-37b3c854f3f0,9f1a4ba3-5d8b-41e4-a90c-fd7af7a731e9,2026-09-21 20:06:47,,,In progress,Desktop,en-US,6858,,,,,,,,,,,,,,,,,,,,,,,,,,,,,,,,,,,,,,,,,,,,,,,,,,,,,,,,,,,,,,,,,,,,,,,,,,,,,,,,,,,,,,,,,,,,,,,,,,,,,,,,,,,,,,,,,,,,,,,,,,,,,,,,,,,,,,,,,,,,,,,,,,,,,,,,,,,,,,,,,,,,,,,,,,,,,,,,,,,,,,,,,,,,,,,,,,,,,,,,,,,,,,,,,,,,,,,,,,,,,,,,,,,,,,,,,,,,,,,,,,,,,,,,,,,,,,,,,,,,,,,,,,,,,,
519ab3a0-f702-441d-8c41-23c0a6ec22d1,a891df90-e938-409d-b629-db73d2ce9c92,2026-09-21 20:08:15,,,In progress,Desktop,en-US,4031,,,,,,,,,,,,,,,,,,,,,,,,,,,,,,,,,,,,,,,,,,,,,,,,,,,,,,,,,,,,,,,,,,,,,,,,,,,,,,,,,,,,,,,,,,,,,,,,,,,,,,,,,,,,,,,,,,,,,,,,,,,,,,,,,,,,,,,,,,,,,,,,,,,,,,,,,,,,,,,,,,,,,,,,,,,,,,,,,,,,,,,,,,,,,,,,,,,,,,,,,,,,,,,,,,,,,,,,,,,,,,,,,,,,,,,,,,,,,,,,,,,,,,,,,,,,,,,,,,,,,,,,,,,,,,
b0117fd9-76b1-4b3a-99f5-055190305505,a3376827-161e-4314-a823-001047a9c33c,2026-09-21 20:09:56,2026-09-21 20:29:55,1198,Completed,Desktop,en-US,8401,5705,3119,3726,,1469,4312,2512,2798,3601,2324,6161,1749,4177,1539,1980,2516,2296,1486,13315,1926,2321,1355,2616,3722,4180,4423,2389,3030,2286,3586,4800,4088,4294,4382,3453,4710,2104,2992,3508,4149,2473,3478,4272,3182,1783,2748,1296,2521,9825,3693,3069,4145,4872,3404,3871,5027,2634,11687,5183,1623,12973,1827,4167,2154,3197,2982,1827,3738,3699,2114,2159,4025,2310,13708,1663,2085,6616,4014,3268,2008,3150,3907,3351,3083,1287,4863,5415,7978,3407,3679,2901,3539,,,,,,,,,,,,,,,,,,,,,,,,,,,,,,,,,,,,,,,,,,,,,,,,,,,,,,,,,,,,,,,,,,,,,,,,,,,,,,,,,,,,,,,,,14256,,5889,4540,4800,5747,7232,5206,8062,4884,6329,6986,8822,5439,9105,12822,13114,11126,4386,5923,26888,5477,6290,4401,4668,11541,6873,5135,4398,4388,6120,5527,5859,4640,5042,11822,22735,7284,7457,8163,5918,5401,5616,4112,5601,5647,11595,4464,4674,7450,4648,5268,7241,6926,6932,8260,7603,4219,5052,3974,5490,5093,4928,5477,22410,5712,7464,7869,8874,12666,7004,6095,5490,5245,8344,4693,4844,5869,5208,4020,16942,8036,6257,60464,6304,10054,6485,6098,4623,6083
993b8095-9541-48ec-9bd8-daea75bd7885,68d7c455-87ad-4e53-bc19-c8a5eb1dfd7f,2026-09-21 20:11:33,,,In progress,Desktop,en-US,10238,3917,5178,10061,,1852,1268,,,1292,,,,2008,1498,1124,,7941,1699,1126,1676,,,,,2227,,1691,1777,2181,,1423,3384,,1898,,1306,1060,,,,,,1787,,,,,,3931,,,,,,,,1856,4427,1449,,1689,2513,,,,,2019,,2576,,,5608,,,,,,1477,1846,,1153,,,,,,1614,,1130,,1441,2993,,,,,,,,,,,,,,,,,,,,,,,,,,,,,,,,,,,,,,,,,,,,,,,,,,,,,,,,,,,,,,,,,,,,,,,,,,,,,,,,,,,,,,,,,,,,,,,,,,,,,,,,,,,,,,,,,,,,,,,,,,,,,,,,,,,,,,,,,,,,,,,,,,,,,,,,,,,,,,,,,,,,,,,,,,,,,,,,,,
d2d2f5b2-97fc-48e2-9f7a-5a8213320714,c5d7e312-a8d8-468a-a49c-d4e197c15639,2026-09-21 20:12:12,2026-09-21 20:35:55,1423,Completed,Desktop,en-US,4668,4793,7682,6311,,3670,5018,3165,4600,1939,1624,2817,3590,3002,8604,4100,1946,5724,6454,2653,3918,5214,3049,1236,2581,8775,3401,4824,2806,2185,6071,3476,3658,3571,6471,10817,3063,4197,4830,2786,2917,4815,3360,8004,4954,2527,17580,2357,15712,7058,3262,2731,4628,3503,4819,6659,4988,3686,6792,6109,5570,6255,3069,2117,3644,4768,6798,5616,4218,2235,3678,1454,5078,2432,4882,4741,5959,5435,4869,17568,5122,5660,7815,2004,3241,5905,2049,3953,3186,6233,7219,2297,5269,,,,,,,,,,,,,,,,,,,,,,,,,,,,,,,,,,,,,,,,,,,,,,,,,,,,,,,,,,,,,,,,,,,,,,,,,,,,,,,,,,,,,,,,,10030,,9144,7882,7931,7958,4874,9434,5889,7039,6297,10314,6541,6891,8993,12225,14900,8813,5986,4521,11511,12022,12429,10543,15539,9519,8502,9796,6627,13922,7835,5925,6474,10530,7816,9836,8344,7214,8934,7404,7096,6992,8691,12867,7609,14413,22547,8969,7966,8927,7527,8428,10755,12075,12192,11859,8625,7312,7045,7589,9910,10839,9241,5580,6002,5851,28717,10969,8025,9215,7058,8959,7215,7164,9268,8201,6764,9019,9444,10150,9196,6320,6482,7147,6505,7584,14354,9100,17477,7561
e857b850-13c9-4efd-ae61-ae594d586493,8bd6e5e6-d898-415f-9d42-77eb92b5ffa5,2026-09-21 20:12:39,2026-09-21 20:42:07,1768,Completed,Desktop,en-US,3036,6905,5235,6636,,,,,,,,,,,,,,,,,,,,,,,,,,,,,,,,,,,,,,,,,,,,,,,,,,,,,,,,,,,,,,,,,,,,,,,,,,,,,,,,,,,,,,,,,,4020,3694,5124,4917,7987,6665,5408,5234,4321,3930,3109,3236,7246,15289,7022,6116,6221,4169,9644,8028,4619,4893,4392,4456,4281,6696,3833,3858,6589,5246,4413,6263,7557,5308,3448,3396,2403,1414,3304,6811,3957,3278,4081,3976,6544,3225,4558,4127,4961,5949,5798,9504,23107,4750,6049,5888,4051,5935,4735,4130,5444,12209,5817,5718,4274,7583,7128,18395,8797,4296,6463,2410,5343,5000,7552,5960,4993,4709,5637,7707,4315,2346,3607,12495,5575,7882,2764,3896,14308,,8336,6028,5895,12071,6439,4939,6435,7391,7188,6089,18059,6706,7909,15825,13801,8844,7079,5196,20443,12820,8068,12009,11823,20652,7805,5978,8118,7220,9243,13487,9772,9718,19159,6567,6785,6762,6734,11043,5772,11483,8265,5104,7600,7352,12035,8223,7880,10795,7713,12350,7753,11943,7978,13324,16284,6174,7565,10157,6667,8813,7405,8496,7768,6152,9257,6212,29814,9179,12927,6530,6812,9941,13904,9610,15805,11407,30215,7209,13845,13255,9023,6848,6383,7360,7317,12159,6642,8364
8170681e-45d8-4ad2-bf45-1d87d9f82bbf,f2d8ab22-6fae-42e0-a2fa-1f70f05ec651,2026-09-21 20:17:12,,,In progress,Desktop,en-US,3680,,,,,,,,,,,,,,,,,,,,,,,,,,,,,,,,,,,,,,,,,,,,,,,,,,,,,,,,,,,,,,,,,,,,,,,,,,,,,,,,,,,,,,,,,,,,,,,,,,,,,,,,,,,,,,,,,,,,,,,,,,,,,,,,,,,,,,,,,,,,,,,,,,,,,,,,,,,,,,,,,,,,,,,,,,,,,,,,,,,,,,,,,,,,,,,,,,,,,,,,,,,,,,,,,,,,,,,,,,,,,,,,,,,,,,,,,,,,,,,,,,,,,,,,,,,,,,,,,,,,,,,,,,,,,,
3d0bfc4c-4a27-4db1-8210-d1ae0010671c,299b4af6-a31b-4313-856a-36cb547f3e46,2026-09-21 20:17:55,,,In progress,Desktop,en-US,3305,,,,,,,,,,,,,,,,,,,,,,,,,,,,,,,,,,,,,,,,,,,,,,,,,,,,,,,,,,,,,,,,,,,,,,,,,,,,,,,,,,,,,,,,,,,,,,,,,,,,,,,,,,,,,,,,,,,,,,,,,,,,,,,,,,,,,,,,,,,,,,,,,,,,,,,,,,,,,,,,,,,,,,,,,,,,,,,,,,,,,,,,,,,,,,,,,,,,,,,,,,,,,,,,,,,,,,,,,,,,,,,,,,,,,,,,,,,,,,,,,,,,,,,,,,,,,,,,,,,,,,,,,,,,,,
604f8179-41f2-45e7-917d-79e92049f9d3,73ac2673-8725-43a6-9cd5-92271586598f,2026-09-21 20:19:38,,,In progress,Desktop,en-US,9070,,,,,,,,,,,,,,,,,,,,,,,,,,,,,,,,,,,,,,,,,,,,,,,,,,,,,,,,,,,,,,,,,,,,,,,,,,,,,,,,,,,,,,,,,,,,,,,,,,,,,,,,,,,,,,,,,,,,,,,,,,,,,,,,,,,,,,,,,,,,,,,,,,,,,,,,,,,,,,,,,,,,,,,,,,,,,,,,,,,,,,,,,,,,,,,,,,,,,,,,,,,,,,,,,,,,,,,,,,,,,,,,,,,,,,,,,,,,,,,,,,,,,,,,,,,,,,,,,,,,,,,,,,,,,,
34ef450d-ebd2-4441-acda-62ca4a81070c,a34858d2-e017-4998-bdc8-803b89a70eaf,2026-09-21 20:19:43,,,In progress,Desktop,en-US,7528,,,,,,,,,,,,,,,,,,,,,,,,,,,,,,,,,,,,,,,,,,,,,,,,,,,,,,,,,,,,,,,,,,,,,,,,,,,,,,,,,,,,,,,,,,,,,,,,,,,,,,,,,,,,,,,,,,,,,,,,,,,,,,,,,,,,,,,,,,,,,,,,,,,,,,,,,,,,,,,,,,,,,,,,,,,,,,,,,,,,,,,,,,,,,,,,,,,,,,,,,,,,,,,,,,,,,,,,,,,,,,,,,,,,,,,,,,,,,,,,,,,,,,,,,,,,,,,,,,,,,,,,,,,,,,
a9f42a90-7d41-421b-ba5b-49f034dce1cf,7b29b5ef-49de-478a-9225-a8d5cc8b276b,2026-09-21 20:19:49,,,In progress,Desktop,en-GB,4377,,,,,,,,,,,,,,,,,,,,,,,,,,,,,,,,,,,,,,,,,,,,,,,,,,,,,,,,,,,,,,,,,,,,,,,,,,,,,,,,,,,,,,,,,,,,,,,,,,,,,,,,,,,,,,,,,,,,,,,,,,,,,,,,,,,,,,,,,,,,,,,,,,,,,,,,,,,,,,,,,,,,,,,,,,,,,,,,,,,,,,,,,,,,,,,,,,,,,,,,,,,,,,,,,,,,,,,,,,,,,,,,,,,,,,,,,,,,,,,,,,,,,,,,,,,,,,,,,,,,,,,,,,,,,,
0c0f396a-1ebf-4ac8-9eb7-a296c2be7182,04e487d1-6fbe-4a5e-b8d3-48e0dfbb35e8,2026-09-21 20:23:45,,,In progress,Mobile,en-US,8021,,,,,,,,,,,,,,,,,,,,,,,,,,,,,,,,,,,,,,,,,,,,,,,,,,,,,,,,,,,,,,,,,,,,,,,,,,,,,,,,,,,,,,,,,,,,,,,,,,,,,,,,,,,,,,,,,,,,,,,,,,,,,,,,,,,,,,,,,,,,,,,,,,,,,,,,,,,,,,,,,,,,,,,,,,,,,,,,,,,,,,,,,,,,,,,,,,,,,,,,,,,,,,,,,,,,,,,,,,,,,,,,,,,,,,,,,,,,,,,,,,,,,,,,,,,,,,,,,,,,,,,,,,,,,,
b47be61b-cd52-4bd5-b763-0c903fda29ca,64989dff-acb3-4ac9-863c-7829ac50ddf4,2026-09-21 20:24:06,2026-09-21 21:13:07,2940,Completed,Desktop,en-US,9646,6252,6339,6938,,8317,5526,350,5114,7168,5855,7606,3225,8390,7536,5901,10146,22229,13797,5739,13871,3282,4455,4834,19832,6138,10516,4118,7253,9637,6079,12108,6432,6007,4130,3548,8820,4632,6509,31008,12847,4691,3362,2234,3210,22760,4039,1598,3375,5203,7688,4396,5304,12008,13367,8584,6740,958,9160,6822,7082,6152,5160,14407,6929,15145,7628,17452,6127,12057,4927,7911,12037,4760,6554,7808,6565,9828,5390,4458,6926,6190,2557,6670,4510,2066,7351,8160,7270,12421,12421,7952,8241,,,,,,,,,,,,,,,,,,,,,,,,,,,,,,,,,,,,,,,,,,,,,,,,,,,,,,,,,,,,,,,,,,,,,,,,,,,,,,,,,,,,,,,,,45777,,9131,6344,8586,12943,8829,10983,6082,8788,39339,9178,15597,83237,11801,13373,14962,16081,7999,7391,9395,9544,11442,10705,7118,16167,11350,7535,38706,8953,14524,40386,10718,9683,10153,23491,26506,8539,9966,12716,18734,17340,7716,5004,9135,12210,17435,57126,26123,7287,26477,12545,11807,10313,19339,14102,98073,9706,8522,6335,8553,12702,10904,13035,11987,15792,11643,11941,14539,96168,10578,9261,20812,9356,9232,12404,10785,20941,21619,8459,16234,10434,8631,13865,7921,10453,8865,11363,7493,20499
fd5b9a31-0a89-43c5-86a0-c41e667d17d2,f06a87e4-e9e0-4278-bd4f-0702f201fc55,2026-09-21 20:27:31,2026-09-21 21:14:44,2833,Completed,Desktop,en-US,4728,6795,9771,74910,,,,,,,,,,,,,,,,,,,,,,,,,,,,,,,,,,,,,,,,,,,,,,,,,,,,,,,,,,,,,,,,,,,,,,,,,,,,,,,,,,,,,,,,,,6026,5670,4436,6313,5695,6328,8974,4409,8627,3997,6955,3010,3004,5594,6541,13008,4708,4921,6875,5335,5778,6090,6119,5876,6527,3906,6992,4978,8487,6247,8427,6420,7371,4505,9228,4865,4123,3907,2907,4237,5830,2594,5406,3352,4719,5616,6238,4888,10801,11912,7838,9169,11179,10444,7976,5867,7544,3840,12726,4676,6952,7751,4497,6862,14619,8086,9671,11329,8034,6850,4433,3087,7957,4025,9571,10397,5392,5208,5654,4234,3773,4113,4266,5075,5953,6868,10225,4265,28900,,12130,17711,9154,16573,14438,9908,9489,7006,13861,10639,12207,12006,11895,19238,12020,19166,13840,10326,18475,12573,23057,13988,24316,14066,12213,10747,8363,9645,10587,9711,15128,10200,11476,20540,24850,14384,11210,32796,15834,16050,7932,7174,13220,7142,14224,9637,11666,9000,12981,12687,12266,13726,17107,10120,15157,13366,13361,9856,19524,7138,21954,34220,13432,29448,10091,8241,29144,14341,21573,10885,16001,15677,16162,13116,12940,18826,32290,41955,26567,17257,7297,10722,23870,14141,9061,11853,12314,10521
1c2e06a4-4eea-47a6-8734-c75c255e2b6b,90f04e94-dbe5-4bc4-8570-852fb4f66099,2026-09-21 20:28:37,2026-09-21 20:46:58,1101,Completed,Desktop,en-US,13718,3207,3589,9852,3459,,,,,,,,,,,,,,,,,,,,,,,,,,,,,,,,,,,,,,,,,,,,,,,,,,,,,,,,,,,,,,,,,,,,,,,,,,,,,,,,,,,,,,,,,2078,2725,2919,1990,2832,2548,2975,2165,1635,2219,2392,1694,1996,2358,4870,2125,1912,1833,2987,2061,2855,2339,1754,3119,1502,2111,2502,3216,2722,3989,3083,5123,13507,5296,2400,4053,1565,1406,2279,2438,4598,2092,4657,2660,2971,4630,4417,2943,3542,3785,2807,1951,2097,2360,4212,2542,2271,1400,5879,1451,4612,4002,1870,2881,6168,2030,2469,3550,2280,3682,1723,3085,2836,2674,2655,2664,3248,6001,3651,6380,2377,3160,3662,7082,1448,3477,2958,4169,10653,,5825,6286,7804,10520,6885,5319,7680,6220,4480,7293,3279,9518,4297,6805,7940,14952,4992,4290,6155,18482,6827,4285,7085,11912,6615,4349,5151,5569,9123,4689,5451,5335,5797,7434,5011,6526,3724,2734,5121,3946,4009,4342,4007,4661,9238,5274,5944,3953,7125,6570,6183,6916,13543,6878,11945,6347,3704,7354,14502,4025,6102,8022,10021,6380,5505,4532,4147,6267,8347,6712,4904,3981,12231,6608,4597,9369,6587,5224,16534,5382,5290,4319,8994,6909,7018,6237,4315,9581
6cd22e73-ae41-40ce-bc8a-2f8b4c26f24b,d894eb5d-fb1e-40b4-9ef3-b92c65becf76,2026-09-21 20:28:40,,,In progress,Desktop,en-US,15506,,,,,,,,,,,,,,,,,,,,,,,,,,,,,,,,,,,,,,,,,,,,,,,,,,,,,,,,,,,,,,,,,,,,,,,,,,,,,,,,,,,,,,,,,,,,,,,,,,,,,,,,,,,,,,,,,,,,,,,,,,,,,,,,,,,,,,,,,,,,,,,,,,,,,,,,,,,,,,,,,,,,,,,,,,,,,,,,,,,,,,,,,,,,,,,,,,,,,,,,,,,,,,,,,,,,,,,,,,,,,,,,,,,,,,,,,,,,,,,,,,,,,,,,,,,,,,,,,,,,,,,,,,,,,,
5bbbbea3-4ff9-4733-89ef-ddaf89553687,8c2cc4c0-29b9-416f-be3b-3d2f6f335a34,2026-09-21 20:30:01,,,In progress,Desktop,en-GB,83846,,,,,,,,,,,,,,,,,,,,,,,,,,,,,,,,,,,,,,,,,,,,,,,,,,,,,,,,,,,,,,,,,,,,,,,,,,,,,,,,,,,,,,,,,,,,,,,,,,,,,,,,,,,,,,,,,,,,,,,,,,,,,,,,,,,,,,,,,,,,,,,,,,,,,,,,,,,,,,,,,,,,,,,,,,,,,,,,,,,,,,,,,,,,,,,,,,,,,,,,,,,,,,,,,,,,,,,,,,,,,,,,,,,,,,,,,,,,,,,,,,,,,,,,,,,,,,,,,,,,,,,,,,,,,,
fa468e03-1391-459e-a011-bfaff87fb0bf,1142b780-a9f8-4f80-80eb-426a357afb5f,2026-09-21 20:32:05,,,In progress,Desktop,en-US,6326,,,,,,,,,,,,,,,,,,,,,,,,,,,,,,,,,,,,,,,,,,,,,,,,,,,,,,,,,,,,,,,,,,,,,,,,,,,,,,,,,,,,,,,,,,,,,,,,,,,,,,,,,,,,,,,,,,,,,,,,,,,,,,,,,,,,,,,,,,,,,,,,,,,,,,,,,,,,,,,,,,,,,,,,,,,,,,,,,,,,,,,,,,,,,,,,,,,,,,,,,,,,,,,,,,,,,,,,,,,,,,,,,,,,,,,,,,,,,,,,,,,,,,,,,,,,,,,,,,,,,,,,,,,,,,
f9ca4541-fcc8-4b57-a623-af9639430348,b0949a31-a753-4730-84f7-81d53355a058,2026-09-21 20:33:16,,,In progress,Desktop,en-US,5462,,,,,,,,,,,,,,,,,,,,,,,,,,,,,,,,,,,,,,,,,,,,,,,,,,,,,,,,,,,,,,,,,,,,,,,,,,,,,,,,,,,,,,,,,,,,,,,,,,,,,,,,,,,,,,,,,,,,,,,,,,,,,,,,,,,,,,,,,,,,,,,,,,,,,,,,,,,,,,,,,,,,,,,,,,,,,,,,,,,,,,,,,,,,,,,,,,,,,,,,,,,,,,,,,,,,,,,,,,,,,,,,,,,,,,,,,,,,,,,,,,,,,,,,,,,,,,,,,,,,,,,,,,,,,,
557b785f-2d34-4e52-844a-3419d8993a2e,e8478c95-637e-4244-a36c-17de279beb23,2026-09-21 20:33:55,,,In progress,Desktop,en-US,3664,,,,,,,,,,,,,,,,,,,,,,,,,,,,,,,,,,,,,,,,,,,,,,,,,,,,,,,,,,,,,,,,,,,,,,,,,,,,,,,,,,,,,,,,,,,,,,,,,,,,,,,,,,,,,,,,,,,,,,,,,,,,,,,,,,,,,,,,,,,,,,,,,,,,,,,,,,,,,,,,,,,,,,,,,,,,,,,,,,,,,,,,,,,,,,,,,,,,,,,,,,,,,,,,,,,,,,,,,,,,,,,,,,,,,,,,,,,,,,,,,,,,,,,,,,,,,,,,,,,,,,,,,,,,,,
610db83f-36df-4f4a-ae9b-05ef80f94f08,b5233c94-1078-4f22-9a20-136197ca82ad,2026-09-21 20:34:00,,,In progress,Desktop,en-US,9009,6905,4053,6892,,3364,6937,2864,4842,3335,2156,2079,3684,2811,3223,3619,2348,6515,9966,14306,8598,4240,2169,6212,5463,8741,3947,3312,3739,10247,9101,3382,3725,2675,6244,3068,7644,7131,3250,3729,5810,6540,4626,6081,3969,2518,4737,2047,6334,7398,16385,4421,6881,3906,4862,3982,4391,10080,4337,8481,2735,3251,3675,4094,2980,5695,3954,2218,4723,3470,3268,14364,4987,8880,3360,7783,5242,2883,9897,7520,3259,6495,3690,8498,4115,2147,4446,6850,4878,5940,4797,3146,4805,,,,,,,,,,,,,,,,,,,,,,,,,,,,,,,,,,,,,,,,,,,,,,,,,,,,,,,,,,,,,,,,,,,,,,,,,,,,,,,,,,,,,,,,,18171,,,,,,,,,,,,,,,,,,,,,,,,,,,,,,,,,,,,,,,,,,,,,,,,,,,,,,,,,,,,,,,,,,12116,,,,,,,,,,,,,,,,,,,,,,,
be9a9700-8dd5-4561-9cdd-b01e92da1ea8,bdeeb38f-1653-4b24-8420-632fb6864d82,2026-09-21 20:34:14,,,In progress,Desktop,en-US,5457,,,,,,,,,,,,,,,,,,,,,,,,,,,,,,,,,,,,,,,,,,,,,,,,,,,,,,,,,,,,,,,,,,,,,,,,,,,,,,,,,,,,,,,,,,,,,,,,,,,,,,,,,,,,,,,,,,,,,,,,,,,,,,,,,,,,,,,,,,,,,,,,,,,,,,,,,,,,,,,,,,,,,,,,,,,,,,,,,,,,,,,,,,,,,,,,,,,,,,,,,,,,,,,,,,,,,,,,,,,,,,,,,,,,,,,,,,,,,,,,,,,,,,,,,,,,,,,,,,,,,,,,,,,,,,
f9225575-db67-4f1e-8cad-00e7a2c787f1,afb8e1ff-4554-4db9-982b-d00d4475f431,2026-09-21 20:35:15,,,In progress,Desktop,en-US,5868,,,,,,,,,,,,,,,,,,,,,,,,,,,,,,,,,,,,,,,,,,,,,,,,,,,,,,,,,,,,,,,,,,,,,,,,,,,,,,,,,,,,,,,,,,,,,,,,,,,,,,,,,,,,,,,,,,,,,,,,,,,,,,,,,,,,,,,,,,,,,,,,,,,,,,,,,,,,,,,,,,,,,,,,,,,,,,,,,,,,,,,,,,,,,,,,,,,,,,,,,,,,,,,,,,,,,,,,,,,,,,,,,,,,,,,,,,,,,,,,,,,,,,,,,,,,,,,,,,,,,,,,,,,,,,
64d5e10a-9715-480f-8c23-695dc511c3d1,9013986b-3d74-4bea-bfb5-5cb754d1d0bb,2026-09-21 20:35:16,,,In progress,Desktop,en-US,3291,,,,,,,,,,,,,,,,,,,,,,,,,,,,,,,,,,,,,,,,,,,,,,,,,,,,,,,,,,,,,,,,,,,,,,,,,,,,,,,,,,,,,,,,,,,,,,,,,,,,,,,,,,,,,,,,,,,,,,,,,,,,,,,,,,,,,,,,,,,,,,,,,,,,,,,,,,,,,,,,,,,,,,,,,,,,,,,,,,,,,,,,,,,,,,,,,,,,,,,,,,,,,,,,,,,,,,,,,,,,,,,,,,,,,,,,,,,,,,,,,,,,,,,,,,,,,,,,,,,,,,,,,,,,,,
264aa88b-2be6-486b-873a-daeb90b72ede,612396b2-2d15-4aab-bbfd-adba00f5a009,2026-09-21 20:35:27,2026-09-21 21:04:08,1721,Completed,Desktop,en-US,2796,4318,3846,6042,,2710,3025,1823,9526,5170,2067,3804,2305,4624,3778,9237,5657,4494,8605,4802,11568,2596,2610,11887,18965,5453,3841,17906,5416,3002,6534,2648,3294,4931,3691,16811,5597,7665,4313,3013,3847,4343,1748,3841,5747,4067,4447,2984,5244,5908,7263,4331,3585,9413,22284,3924,7410,15937,4400,12516,18780,6852,2469,8680,3231,5136,6739,2261,5586,9562,3761,7367,5186,4197,16339,8935,3297,2948,4620,4458,8621,5217,5307,10323,4436,2778,4126,4380,4057,5403,6405,11461,5286,,,,,,,,,,,,,,,,,,,,,,,,,,,,,,,,,,,,,,,,,,,,,,,,,,,,,,,,,,,,,,,,,,,,,,,,,,,,,,,,,,,,,,,,,16413,,4034,13266,4120,7198,4051,4284,3888,4077,4791,4767,5898,3916,4584,9059,7890,10771,4307,2917,11005,10418,4874,5768,4399,6964,3480,4547,4460,3934,3550,11260,25628,4601,5286,3665,6152,4638,4326,4189,4593,4510,11985,3034,5876,3308,5812,5557,4876,6899,6822,17955,12356,6433,13156,5055,6882,4112,3550,6872,4094,3441,12816,5289,4693,6141,7236,5533,4149,11733,7989,7314,8500,4143,6427,4205,3989,7544,10285,8052,10837,8761,3353,4594,5326,5250,6515,4902,14379,7094
93da4f47-75ca-4c1c-a4b5-9519c28d9f55,3cd3eb0c-c6b0-4c13-a467-8650af4f9ea2,2026-09-21 20:36:21,2026-09-21 20:51:56,935,Completed,Desktop,en-US,2000,2941,2341,4442,,2255,1859,1437,2855,1847,2128,2023,2286,2882,1955,2432,2237,1876,4550,3219,6817,3428,1482,2884,6615,4424,3485,5089,7846,1807,2617,1789,1744,6090,4288,4494,2655,5101,2314,1962,2344,1772,2603,6044,2220,3841,2615,1825,4256,1599,2260,2120,2386,3197,2130,3676,5114,2586,2235,2298,1421,2039,3339,2632,2414,2412,3369,2679,2610,2751,2538,5368,3567,7016,6282,2791,2947,3062,5050,2691,1946,3585,3517,2576,1888,1356,1822,2299,3460,4169,2127,6790,5511,,,,,,,,,,,,,,,,,,,,,,,,,,,,,,,,,,,,,,,,,,,,,,,,,,,,,,,,,,,,,,,,,,,,,,,,,,,,,,,,,,,,,,,,,6879,,5104,4324,4481,7200,4605,3148,3889,4397,3594,4709,4008,8004,5142,5977,5198,6867,3855,2951,5195,6451,6228,4952,9656,5390,3444,6591,4878,5548,5218,3705,4023,3852,4256,6297,9369,4716,7571,4504,4328,5014,7563,3040,4084,5617,6466,5425,4916,5078,7307,5303,5549,4943,8749,6445,5405,4950,4710,5270,5436,3839,5798,5194,7944,4170,4705,5219,4876,4776,6712,10013,5200,4034,4813,4220,5199,5728,6639,3455,8683,3010,4207,5563,5424,4135,5263,4475,5097,4000
6b649a9b-188d-4fd6-8873-a524e3825ff3,0257708f-0764-4704-b155-02267f0d79c2,2026-09-21 20:39:12,2026-09-21 20:56:29,1036,Completed,Desktop,en-US,2335,3107,3997,2082,,,,,,1746,2301,,,,,,,,2822,5804,,,,,,3507,,,,,,,,,,,,,,,2433,,,,,,,2025,,4060,,,,5204,,,,,,,,,,,,,,,1786,2061,,,2418,,,,1738,,,,,,,,1938,,3097,,,,2016,,,1795,1741,3107,5180,1549,1214,1341,1416,2318,1416,1909,3504,8027,2355,4732,4968,1313,1520,5085,13731,2883,1406,2521,2538,1581,1218,1311,1010,2473,1892,4044,1452,2313,1518,1448,3768,1715,1383,1157,3630,1880,1562,1739,1326,12081,2363,6119,2932,2366,3596,3679,2732,2325,2052,4613,2226,2280,1329,2005,1688,4500,3096,1335,1810,1598,2462,5265,2529,2834,2164,1630,2326,3074,1679,2036,2524,3257,3026,2522,5502,1270,2228,3277,2617,2457,2497,1394,1839,6159,,3534,4975,4023,4177,5727,3559,3486,4796,5194,3289,3758,3770,5082,5205,11137,4264,7692,3187,5761,7669,5925,4184,4440,2838,11065,2946,3575,4843,6029,6252,3764,7728,13037,5197,3384,3457,2784,5176,4372,7402,9014,6728,3832,3915,5261,3704,4643,3695,11044,3897,9907,4233,9506,3064,4546,4207,11580,3332,9229,4213,5499,5047,7189,3176,3160,7834,5498,7254,4932,3394,3459,3334,3617,4049,3862,4228,3851,17807,4304,15954,3389,8475,3534,6760,4694,5697,3647,7254
2d493bf5-ab12-484f-ad32-e92243658519,b90571fb-f956-4b24-98ce-ac11fc99f206,2026-09-21 20:40:37,2026-09-21 21:05:25,1487,Completed,Desktop,en-US,2491,2911,8399,16360,,2732,2585,1571,1810,9399,6737,1540,2035,4854,2101,3236,6137,2325,2857,6206,4985,3870,1995,2311,4107,4000,2738,10534,6488,2599,1818,2875,7255,1910,1190,7758,3625,3839,12972,2365,2309,1568,1302,1348,1263,4389,2750,10359,2550,1725,1627,3904,5386,9665,2789,5010,2146,3000,1984,19271,2305,7496,6634,4785,2463,4183,18886,2729,9706,1761,5002,3367,7545,3496,4286,17729,1362,1963,1648,2208,3063,4298,1762,1707,2873,8289,1252,3377,4236,6499,1629,2396,2763,,,,,,,,,,,,,,,,,,,,,,,,,,,,,,,,,,,,,,,,,,,,,,,,,,,,,,,,,,,,,,,,,,,,,,,,,,,,,,,,,,,,,,,,,11121,,3822,8429,4239,5734,5269,3442,4205,5689,7919,3733,30614,22677,11714,7977,4695,5791,4071,3985,6552,4889,4747,4679,17430,3314,4324,28231,4344,3584,5927,4244,18073,3593,20715,7644,4377,4220,3498,23550,4476,5954,5028,3027,39795,3856,3836,4772,3630,7498,4114,6145,31500,4400,4463,3770,11909,17043,5787,8575,3318,4700,4326,5727,4126,4828,3682,3110,15821,21495,12340,33685,8473,9431,4550,4151,6845,5509,9122,3928,5750,3344,3174,7539,8581,4195,5401,4460,5444,16496
099f3914-a999-47f5-bb72-782be395371c,8ac44c5c-b3e3-4ae4-b7e8-1e25f9b501ce,2026-09-21 20:40:50,,,In progress,Desktop,en-US,3499,,,,,,,,,,,,,,,,,,,,,,,,,,,,,,,,,,,,,,,,,,,,,,,,,,,,,,,,,,,,,,,,,,,,,,,,,,,,,,,,,,,,,,,,,,,,,,,,,,,,,,,,,,,,,,,,,,,,,,,,,,,,,,,,,,,,,,,,,,,,,,,,,,,,,,,,,,,,,,,,,,,,,,,,,,,,,,,,,,,,,,,,,,,,,,,,,,,,,,,,,,,,,,,,,,,,,,,,,,,,,,,,,,,,,,,,,,,,,,,,,,,,,,,,,,,,,,,,,,,,,,,,,,,,,,
bb5ed826-6d9d-41fd-92b6-c27e7d10a9e9,de37c00c-e590-4670-bd5f-91cbdd4b2024,2026-09-21 20:42:28,,,In progress,Desktop,en-US,3618,,,,,,,,,,,,,,,,,,,,,,,,,,,,,,,,,,,,,,,,,,,,,,,,,,,,,,,,,,,,,,,,,,,,,,,,,,,,,,,,,,,,,,,,,,,,,,,,,,,,,,,,,,,,,,,,,,,,,,,,,,,,,,,,,,,,,,,,,,,,,,,,,,,,,,,,,,,,,,,,,,,,,,,,,,,,,,,,,,,,,,,,,,,,,,,,,,,,,,,,,,,,,,,,,,,,,,,,,,,,,,,,,,,,,,,,,,,,,,,,,,,,,,,,,,,,,,,,,,,,,,,,,,,,,,
2c0df503-a24d-4a40-9c78-518c96bf27b4,b8c89392-0e45-4297-ab15-788805de8491,2026-09-21 20:44:37,,,In progress,Desktop,en-US,2880,3944,3091,4441,,,,,,,,,,,,,,,,,,,,,,,,,,,,,,,,,,,,,,,,,,,,,,,,,,,,,,,,,,,,,,,,,,,,,,,,,,,,,,,,,,,,,,,,,,,,,,,,,,,,,,,,,,,,,,,,,,,,,,,,,,,,,,,,,,,,,,,,,,,,,,,,,,,,,,,,,,,,,,,,,,,,,,,,,,,,,,,,,,,,,,,,,,,,,,,,,,,,,,,,,,,,,,,,,,,,,,,,,,,,,,,,,,,,,,,,,,,,,,,,,,,,,,,,,,,,,,,,,,,,,,,,,,,
4a3fe193-f8c9-4596-87fa-138443acd5a5,c986b1f5-d2e2-4d34-b528-d88328e3dfcd,2026-09-21 20:45:39,2026-09-21 21:04:47,1147,Completed,Desktop,en-US,2991,3730,4225,3982,,2692,1348,1678,5871,5289,2612,4248,3301,2648,3207,4814,3677,6641,5233,12903,2645,2909,2072,4517,6009,2744,5774,2580,4577,2911,1981,2162,5012,4932,3237,4322,6199,1917,3316,3588,2432,2419,1660,3066,2486,2521,2079,3544,4114,4709,3548,4542,3549,3570,3904,5638,7038,4076,2715,5437,3886,3381,7741,3431,3565,5159,4502,3831,4632,3254,4892,4283,6377,1079,6055,5108,2707,3878,7149,5109,5620,4794,4680,2362,7571,5920,4876,10975,3296,4309,4307,4757,2454,,,,,,,,,,,,,,,,,,,,,,,,,,,,,,,,,,,,,,,,,,,,,,,,,,,,,,,,,,,,,,,,,,,,,,,,,,,,,,,,,,,,,,,,,9852,,4975,9576,4011,5630,4893,4929,4951,4319,9399,4721,4354,3743,14941,7083,8249,9098,4881,4941,5238,12171,12361,7181,5668,10420,5242,7375,4703,5743,5575,6892,4740,7295,5348,9374,5153,5533,2998,3711,5366,3509,5876,3544,4656,6744,7102,5666,4569,4448,9197,6368,7474,12928,4484,5432,7067,4284,5540,10174,4377,5444,5096,5777,4782,7433,8002,3718,6232,10015,12765,20160,3999,4006,5207,8744,14567,5415,7520,4194,4741,7805,4491,7916,6185,3849,6143,4499,4575,7504
1a858dba-0896-47c7-84b6-50ece1a2d993,8c7dc88e-12bd-43f7-b37e-8aeb8bd817aa,2026-09-21 20:47:19,2026-09-21 21:07:42,1222,Completed,Desktop,en-US,5210,3614,4174,5167,,,,,,,,,,,,,,,,,,,,,,,,,,,,,,,,,,,,,,,,,,,,,,,,,,,,,,,,,,,,,,,,,,,,,,,,,,,,,,,,,,,,,,,,,,2012,2294,5119,7674,3105,1838,3483,2884,8450,4477,6475,2550,3487,3931,9092,5321,3589,2138,3147,15163,4764,4615,4154,11756,3127,8839,2181,6211,3425,6319,4292,5330,3379,7029,3672,3114,1426,2184,2270,4293,4971,2584,7093,3712,6364,4881,5134,2751,6055,11518,3530,4576,3761,3481,8645,5698,8190,2367,8509,8930,5991,6912,3378,2341,6159,3654,4278,9695,3606,7848,3856,9513,9812,4872,3241,3053,3496,6128,7025,3041,2568,6197,2780,9537,4555,5088,2300,3886,7105,,4255,4176,4772,11098,6322,4835,7777,2967,4895,3061,5776,10175,9325,5138,6148,6800,4497,5852,3674,5325,9647,5743,4654,11889,4384,5607,4246,3931,9890,4355,17602,10553,17185,4552,5148,4394,4520,3503,4115,6257,5069,4583,7099,6706,10721,7703,4196,21524,7026,3053,5475,5911,13441,5648,11301,3956,4984,3775,14077,4663,8235,4494,6890,2993,4110,8220,6913,6322,15389,4839,5523,5431,11742,3748,4278,4012,6548,5052,9182,5906,3196,11366,12321,4449,5005,7980,4238,4241
7c4c998d-6b06-488c-9ae8-7386b7114810,4971746b-6087-40a9-ae56-bfca7dfbeecf,2026-09-21 20:51:02,,,In progress,Desktop,en-US,3909,,,,,,,,,,,,,,,,,,,,,,,,,,,,,,,,,,,,,,,,,,,,,,,,,,,,,,,,,,,,,,,,,,,,,,,,,,,,,,,,,,,,,,,,,,,,,,,,,,,,,,,,,,,,,,,,,,,,,,,,,,,,,,,,,,,,,,,,,,,,,,,,,,,,,,,,,,,,,,,,,,,,,,,,,,,,,,,,,,,,,,,,,,,,,,,,,,,,,,,,,,,,,,,,,,,,,,,,,,,,,,,,,,,,,,,,,,,,,,,,,,,,,,,,,,,,,,,,,,,,,,,,,,,,,,
6bfaff9e-74c1-4740-b506-e9c3fb7d2bb9,f19d5164-4712-4380-9c7e-5fb3e98914b9,2026-09-21 20:51:55,,,In progress,Desktop,en-US,4336,,,,,,,,,,,,,,,,,,,,,,,,,,,,,,,,,,,,,,,,,,,,,,,,,,,,,,,,,,,,,,,,,,,,,,,,,,,,,,,,,,,,,,,,,,,,,,,,,,,,,,,,,,,,,,,,,,,,,,,,,,,,,,,,,,,,,,,,,,,,,,,,,,,,,,,,,,,,,,,,,,,,,,,,,,,,,,,,,,,,,,,,,,,,,,,,,,,,,,,,,,,,,,,,,,,,,,,,,,,,,,,,,,,,,,,,,,,,,,,,,,,,,,,,,,,,,,,,,,,,,,,,,,,,,,
3c5e92f3-91f1-46c0-897c-7742c30a5750,87446bd5-a36d-47e8-94c7-6916509934a2,2026-09-21 20:53:47,,,In progress,Tablet,en-US,37686,,,,,,,,,,,,,,,,,,,,,,,,,,,,,,,,,,,,,,,,,,,,,,,,,,,,,,,,,,,,,,,,,,,,,,,,,,,,,,,,,,,,,,,,,,,,,,,,,,,,,,,,,,,,,,,,,,,,,,,,,,,,,,,,,,,,,,,,,,,,,,,,,,,,,,,,,,,,,,,,,,,,,,,,,,,,,,,,,,,,,,,,,,,,,,,,,,,,,,,,,,,,,,,,,,,,,,,,,,,,,,,,,,,,,,,,,,,,,,,,,,,,,,,,,,,,,,,,,,,,,,,,,,,,,,
7b848296-853b-4b3c-97b3-02f9862dfe84,e3743713-0d8c-43a8-8b23-83623bdf94df,2026-09-21 20:57:04,2026-09-21 21:22:41,1537,Completed,Desktop,en-US,3478,27069,4032,9141,,,,,,,,,,,,,,,,,,,,,,,,,,,,,,,,,,,,,,,,,,,,,,,,,,,,,,,,,,,,,,,,,,,,,,,,,,,,,,,,,,,,,,,,,,4544,6184,3701,5452,3785,2982,3214,4578,1973,4383,2882,3655,4077,4446,3197,2396,4587,5974,5608,14999,5368,2516,3057,3884,4913,2802,3203,6654,2779,2450,23124,2871,3630,2880,4032,5419,7456,5712,3530,3182,2406,3352,2148,2412,11254,6552,2946,5177,6412,1902,2672,2425,4603,9894,3145,2297,2458,3421,2283,1652,1966,6280,3969,3666,2817,5933,2263,4233,2189,4180,1908,3335,3239,4700,4086,9555,2262,3043,2348,4306,1551,5046,4904,3026,3534,4965,3743,2676,8409,,6475,7230,5146,4869,5481,5374,8947,10665,5617,6009,6146,5096,6788,5565,5553,11609,7311,5814,10778,16514,6346,9937,7364,4732,5168,5951,6154,6295,9289,9216,18120,7168,13316,13399,26225,4041,8593,6473,8232,15605,11007,6140,29027,14963,6908,15074,9195,6938,10705,4998,6734,7943,5598,6229,14356,4407,11675,8332,26470,15511,7730,36436,7632,7102,10908,7041,6043,8727,5879,4442,9974,6655,14904,8092,8011,10622,5615,6078,4836,20318,4994,8133,9194,5910,19061,8346,9068,12393
08568849-47ae-4f50-aaf6-fee8bf146574,4c1ac8db-2f5c-4da0-aa72-e44906579aed,2026-09-21 20:58:29,,,In progress,Desktop,en-US,8951,,,,,,,,,,,,,,,,,,,,,,,,,,,,,,,,,,,,,,,,,,,,,,,,,,,,,,,,,,,,,,,,,,,,,,,,,,,,,,,,,,,,,,,,,,,,,,,,,,,,,,,,,,,,,,,,,,,,,,,,,,,,,,,,,,,,,,,,,,,,,,,,,,,,,,,,,,,,,,,,,,,,,,,,,,,,,,,,,,,,,,,,,,,,,,,,,,,,,,,,,,,,,,,,,,,,,,,,,,,,,,,,,,,,,,,,,,,,,,,,,,,,,,,,,,,,,,,,,,,,,,,,,,,,,,
853d5a68-e0e4-46fd-bd47-4dc78edcb1cd,d627358e-f356-47bc-b7fc-1d6febf501a4,2026-09-21 21:02:08,2026-09-21 21:34:42,1953,Completed,Desktop,en,7198,8560,13204,7248,,5280,3067,6804,4025,2589,4850,4382,4541,3587,3662,4203,14086,4841,2246,2856,2707,4229,1896,8065,3994,8238,8197,3362,3218,4815,3363,4493,6753,6850,2329,4857,7990,1691,4683,7827,10530,1189,3552,2546,2626,2439,3070,1832,2797,8177,5445,4494,5342,10877,7773,5286,8311,9760,2902,6735,7556,4741,4955,5238,9042,4915,7428,5425,6640,2507,1921,4944,15097,4475,4430,1338,5147,10201,5694,4822,17823,11645,5138,7590,4084,2691,4730,5099,3509,5363,12037,15245,1536,,,,,,,,,,,,,,,,,,,,,,,,,,,,,,,,,,,,,,,,,,,,,,,,,,,,,,,,,,,,,,,,,,,,,,,,,,,,,,,,,,,,,,,,,15782,,11253,5301,13301,21174,12822,8668,7148,6737,5794,12773,9790,5890,19189,21106,9070,10073,11354,6675,7227,5837,13330,12837,19049,13565,14434,7972,7195,13587,9931,8823,16688,7151,12388,49857,10607,15590,10088,30680,5422,11271,8005,6784,8704,6773,18321,26992,8783,8812,8234,10221,9456,13925,12209,8827,7609,22389,15774,22246,9340,10869,7684,8472,8587,7094,10822,10293,26522,9269,10148,9588,5861,13118,7999,15497,11178,13986,8327,6213,13172,7744,7383,32443,7408,11682,7321,24236,7843,10709
4de29353-873f-4c45-9e26-64a9e0514758,25028207-a2f5-42bd-a288-4fd036bda5d2,2026-09-21 21:02:13,,,In progress,Desktop,en-US,6125,,,,,,,,,,,,,,,,,,,,,,,,,,,,,,,,,,,,,,,,,,,,,,,,,,,,,,,,,,,,,,,,,,,,,,,,,,,,,,,,,,,,,,,,,,,,,,,,,,,,,,,,,,,,,,,,,,,,,,,,,,,,,,,,,,,,,,,,,,,,,,,,,,,,,,,,,,,,,,,,,,,,,,,,,,,,,,,,,,,,,,,,,,,,,,,,,,,,,,,,,,,,,,,,,,,,,,,,,,,,,,,,,,,,,,,,,,,,,,,,,,,,,,,,,,,,,,,,,,,,,,,,,,,,,,
ccc28f2e-71ca-4f40-bf70-edf52605ebca,7e0fbbeb-609f-46c7-827d-33caf18b8948,2026-09-21 21:02:24,,,In progress,Desktop,en-US,4307,,,,,,,,,,,,,,,,,,,,,,,,,,,,,,,,,,,,,,,,,,,,,,,,,,,,,,,,,,,,,,,,,,,,,,,,,,,,,,,,,,,,,,,,,,,,,,,,,,,,,,,,,,,,,,,,,,,,,,,,,,,,,,,,,,,,,,,,,,,,,,,,,,,,,,,,,,,,,,,,,,,,,,,,,,,,,,,,,,,,,,,,,,,,,,,,,,,,,,,,,,,,,,,,,,,,,,,,,,,,,,,,,,,,,,,,,,,,,,,,,,,,,,,,,,,,,,,,,,,,,,,,,,,,,,
3261151e-168c-4fb2-a29d-61d07273d095,8bcf251e-5201-4942-9726-cde02ac72b91,2026-09-21 21:02:37,,,In progress,Desktop,en-US,2855,,,,,,,,,,,,,,,,,,,,,,,,,,,,,,,,,,,,,,,,,,,,,,,,,,,,,,,,,,,,,,,,,,,,,,,,,,,,,,,,,,,,,,,,,,,,,,,,,,,,,,,,,,,,,,,,,,,,,,,,,,,,,,,,,,,,,,,,,,,,,,,,,,,,,,,,,,,,,,,,,,,,,,,,,,,,,,,,,,,,,,,,,,,,,,,,,,,,,,,,,,,,,,,,,,,,,,,,,,,,,,,,,,,,,,,,,,,,,,,,,,,,,,,,,,,,,,,,,,,,,,,,,,,,,,
ad5d1bcf-65a1-4ec3-a94d-ec86dedcdcaf,41ed767b-d96a-4041-a64d-ea0589362fd1,2026-09-21 21:04:11,2026-09-21 21:49:13,2701,Completed,Desktop,en-US,3210,7391,8436,16605,,,,,,,,,,,,,,,,,,,,,,,,,,,,,,,,,,,,,,,,,,,,,,,,,,,,,,,,,,,,,,,,,,,,,,,,,,,,,,,,,,,,,,,,,,4941,6595,8708,6335,6376,3716,3114,4916,9623,8608,13255,4294,6527,11149,13284,10789,2454,3538,7233,9881,11220,7112,4647,7881,6193,4649,5515,9776,9088,11172,12493,11850,12869,12482,6390,9640,4324,3006,16310,4248,6507,2097,7322,6705,6556,7330,7123,8061,7928,24475,6920,8195,20743,16516,7459,2798,6740,6822,8521,6763,7049,7798,21446,8980,20836,4625,7450,12660,9540,9501,4083,4306,13847,7709,4322,11733,12293,4978,8353,8064,4992,9176,4849,6730,7857,6575,6560,21706,12479,,10777,15893,12593,12470,15234,14850,15306,10719,9964,8995,9630,11589,19939,8322,19932,15958,13229,14984,13709,18231,20056,10171,17101,6496,14076,11283,17588,12922,10613,18485,13506,38361,13844,13425,8218,10938,22887,9308,14998,7552,17907,13757,8846,10819,34874,10617,8540,11765,15037,28681,41505,15771,11389,11800,5717,16352,18220,11117,19402,15051,27336,35827,17710,9961,10955,8138,16676,15916,12842,14580,21684,11808,11689,13164,26632,23263,12121,7939,19271,11447,13019,45333,27036,10461,11349,22146,8539,21802
08b36d86-8d51-4f18-9bf4-9415de179f0c,abf27d8f-6521-4b7e-858b-b959ccb3c1d8,2026-09-21 21:06:43,,,In progress,Desktop,en-US,13714,,,,,,,,,,,,,,,,,,,,,,,,,,,,,,,,,,,,,,,,,,,,,,,,,,,,,,,,,,,,,,,,,,,,,,,,,,,,,,,,,,,,,,,,,,,,,,,,,,,,,,,,,,,,,,,,,,,,,,,,,,,,,,,,,,,,,,,,,,,,,,,,,,,,,,,,,,,,,,,,,,,,,,,,,,,,,,,,,,,,,,,,,,,,,,,,,,,,,,,,,,,,,,,,,,,,,,,,,,,,,,,,,,,,,,,,,,,,,,,,,,,,,,,,,,,,,,,,,,,,,,,,,,,,,,
4626932d-41cf-4ff9-b58a-e103a3664d45,437f43cf-a76e-46bb-9b39-393aca0fecad,2026-09-21 21:11:49,,,In progress,Desktop,en-US,4957,4148,16974,3038,,,,,,,,,,,,,,,,,,,,,,,,,,,,,,,,,,,,,,,,,,,,,,,,,,,,,,,,,,,,,,,,,,,,,,,,,,,,,,,,,,,,,,,,,,,,,,,,,,,,,,,,,,,,,,,,,,,,,,,,,,,,,,,,,,,,,,,,,,,,,,,,,,,,,,,,,,,,,,,,,,,,,,,,,,,,,,,,,,,,,,,,,,,,,,,,,,,,,,,,,,,,,,,,,,,,,,,,,,,,,,,,,,,,,,,,,,,,,,,,,,,,,,,,,,,,,,,,,,,,,,,,,,,
423b3a0f-5746-485f-99c7-74daafab9553,e6a7a7ff-b690-40bd-958d-2cb48b617e71,2026-09-21 21:12:33,2026-09-21 21:31:06,1112,Completed,Desktop,en-US,6741,3212,6624,4954,,,,,,,,,,,,,,,,,,,,,,,,,,,,,,,,,,,,,,,,,,,,,,,,,,,,,,,,,,,,,,,,,,,,,,,,,,,,,,,,,,,,,,,,,,1254,2094,1465,3534,8063,2099,2479,2600,3221,5046,1762,1798,2086,11790,2628,4321,1775,3823,6064,10703,20554,4142,3993,7116,1023,1843,2912,2817,4725,5864,3771,5168,3722,17168,2282,2660,1907,1548,4186,1440,3380,2382,9575,4110,3277,3831,2324,3390,2214,1971,6084,3464,3085,2673,6227,1734,6102,2093,5065,8929,4469,3390,1522,3313,3075,1962,1671,9327,8725,4740,2248,2627,5262,4079,3501,2857,4856,3079,2013,4001,1505,3760,4743,3285,4085,4674,10675,2676,13696,,4037,3237,3962,5956,3970,5502,5724,3900,12002,3421,5028,3892,4572,8851,5234,10788,7653,3671,4055,5764,10643,7142,4243,5581,4957,3808,3591,4356,3741,6803,3467,7857,5804,6200,5942,3517,4517,6495,4571,4342,6859,2661,4378,4148,5888,4011,4459,5866,6515,3563,6163,4927,13532,3890,11969,4491,5207,3541,4422,4073,8302,7220,4073,4708,3129,3537,4643,5566,11955,7300,3817,3388,5056,4232,5725,15272,6530,4485,8995,4244,5750,9071,12662,4599,3004,3388,4902,9168
96330773-c0b2-4acd-90f2-0845a72d9514,a9b00ead-3ead-442f-bc17-f381c1c97a3b,2026-09-21 21:13:26,,,In progress,Desktop,en-US,10841,5784,6466,9374,,,,,,,,,,,,,,,,,,,,,,,,,,,,,,,,,,,,,,,,,,,,,,,,,,,,,,,,,,,,,,,,,,,,,,,,,,,,,,,,,,,,,,,,,,,,,,,,,,,,,,,,,,,,,,,,,,,,,,,,,,,,,,,,,,,,,,,,,,,,,,,,,,,,,,,,,,,,,,,,,,,,,,,,,,,,,,,,,,,,,,,,,,,,,,,,,,,,,,,,,,,,,,,,,,,,,,,,,,,,,,,,,,,,,,,,,,,,,,,,,,,,,,,,,,,,,,,,,,,,,,,,,,,
d6f16144-92e8-4537-93b3-9233e6b1a242,69b08373-4ff1-4193-9e01-e83f053aad30,2026-09-21 21:13:55,,,In progress,Desktop,en-US,4339,,,,,,,,,,,,,,,,,,,,,,,,,,,,,,,,,,,,,,,,,,,,,,,,,,,,,,,,,,,,,,,,,,,,,,,,,,,,,,,,,,,,,,,,,,,,,,,,,,,,,,,,,,,,,,,,,,,,,,,,,,,,,,,,,,,,,,,,,,,,,,,,,,,,,,,,,,,,,,,,,,,,,,,,,,,,,,,,,,,,,,,,,,,,,,,,,,,,,,,,,,,,,,,,,,,,,,,,,,,,,,,,,,,,,,,,,,,,,,,,,,,,,,,,,,,,,,,,,,,,,,,,,,,,,,
8b91750c-a872-44af-aa5a-40f883673a1a,0826c83e-b040-4ed6-8c2d-56f21f8bd628,2026-09-21 21:14:27,,,In progress,Desktop,en-US,5539,,,,,,,,,,,,,,,,,,,,,,,,,,,,,,,,,,,,,,,,,,,,,,,,,,,,,,,,,,,,,,,,,,,,,,,,,,,,,,,,,,,,,,,,,,,,,,,,,,,,,,,,,,,,,,,,,,,,,,,,,,,,,,,,,,,,,,,,,,,,,,,,,,,,,,,,,,,,,,,,,,,,,,,,,,,,,,,,,,,,,,,,,,,,,,,,,,,,,,,,,,,,,,,,,,,,,,,,,,,,,,,,,,,,,,,,,,,,,,,,,,,,,,,,,,,,,,,,,,,,,,,,,,,,,,
acb08168-3aff-4b80-9994-a577cba46452,bc1bf2bb-158f-473a-a5bf-60f235480cd3,2026-09-21 21:16:47,,,In progress,Desktop,en-US,3280,,,,,,,,,,,,,,,,,,,,,,,,,,,,,,,,,,,,,,,,,,,,,,,,,,,,,,,,,,,,,,,,,,,,,,,,,,,,,,,,,,,,,,,,,,,,,,,,,,,,,,,,,,,,,,,,,,,,,,,,,,,,,,,,,,,,,,,,,,,,,,,,,,,,,,,,,,,,,,,,,,,,,,,,,,,,,,,,,,,,,,,,,,,,,,,,,,,,,,,,,,,,,,,,,,,,,,,,,,,,,,,,,,,,,,,,,,,,,,,,,,,,,,,,,,,,,,,,,,,,,,,,,,,,,,
4b84cf1a-3848-476a-b087-b7c98ccf77b5,1d9377d4-08fd-4a05-b383-a51f453f5454,2026-09-21 21:20:36,2026-09-21 21:42:52,1336,Completed,Desktop,en-US,8262,3478,4077,5367,,1668,4056,2124,5164,4493,5084,1677,2245,4582,2176,3950,3164,6102,2620,9943,5465,2308,1955,5420,10378,7724,4351,4111,6380,1918,2039,2205,1865,6010,3054,11745,2794,3350,13374,2894,2398,1385,1921,1848,2378,20012,11641,1746,2804,5604,2269,2466,2711,23824,3502,15644,2488,3126,3718,9671,2173,6225,3024,4649,3047,3936,6390,1523,1857,6717,2002,4228,12200,3635,15753,4869,2186,2585,3275,2917,5470,3565,6116,12784,3885,1391,1897,4539,3405,6222,3004,2497,4381,,,,,,,,,,,,,,,,,,,,,,,,,,,,,,,,,,,,,,,,,,,,,,,,,,,,,,,,,,,,,,,,,,,,,,,,,,,,,,,,,,,,,,,,,8845,,3958,3536,4683,7326,4842,3714,34357,4596,4932,3951,4767,6127,11029,5487,8274,7805,4086,3584,5176,9175,17477,4546,7037,6710,4304,6435,5442,5775,3705,4327,11733,4175,4380,6332,4810,4394,2843,3554,5274,3962,5576,3835,4309,3312,5172,4209,4434,4919,5718,5400,5793,5178,10139,4324,5277,4630,3841,4903,6067,5155,7467,5809,15746,4320,7991,6995,7261,5273,6054,5856,4116,4622,5122,4110,4525,8139,5305,4655,104662,7465,4252,4447,6270,5422,7017,7339,4839,6284
6974265b-a7a4-47f0-aae3-e26b6ed3a2fe,9348c934-9889-4266-9bd3-0ed46dc1caf3,2026-09-21 21:21:21,,,In progress,Desktop,en-US,3028,,,,,,,,,,,,,,,,,,,,,,,,,,,,,,,,,,,,,,,,,,,,,,,,,,,,,,,,,,,,,,,,,,,,,,,,,,,,,,,,,,,,,,,,,,,,,,,,,,,,,,,,,,,,,,,,,,,,,,,,,,,,,,,,,,,,,,,,,,,,,,,,,,,,,,,,,,,,,,,,,,,,,,,,,,,,,,,,,,,,,,,,,,,,,,,,,,,,,,,,,,,,,,,,,,,,,,,,,,,,,,,,,,,,,,,,,,,,,,,,,,,,,,,,,,,,,,,,,,,,,,,,,,,,,,
7f391460-464e-4142-ba33-f32ee66ccaeb,621b6799-fed1-4145-ad29-fa7ca8d03e73,2026-09-21 21:23:22,2026-09-21 21:44:31,1268,Completed,Desktop,en-US,2823,2762,4668,9910,4327,,,,,,,,,,,,,,,,,,,,,,,,,,,,,,,,,,,,,,,,,,,,,,,,,,,,,,,,,,,,,,,,,,,,,,,,,,,,,,,,,,,,,,,,,1456,1695,1463,3842,3948,3174,1962,1610,2275,1937,6538,8579,7274,5844,3239,15744,3714,1739,3716,4338,6344,4898,3347,6872,9483,5076,1430,6341,4490,2559,8567,1506,1857,5680,2082,1638,1203,5777,5070,1747,12588,7930,4123,2133,4499,4168,6059,4124,2547,2786,13645,3658,5423,2708,5610,8842,4885,2278,2897,4184,6379,2638,4749,4057,13253,4994,3666,3591,8864,6038,2948,7196,6684,2760,2703,4201,8043,2316,9704,2991,1833,3385,4176,1767,15141,2267,6577,4335,6127,,6444,6031,4811,10865,7331,6292,4156,11646,6896,4551,5179,5990,15926,7910,8359,9610,7850,8043,6140,11702,10366,6955,5443,5548,8926,8775,7896,5034,15473,13610,17341,5187,6257,6052,5868,8497,5191,4538,8394,6489,7237,6761,7776,6011,6163,7337,12149,4581,10718,8401,9175,8203,9950,5665,4536,12519,8285,6353,17096,7015,6473,4764,6937,3996,6482,5277,7457,4124,12707,7471,5256,10161,13826,4700,4728,10071,7075,7253,9667,6375,6205,11171,7820,4594,7637,4256,12341,4281
26180750-34e9-4766-ad3c-0cc31980a02f,d82f796b-49c3-44ba-a439-55049574630f,2026-09-21 21:24:43,,,In progress,Desktop,en-US,2019,,,,,,,,,,,,,,,,,,,,,,,,,,,,,,,,,,,,,,,,,,,,,,,,,,,,,,,,,,,,,,,,,,,,,,,,,,,,,,,,,,,,,,,,,,,,,,,,,,,,,,,,,,,,,,,,,,,,,,,,,,,,,,,,,,,,,,,,,,,,,,,,,,,,,,,,,,,,,,,,,,,,,,,,,,,,,,,,,,,,,,,,,,,,,,,,,,,,,,,,,,,,,,,,,,,,,,,,,,,,,,,,,,,,,,,,,,,,,,,,,,,,,,,,,,,,,,,,,,,,,,,,,,,,,,
47498d26-890c-46b5-9320-b39b288cf998,61470f59-2e36-4cab-a104-9c4154d6c79a,2026-09-21 21:25:02,2026-09-21 21:45:19,1216,Completed,Desktop,en-US,7930,3974,5728,7705,,2132,1534,1788,6480,4693,2914,4546,3132,5773,3866,2194,3126,5035,6295,4751,6274,3090,5050,8953,21177,6063,3585,4571,3136,5183,3533,2310,2238,3635,5868,4604,2537,5000,4868,2295,5305,1465,1410,2838,4793,7738,5483,1624,4071,9053,4287,7312,8619,6806,9213,10230,3955,9034,4628,7756,5201,5563,2008,4942,2658,6596,4469,3416,4338,3966,2465,10154,46,5909,5160,6203,10591,4548,7363,4105,5801,5679,2971,9786,6157,3498,4918,4141,3360,4873,2907,2914,4461,,,,,,,,,,,,,,,,,,,,,,,,,,,,,,,,,,,,,,,,,,,,,,,,,,,,,,,,,,,,,,,,,,,,,,,,,,,,,,,,,,,,,,,,,11018,,4741,4129,6182,10816,3096,3206,3100,3259,11257,2525,3691,5936,7997,22581,8160,9309,6236,6696,14509,4766,6475,6203,4884,5244,6558,11897,4318,6648,6613,7503,7222,3910,3541,3563,7532,4486,2625,5280,3552,5916,4677,2683,3801,3709,6170,6879,4618,7427,7601,7503,10687,4954,10524,5382,10230,4282,7110,4349,4640,4568,8087,14409,6376,2935,7150,13018,7497,11276,21311,11531,2806,4925,3728,4265,5534,4849,8482,5170,6035,4205,2848,6423,3694,6600,3112,3584,3582,11991
86ef76f6-0a05-4f09-b963-99ada482ed27,170890ee-2efa-4807-92f8-8f6988de2fb0,2026-09-21 21:25:25,2026-09-21 21:56:12,1847,Completed,Desktop,en-US,4841,5225,7420,10916,,3497,2630,2302,5566,2736,2966,3099,2657,4091,5248,10446,4654,13780,8516,20394,8369,4687,4306,15155,6029,5132,3279,12993,4189,3221,7163,14218,4114,4010,3387,3747,3035,4704,5662,5136,5513,2965,3119,4700,4044,5077,2909,1963,2103,4513,5157,2879,3053,4495,7697,8548,3250,18478,4459,8246,7196,5292,2627,2856,3383,9532,7791,8018,3282,4215,11906,4151,4438,10265,8248,4297,4408,4906,4058,3573,20074,5041,3491,8972,4027,3729,7508,3747,4150,3125,8961,6000,5412,,,,,,,,,,,,,,,,,,,,,,,,,,,,,,,,,,,,,,,,,,,,,,,,,,,,,,,,,,,,,,,,,,,,,,,,,,,,,,,,,,,,,,,,,20817,,14384,11439,23898,8712,14161,11916,24593,10828,19357,12492,14200,11202,9211,22231,20430,13351,14918,7851,8836,15415,9253,8199,11449,11270,6384,7026,6634,18059,12285,35308,13045,7408,12238,8785,12402,5962,4727,6171,4861,13550,6052,5020,6238,8597,7253,11052,7256,21628,8049,9800,7429,5710,27502,5534,22420,8310,7789,26586,8371,9394,9904,11631,11722,11279,14601,6306,26679,17666,6866,13895,7692,14971,40215,18710,12190,11831,9877,16863,12522,16733,18598,8361,8992,12598,5746,18041,10058,14585
b884f6db-9379-41a5-b83d-ebf97fafcc44,65475667-895f-4dba-a64b-f23ea2686e6a,2026-09-21 21:29:13,,,In progress,Desktop,en-US,5110,,,,,,,,,,,,,,,,,,,,,,,,,,,,,,,,,,,,,,,,,,,,,,,,,,,,,,,,,,,,,,,,,,,,,,,,,,,,,,,,,,,,,,,,,,,,,,,,,,,,,,,,,,,,,,,,,,,,,,,,,,,,,,,,,,,,,,,,,,,,,,,,,,,,,,,,,,,,,,,,,,,,,,,,,,,,,,,,,,,,,,,,,,,,,,,,,,,,,,,,,,,,,,,,,,,,,,,,,,,,,,,,,,,,,,,,,,,,,,,,,,,,,,,,,,,,,,,,,,,,,,,,,,,,,,
5ead1867-0e68-4c73-b776-325d1f00548e,f9e3c6b3-cf4e-4f21-8c23-a14508bd5998,2026-09-21 21:29:42,2026-09-21 21:58:38,1736,Completed,Desktop,en-US,7406,4930,6485,2989,,,,,,,,,,,,,,,,,,,,,,,,,,,,,,,,,,,,,,,,,,,,,,,,,,,,,,,,,,,,,,,,,,,,,,,,,,,,,,,,,,,,,,,,,,5097,5957,3812,12487,8927,6277,3210,3622,9374,4004,4158,3872,8602,10093,10752,12487,6908,2227,6793,12473,21408,10258,11639,13636,4266,2804,2821,3023,4956,3615,5699,9199,8733,3020,6840,6414,1941,2596,5073,2942,11319,3019,4348,5687,11349,14239,5315,3694,14295,15585,11301,4738,11079,4820,6862,4072,6679,5494,9393,4966,7247,7227,5958,5287,8019,3073,5608,18315,12201,6273,2754,8557,4215,18360,6296,13103,7832,7304,10469,7302,9224,2376,8969,3719,4789,5981,6044,13656,15867,,8882,5057,5638,19449,5693,11671,8967,10296,7222,16086,10559,6870,16363,24859,7208,8990,8677,10490,8691,10660,15676,7756,7495,18940,14899,14036,4921,6818,15616,11409,8783,16635,6112,4783,18223,7072,4492,3817,9300,4152,7700,5542,8092,7746,8062,6394,5783,15348,10912,11646,10405,24008,12327,6134,13629,4954,10893,8800,12389,15259,38080,19291,9101,5179,7333,5886,21694,10990,8161,6351,7291,12952,7514,11796,17701,6886,10295,5440,8280,9379,8123,8235,10325,6142,7217,8392,6596,5892
dfbd305f-845e-41a8-b0bf-7274eb923f45,d8e75aa4-4b14-4edf-9730-e0692523efb9,2026-09-21 21:30:18,2026-09-21 21:58:45,1706,Completed,Desktop,en-US,6638,4683,6567,13495,,,,,,,,,,,,,,,,,,,,,,,,,,,,,,,,,,,,,,,,,,,,,,,,,,,,,,,,,,,,,,,,,,,,,,,,,,,,,,,,,,,,,,,,,,1591,3016,1633,4238,766,2379,3715,1022,670,1272,1213,1325,1556,1778,2363,3318,700,742,6693,3603,2404,1850,1710,2768,1649,2520,5126,6731,2413,1225,3824,9600,1337,5206,5357,1757,5102,1094,16966,5243,24583,2207,1385,1644,11579,1304,4539,16430,4665,2377,3946,8757,7105,2740,1993,4089,1692,4687,15374,1547,3147,941,8799,2439,3763,1835,879,2355,8538,1265,5799,1792,1810,3451,9000,2711,898,5212,2011,1704,4539,2559,3530,9894,4401,6811,2173,4060,9713,,10955,14460,3316,10754,10803,7604,2891,63900,4343,9277,2915,2497,4181,20705,12054,3005,3109,2407,3394,18844,2719,9435,15469,12403,9618,2655,10740,3406,14156,4056,16629,2882,2771,25364,4204,3553,36967,3087,2712,3110,10473,10695,9230,9631,3339,8252,8002,2592,13185,13563,11400,8813,2871,2821,16022,19282,14821,2981,2800,18535,10667,12458,13858,13584,16426,10940,12238,41112,13734,3682,57286,94986,10942,11267,25694,13802,10371,11324,11156,11528,2925,7337,4007,9559,10528,7248,9936,3582
530b25ca-b2c0-4025-bf24-052cc0f75cfe,472d2fb9-cfad-442e-be2a-d18f6aad8856,2026-09-21 21:30:38,,,In progress,Desktop,en-US,3241,,,,,,,,,,,,,,,,,,,,,,,,,,,,,,,,,,,,,,,,,,,,,,,,,,,,,,,,,,,,,,,,,,,,,,,,,,,,,,,,,,,,,,,,,,,,,,,,,,,,,,,,,,,,,,,,,,,,,,,,,,,,,,,,,,,,,,,,,,,,,,,,,,,,,,,,,,,,,,,,,,,,,,,,,,,,,,,,,,,,,,,,,,,,,,,,,,,,,,,,,,,,,,,,,,,,,,,,,,,,,,,,,,,,,,,,,,,,,,,,,,,,,,,,,,,,,,,,,,,,,,,,,,,,,,
cd58d6a4-4607-423b-85ff-142e45eff533,2dd14150-16f6-489a-a529-c923cfabbef1,2026-09-21 21:30:50,2026-09-21 22:03:05,1934,Completed,Desktop,en-US,3995,3476,3976,11839,,,,,,,,,,,,,,,,,,,,,,,,,,,,,,,,,,,,,,,,,,,,,,,,,,,,,,,,,,,,,,,,,,,,,,,,,,,,,,,,,,,,,,,,,,13180,3285,2173,10945,4245,2253,2950,6548,5224,2561,4571,3535,3560,5822,16166,4634,1871,3503,3600,41271,5500,3543,8427,9546,3283,3699,9439,3585,16114,6917,5778,5540,5076,3371,3778,5061,1541,2968,3875,2062,6572,7470,4581,3689,5680,6020,4475,4489,9109,3740,5682,7936,10020,17222,16351,4873,7409,4467,6434,4668,18422,5179,10276,9517,8455,4869,29266,6713,8249,24371,4253,13352,11276,3021,11607,13467,4391,7533,6679,7922,5673,4093,18890,13393,9296,12278,17997,15707,29167,,8165,20926,8875,8084,20775,9090,11405,21148,20353,5525,4993,6723,7338,9294,11288,7927,6396,4848,15834,10534,6163,6678,17618,4995,10704,6883,5891,10283,5653,5374,4590,8022,7274,12618,7501,10578,6205,4847,5146,6395,7908,8283,7880,5142,10783,4603,5457,4831,7915,4589,6733,7334,15196,6800,11619,5566,23467,8138,8359,10548,4487,7380,6140,11337,6540,5496,16050,8128,5147,16275,15635,8753,17582,4928,6635,9774,9433,13000,13829,6579,5162,5254,6820,7151,8629,10901,18119,13253
fb6ef94d-dd41-4be0-92f1-60b4052558f3,5d03571a-b003-4a1c-9316-5de331057f2b,2026-09-21 21:35:03,2026-09-21 21:52:11,1028,Completed,Desktop,en-US,4482,2855,4436,3027,,1640,2323,4640,4330,4034,1511,2721,2854,4659,2666,2306,3601,2519,5160,3883,5780,2217,1905,5490,6195,8350,2758,7694,2418,3928,1642,1585,2761,2508,3925,5462,4067,2375,7843,3576,3287,1249,1108,1330,1980,3054,2596,1617,1677,5400,3077,2236,2198,10310,4699,5889,3438,2811,2485,3618,4614,4933,1807,5482,2604,4656,3197,2552,1934,1891,4955,2434,2773,3970,3569,5277,2255,2062,6426,3832,1719,2539,4354,5977,5126,2001,2079,2965,12065,4136,4150,2392,2895,,,,,,,,,,,,,,,,,,,,,,,,,,,,,,,,,,,,,,,,,,,,,,,,,,,,,,,,,,,,,,,,,,,,,,,,,,,,,,,,,,,,,,,,,10631,,3783,3300,5683,18539,6998,4150,4102,2474,4792,3765,5350,3954,61516,4905,5112,4859,3549,4003,4821,6092,5372,5133,5294,46855,4299,3011,4218,5768,7502,5150,3873,7731,4139,4627,2490,4483,2397,3327,3473,2593,5079,2414,7257,2910,5006,3864,3931,3084,3903,8868,4719,3821,5954,3313,5008,4872,10340,3418,4225,3627,4979,3784,2800,9571,4335,4408,3082,4248,5619,3881,3676,3453,6397,3545,4939,7275,5433,3252,4689,7202,4198,4299,4203,5179,5624,7573,4426,3598
24241945-86c5-47e9-9180-fe221e148ea5,569740f9-cc7e-416b-84f8-c75d2baa0806,2026-09-21 21:37:32,,,In progress,Desktop,en-US,24608,3829,3893,11597,,,,,,,,,,,,,,,,,,,,,,,,,,,,,,,,,,,,,,,,,,,,,,,,,,,,,,,,,,,,,,,,,,,,,,,,,,,,,,,,,,,,,,,,,,,,,,,,,,,,,,,,,,,,,,,,,,,,,,,,,,,,,,,,,,,,,,,,,,,,,,,,,,,,,,,,,,,,,,,,,,,,,,,,,,,,,,,,,,,,,,,,,,,,,,,,,,,,,,,,,,,,,,,,,,,,,,,,,,,,,,,,,,,,,,,,,,,,,,,,,,,,,,,,,,,,,,,,,,,,,,,,,,,
242e33eb-5e69-42fc-a788-52a46233c84f,4af06c8c-aaec-4fd8-ac07-e8d7ef9668a5,2026-09-21 21:37:59,,,In progress,Desktop,en-US,2779,,,,,,,,,,,,,,,,,,,,,,,,,,,,,,,,,,,,,,,,,,,,,,,,,,,,,,,,,,,,,,,,,,,,,,,,,,,,,,,,,,,,,,,,,,,,,,,,,,,,,,,,,,,,,,,,,,,,,,,,,,,,,,,,,,,,,,,,,,,,,,,,,,,,,,,,,,,,,,,,,,,,,,,,,,,,,,,,,,,,,,,,,,,,,,,,,,,,,,,,,,,,,,,,,,,,,,,,,,,,,,,,,,,,,,,,,,,,,,,,,,,,,,,,,,,,,,,,,,,,,,,,,,,,,,
429918dc-ce08-466c-908d-50d00a7d0d0a,5c5b0341-02ba-4a88-9c1f-1e49e2513f51,2026-09-21 21:40:09,,,In progress,Desktop,en-US,4259,,,,,,,,,,,,,,,,,,,,,,,,,,,,,,,,,,,,,,,,,,,,,,,,,,,,,,,,,,,,,,,,,,,,,,,,,,,,,,,,,,,,,,,,,,,,,,,,,,,,,,,,,,,,,,,,,,,,,,,,,,,,,,,,,,,,,,,,,,,,,,,,,,,,,,,,,,,,,,,,,,,,,,,,,,,,,,,,,,,,,,,,,,,,,,,,,,,,,,,,,,,,,,,,,,,,,,,,,,,,,,,,,,,,,,,,,,,,,,,,,,,,,,,,,,,,,,,,,,,,,,,,,,,,,,
d210b3fb-614b-463a-bda1-e0b7319070b0,aa71052f-cf55-471e-a71d-e1768df2ca3b,2026-09-21 21:41:01,,,In progress,Desktop,en-US,4892,,,,,,,,,,,,,,,,,,,,,,,,,,,,,,,,,,,,,,,,,,,,,,,,,,,,,,,,,,,,,,,,,,,,,,,,,,,,,,,,,,,,,,,,,,,,,,,,,,,,,,,,,,,,,,,,,,,,,,,,,,,,,,,,,,,,,,,,,,,,,,,,,,,,,,,,,,,,,,,,,,,,,,,,,,,,,,,,,,,,,,,,,,,,,,,,,,,,,,,,,,,,,,,,,,,,,,,,,,,,,,,,,,,,,,,,,,,,,,,,,,,,,,,,,,,,,,,,,,,,,,,,,,,,,,
c71e6a8c-52a9-401e-83bf-48cadffb9461,0bf1baf5-af5f-42ac-9d68-8693a475b2d3,2026-09-21 21:42:57,,,In progress,Desktop,en-US,3756,,,,,,,,,,,,,,,,,,,,,,,,,,,,,,,,,,,,,,,,,,,,,,,,,,,,,,,,,,,,,,,,,,,,,,,,,,,,,,,,,,,,,,,,,,,,,,,,,,,,,,,,,,,,,,,,,,,,,,,,,,,,,,,,,,,,,,,,,,,,,,,,,,,,,,,,,,,,,,,,,,,,,,,,,,,,,,,,,,,,,,,,,,,,,,,,,,,,,,,,,,,,,,,,,,,,,,,,,,,,,,,,,,,,,,,,,,,,,,,,,,,,,,,,,,,,,,,,,,,,,,,,,,,,,,
8e26cd12-782e-4f68-84af-4d726a907aa9,97b2ce6e-3899-4203-967c-8fd278c5f8be,2026-09-21 21:43:36,2026-09-21 22:09:28,1551,Completed,Desktop,en-US,5376,4322,6027,5888,,4394,3963,3359,3869,2877,3967,3901,2723,6113,2981,3759,2669,4841,5170,6601,9979,3193,2367,3842,7421,7172,4495,12663,5472,2551,4674,3188,3165,3230,3479,7397,3507,4185,12478,6166,7366,1588,1335,3784,2770,3794,4540,2893,3698,5196,8076,2814,4189,3441,6087,4430,6852,8524,3641,8227,4985,8866,5058,6005,2593,3425,5067,2836,3943,5520,3239,3707,4487,3794,6924,4346,4154,2573,5204,4646,4408,6130,15291,8430,5217,4519,8637,8425,5052,3692,3478,4273,4115,,,,,,,,,,,,,,,,,,,,,,,,,,,,,,,,,,,,,,,,,,,,,,,,,,,,,,,,,,,,,,,,,,,,,,,,,,,,,,,,,,,,,,,,,13067,,9367,4911,6230,9664,6076,5156,4676,9088,7374,12509,7403,5335,5878,6290,17703,5149,8034,4684,8539,10529,71549,7279,6870,8927,9270,17361,5020,4577,5602,9016,16122,7941,6215,10977,6196,6353,4705,4150,30270,6490,5051,6103,6946,6001,6773,6645,4482,5219,8720,7544,7906,56636,10376,5414,15483,8687,7530,8754,7686,8076,6239,7828,7546,7566,7663,13667,25356,5831,16085,5026,4274,5920,7377,7501,13828,7030,6829,6160,18552,5987,7203,4843,5688,5850,9174,5402,5445,11784
9ca2fcb4-064d-4bd0-bcfb-08161322e794,a2756624-9293-4fd7-a8ab-4a81b7d02cd6,2026-09-21 21:47:28,2026-09-21 22:35:59,2911,Completed,Desktop,en-US,2955,7394,9488,10773,,,,,,,,,,,,,,,,,,,,,,,,,,,,,,,,,,,,,,,,,,,,,,,,,,,,,,,,,,,,,,,,,,,,,,,,,,,,,,,,,,,,,,,,,,4114,8064,17688,6151,13312,8822,9810,1568,1183,1505,5876,5800,1204,2653,2936,1236,7874,6198,6778,8480,4946,5572,2160,3439,6540,5109,3077,4607,7547,9814,1285,4070,7989,8937,7381,7410,1625,1964,1903,3049,1600,1694,3619,3414,8960,2051,1228,2680,4138,2572,4175,4687,6958,4298,1730,1214,1206,3161,3749,3609,1158,2511,9082,5695,3831,2752,3177,6726,5822,3458,2268,4533,13008,6151,6963,1584,1289,5554,6538,3181,6959,3534,4886,5527,2742,3799,5460,1977,14651,,7453,9471,7369,10743,11127,7980,7389,7985,7155,8501,22955,5495,9523,16783,16338,13396,12286,9158,7390,11276,9074,15965,10394,10574,16696,7874,13765,6644,7210,9503,12762,8842,15815,21824,8656,27890,10227,6622,8606,9339,10330,7907,20322,12268,13458,9715,14281,16435,13411,21971,14143,10631,16983,8133,15946,15328,16080,8759,6700,21623,9635,9275,13725,7931,8426,13392,13468,12340,15616,6421,5188,7627,7731,7081,15169,9877,7923,10532,10476,14770,6505,7168,7827,29631,7382,8520,11777,9874
cd55d826-32fa-4f58-9173-cc9c22e9bd1e,23926565-2f24-448a-8cc9-9010d15ecf59,2026-09-21 21:48:52,,,In progress,Mobile,en-US,3991,4943,3537,6856,,,,,,,,,,,,,,,,,,,,,,,,,,,,,,,,,,,,,,,,,,,,,,,,,,,,,,,,,,,,,,,,,,,,,,,,,,,,,,,,,,,,,,,,,,,,,,,,,,,,,,,,,,,,,,,,,,,,,,,,,,,,,,,,,,,,,,,,,,,,,,,,,,,,,,,,,,,,,,,,,,,,,,,,,,,,,,,,,,,,,,,,,,,,,,,,,,,,,,,,,,,,,,,,,,,,,,,,,,,,,,,,,,,,,,,,,,,,,,,,,,,,,,,,,,,,,,,,,,,,,,,,,,,
08ee3a58-faef-415a-ad07-50c60f83360c,fce7ad20-676b-42b2-ad9b-e85c9b114fa3,2026-09-21 21:49:37,2026-09-21 22:03:21,824,Completed,Desktop,en-US,4313,3502,4629,9509,,4143,498,1404,862,3680,1692,6629,1622,949,1790,406,1296,1130,348,839,798,777,4993,348,606,903,1346,2638,1719,2628,1181,642,917,610,2505,526,666,2579,612,587,336,2290,655,1381,1042,920,701,2639,661,1746,575,909,1608,1639,12087,1478,1174,3513,3469,424,843,873,2412,1017,904,724,7891,1417,1210,1553,526,6107,657,900,478,982,2756,2663,3018,2838,487,1454,593,1553,969,3277,547,1653,846,548,3514,1586,1400,,,,,,,,,,,,,,,,,,,,,,,,,,,,,,,,,,,,,,,,,,,,,,,,,,,,,,,,,,,,,,,,,,,,,,,,,,,,,,,,,,,,,,,,,9028,,5186,7494,6650,10230,5026,4719,5349,4057,3553,3959,4578,3046,3370,3730,5537,3918,4802,2571,4270,3443,5142,3583,5240,4728,5638,12220,4369,4701,5143,10231,4398,2756,6449,9695,8025,3548,5217,5038,3316,6338,2375,3887,3033,8761,7337,6432,6904,5359,4954,4094,3121,5448,8498,4908,2912,2969,3672,3246,3140,4535,4935,3210,3499,4108,2396,6069,4579,2782,3282,4811,5118,5214,5540,5839,3337,5623,4127,6144,4170,5023,4670,4360,6827,6114,6151,9880,2739,3255
12082a3d-2b62-4b01-9a4a-c14c6865e502,78748b41-9633-4620-9a89-8ee114e685da,2026-09-21 21:52:25,,,In progress,Desktop,en-US,5252,,,,,,,,,,,,,,,,,,,,,,,,,,,,,,,,,,,,,,,,,,,,,,,,,,,,,,,,,,,,,,,,,,,,,,,,,,,,,,,,,,,,,,,,,,,,,,,,,,,,,,,,,,,,,,,,,,,,,,,,,,,,,,,,,,,,,,,,,,,,,,,,,,,,,,,,,,,,,,,,,,,,,,,,,,,,,,,,,,,,,,,,,,,,,,,,,,,,,,,,,,,,,,,,,,,,,,,,,,,,,,,,,,,,,,,,,,,,,,,,,,,,,,,,,,,,,,,,,,,,,,,,,,,,,,
47eb617b-f2bc-4e65-a261-ad243e76f6f8,4bd127e3-6758-4214-ac69-3dece471eba8,2026-09-21 21:52:50,,,In progress,Desktop,en-US,2780,4025,4892,13261,,,,,,,,,,,,,,,,,,,,,,,,,,,,,,,,,,,,,,,,,,,,,,,,,,,,,,,,,,,,,,,,,,,,,,,,,,,,,,,,,,,,,,,,,,3637,11586,3973,4813,4517,,4885,3159,13170,4159,5044,1650,3449,2177,8594,5267,2661,3321,,7244,5858,4074,4611,5475,5985,4491,4062,2873,3726,1161,7018,2248,1598,10788,2965,4264,2072,1579,7683,2281,2646,,3626,2991,3737,3396,3108,3439,8384,7127,5099,,16313,4898,3885,4900,5633,4025,4239,4163,2371,5935,6449,4541,2882,5862,2648,6076,2159,1544,,4232,4691,1444,4612,22078,2376,2534,5773,2810,3099,2923,4241,3652,3615,3322,3262,5989,,,,,,,,,,,,,,,,,,,,,,,,,,,,,,,,,,,,,,,,,,,,,,,,,,,,,,,,,,,,,,,,,,,,,,,,,,,,,,,,,,,,,,,,,,
ffe89015-3513-4faf-8fbd-28823357b485,bc20cc9b-788d-49db-9f4a-fd8051003aa2,2026-09-21 21:53:39,2026-09-21 22:12:44,1145,Completed,Desktop,en-US,4636,4673,5502,4128,,3124,2804,3164,8405,3056,3378,4890,2774,6984,3693,3461,2635,4372,9112,5740,8567,3048,2486,4002,11660,6413,3177,4260,3910,4704,2813,4671,3097,5204,4147,2933,4310,4882,3955,5299,3326,1747,2816,2131,2837,5093,4288,2017,3278,5357,3854,2840,17357,3046,7455,5863,6407,5631,3048,16463,3816,4386,3054,3651,3987,2562,4569,3605,3147,3669,3554,8091,9289,4428,5604,3737,3245,2679,3804,4245,5584,6452,4198,5226,6455,2481,2689,4877,3452,4255,3989,3554,4206,,,,,,,,,,,,,,,,,,,,,,,,,,,,,,,,,,,,,,,,,,,,,,,,,,,,,,,,,,,,,,,,,,,,,,,,,,,,,,,,,,,,,,,,,9854,,3751,3987,3853,10590,4241,4132,5313,4006,4115,3762,4231,3890,5490,9435,6031,10673,4006,5188,5575,5110,9615,4780,4772,10136,4278,5802,4590,6673,4104,5343,6277,5944,7647,6100,4505,4725,3193,3952,4557,3889,4334,3075,7365,5366,5602,6347,4985,4581,7165,6970,7040,5713,17857,5229,7968,5624,5817,3749,3918,4204,12865,5918,5279,4509,6666,4736,5189,9523,7486,7784,9834,3990,4455,4203,6410,6613,5539,5549,9548,4538,4334,5861,4713,4640,6844,6707,4127,4325
871089df-945d-4597-91ec-b6838e39cba4,b2d011ec-7019-4c55-9779-dfe44db45639,2026-09-21 21:54:44,2026-09-21 22:16:27,1302,Completed,Desktop,en-US,7586,4850,4547,6088,,3945,3534,4352,8082,5635,4907,2875,5861,11870,3921,3040,5238,4591,2928,4488,6063,1678,1326,2874,7655,3776,1794,5922,8087,5060,2982,5326,6618,5368,2650,5814,4085,2352,4023,4575,4353,1965,2092,3329,3736,3282,8384,1655,3361,4119,4345,2851,2043,9354,4631,4240,5932,6541,5242,3665,3647,3822,3149,2614,3271,7302,2946,10709,8665,6127,3972,2095,5094,4577,5609,2773,3570,1690,2291,2091,5224,7823,4209,2305,6818,2895,4627,2706,5284,2603,3951,1888,3910,,,,,,,,,,,,,,,,,,,,,,,,,,,,,,,,,,,,,,,,,,,,,,,,,,,,,,,,,,,,,,,,,,,,,,,,,,,,,,,,,,,,,,,,,7773,,9579,5950,6947,9097,7292,7294,9180,7029,9667,7151,14076,7884,5916,14411,8862,13143,5375,6031,9078,6622,8576,13238,9608,37977,5583,5408,7123,7777,4948,4842,6831,4273,8760,6915,6158,6040,4372,5122,8496,5554,5645,8919,6680,11538,7084,12531,4946,8931,4873,12671,9037,40084,9052,7620,10376,6340,11331,4439,5102,6539,13463,8091,5249,4796,17798,9596,8736,12640,6837,14215,4783,5802,7449,7427,13744,6086,5729,5945,5583,15631,5706,6338,5343,5962,12989,5306,5163,11204
a6f27e2c-3219-4086-bd64-78259aeb5b5b,e584089d-5eb7-4168-9153-4f834ed6b090,2026-09-21 21:54:55,,,In progress,Desktop,en-US,4231,5081,5192,19569,,,,,,,,,,,,,,,,,,,,,,,,,,,,,,,,,,,,,,,,,,,,,,,,,,,,,,,,,,,,,,,,,,,,,,,,,,,,,,,,,,,,,,,,,,1836,5828,6027,7584,4240,4444,5244,4592,21740,5023,12080,8934,7833,22997,6034,13809,3780,2772,7100,16050,6532,10117,12628,33899,5955,4536,9286,2623,8164,6745,9456,7936,13302,23293,5352,12822,2619,4744,5626,3608,9966,3693,5388,3958,12717,6816,4891,28473,4464,8340,7946,7541,14018,5019,20879,6283,20733,6019,6223,6667,5593,11196,5351,6938,11756,5933,8869,6406,25407,8640,4478,5505,25327,8434,6291,6736,5693,11541,18163,8855,5959,3150,9472,5168,7336,5985,7862,5855,17826,,,,,,13819,,,,,17628,,,,,,,11245,,,,,,,,,,,,,20901,,,39016,45692,,,,,11992,,16014,,,,,,,16221,,,,,,,71803,,,,,,,,,,,,,,,18808,,,,,,,,,,43799,,,,,,,,
7554d436-4cf6-4f9f-8338-6fc028618a8b,9f76aa58-c9ef-4329-b5bf-6bcaf390d07a,2026-09-21 21:57:45,,,In progress,Mobile,en-US,4220,,,,,,,,,,,,,,,,,,,,,,,,,,,,,,,,,,,,,,,,,,,,,,,,,,,,,,,,,,,,,,,,,,,,,,,,,,,,,,,,,,,,,,,,,,,,,,,,,,,,,,,,,,,,,,,,,,,,,,,,,,,,,,,,,,,,,,,,,,,,,,,,,,,,,,,,,,,,,,,,,,,,,,,,,,,,,,,,,,,,,,,,,,,,,,,,,,,,,,,,,,,,,,,,,,,,,,,,,,,,,,,,,,,,,,,,,,,,,,,,,,,,,,,,,,,,,,,,,,,,,,,,,,,,,,
9dce3dda-cd3d-48ed-8dc9-8ed6f6c78e72,165edcc7-6d46-4773-9ca3-82841e8c1515,2026-09-21 21:57:57,,,In progress,Desktop,en-US,3459,,,,,,,,,,,,,,,,,,,,,,,,,,,,,,,,,,,,,,,,,,,,,,,,,,,,,,,,,,,,,,,,,,,,,,,,,,,,,,,,,,,,,,,,,,,,,,,,,,,,,,,,,,,,,,,,,,,,,,,,,,,,,,,,,,,,,,,,,,,,,,,,,,,,,,,,,,,,,,,,,,,,,,,,,,,,,,,,,,,,,,,,,,,,,,,,,,,,,,,,,,,,,,,,,,,,,,,,,,,,,,,,,,,,,,,,,,,,,,,,,,,,,,,,,,,,,,,,,,,,,,,,,,,,,,
492acebe-75ea-4800-93d8-d89e79070c38,79b2ffc7-df5d-4d6f-a8b3-4102958e1341,2026-09-21 21:59:51,2026-09-21 22:21:32,1301,Completed,Desktop,en-US,4961,3110,10865,9439,,3743,1261,2633,5204,4054,3223,1856,3051,5464,2254,1694,2841,1949,5307,6655,6553,2987,1525,8863,14948,4027,1927,10061,4989,1690,2490,2595,3159,2803,8239,2565,4809,6317,9972,9680,2118,1074,1911,2055,1360,4374,2265,3383,1913,7598,3581,4841,4060,2429,4354,6661,5996,15748,2895,11452,1590,5454,1657,4824,10296,6669,7380,5817,4029,3930,2196,4663,7228,3136,7005,4348,4559,2027,3666,2647,19074,3518,2462,3897,4341,1253,4660,8510,3223,2986,2228,3986,6348,,,,,,,,,,,,,,,,,,,,,,,,,,,,,,,,,,,,,,,,,,,,,,,,,,,,,,,,,,,,,,,,,,,,,,,,,,,,,,,,,,,,,,,,,35440,,4028,3023,3967,8955,4175,3158,3748,3907,4326,2943,7252,3860,4975,8345,9710,6622,4157,8679,6149,14430,5251,4701,4120,15805,3266,5391,4271,5553,6856,10230,9242,6976,10211,7530,19726,6752,5099,5012,3694,3024,13408,5055,8348,5141,5689,3905,4704,6940,11439,7640,6823,7221,10277,4051,10553,6519,7207,2532,5159,7535,6946,5420,7089,4373,9950,8742,9690,7790,5933,4077,8199,3402,4299,4891,11026,7775,4185,5130,7939,4644,3625,8098,4826,4622,6537,3594,9977,5316
0795c48f-b27b-4f08-b42c-359cb32ab773,2ece20ce-3e32-4ec1-8cc5-8a0b38a03fa6,2026-09-21 22:04:12,2026-09-21 22:24:15,1203,Completed,Desktop,en-US,3244,3505,5292,3704,,,,,,,,,,,,,,,,,,,,,,,,,,,,,,,,,,,,,,,,,,,,,,,,,,,,,,,,,,,,,,,,,,,,,,,,,,,,,,,,,,,,,,,,,,3090,3307,3538,5364,6466,8576,3267,3609,3469,3289,4789,2828,14421,5240,5025,11553,2788,2769,5711,8700,6255,4633,6791,2721,2160,2896,3304,2429,4067,3641,3628,5495,2608,10101,4900,9858,1736,1598,6008,3477,2863,2169,4294,2782,4842,3631,11252,2971,3029,6606,9743,5153,7880,3722,6358,4061,4502,4465,4253,6668,6108,7474,5504,4180,3866,3158,4346,4508,5536,6409,2453,6149,4572,4772,4735,4030,4539,4390,5575,3610,4925,3906,4564,19527,11963,3335,2738,4686,9248,,4871,3828,5105,10498,5950,5808,6951,4273,5320,4553,8154,4496,4298,6944,7370,10555,4724,5604,10510,17906,8537,10258,6189,10450,8628,6337,5033,11092,5300,6031,4626,6955,7336,6594,5672,5269,4951,3239,5625,4167,4784,5988,4701,7738,5348,4450,4154,5375,11528,10429,6673,5668,16806,6043,9372,4873,7017,6189,7194,4698,6279,7337,4151,5439,5873,5318,7044,5758,5220,5391,4752,5567,5258,7043,11364,4992,6074,4465,7923,6022,3225,4235,8544,5303,6035,5489,4561,6972
354307f5-1cf0-40a2-8cbc-03ca5163a0f8,74f569ef-25f5-4489-9eb3-27e026984764,2026-09-21 22:07:59,,,In progress,Desktop,en-US,7495,,,,,,,,,,,,,,,,,,,,,,,,,,,,,,,,,,,,,,,,,,,,,,,,,,,,,,,,,,,,,,,,,,,,,,,,,,,,,,,,,,,,,,,,,,,,,,,,,,,,,,,,,,,,,,,,,,,,,,,,,,,,,,,,,,,,,,,,,,,,,,,,,,,,,,,,,,,,,,,,,,,,,,,,,,,,,,,,,,,,,,,,,,,,,,,,,,,,,,,,,,,,,,,,,,,,,,,,,,,,,,,,,,,,,,,,,,,,,,,,,,,,,,,,,,,,,,,,,,,,,,,,,,,,,,
3b449e2f-0521-47df-b572-5ff71df76767,11b4c706-0d39-4b16-a2bf-afd836e2fbd9,2026-09-21 22:08:22,2026-09-21 22:40:39,1936,Completed,Desktop,en-US,8106,5218,7003,6317,,3513,3365,6107,20961,4483,2903,5385,4806,7344,5484,9438,7100,7598,13085,12340,9556,8086,6365,4205,16949,7520,7432,13650,11667,5629,5509,2664,4971,8330,14303,5748,8505,6735,4247,7058,6395,2547,2825,8431,3829,2823,5405,5616,9548,9817,4334,5076,8115,10777,9947,12125,8259,14422,4299,11543,8483,6653,4324,6763,3833,7979,5626,4007,12395,4950,11669,8913,18858,6291,12851,7967,7964,4527,5813,7431,13069,7281,8712,33608,7873,5876,4323,9003,3510,6971,6773,6364,3942,,,,,,,,,,,,,,,,,,,,,,,,,,,,,,,,,,,,,,,,,,,,,,,,,,,,,,,,,,,,,,,,,,,,,,,,,,,,,,,,,,,,,,,,,30682,62605,6422,7672,6814,11387,8338,6302,9760,6037,10099,6518,12625,6010,10401,19870,19637,18125,6641,7477,6259,13666,14209,13761,9222,13145,9559,6621,5887,11446,15992,5790,14011,10491,16942,18528,7316,7575,4811,5158,6399,5810,10045,6805,11010,7362,8666,8880,6089,9018,7178,8260,27077,13453,20171,7327,14749,11573,12348,6500,6584,13335,12518,8839,7558,6668,8361,14442,11824,11947,17388,8013,7015,5244,7071,6670,11590,15987,13507,6471,11082,12315,6706,11149,7232,8008,8387,9196,7128,10902
dab1c8ae-5832-4482-933c-3c306ee624a3,81239d8b-e412-4cb4-a796-664e57034601,2026-09-21 22:09:04,,,In progress,Desktop,en-US,4104,,,,,,,,,,,,,,,,,,,,,,,,,,,,,,,,,,,,,,,,,,,,,,,,,,,,,,,,,,,,,,,,,,,,,,,,,,,,,,,,,,,,,,,,,,,,,,,,,,,,,,,,,,,,,,,,,,,,,,,,,,,,,,,,,,,,,,,,,,,,,,,,,,,,,,,,,,,,,,,,,,,,,,,,,,,,,,,,,,,,,,,,,,,,,,,,,,,,,,,,,,,,,,,,,,,,,,,,,,,,,,,,,,,,,,,,,,,,,,,,,,,,,,,,,,,,,,,,,,,,,,,,,,,,,,
e91c9a87-06ee-43f9-8d43-eaa76ce91c94,5ba27f11-d691-4f5c-915d-fd2db07f4b89,2026-09-21 22:10:52,,,In progress,Desktop,en-US,2788,,,,,,,,,,,,,,,,,,,,,,,,,,,,,,,,,,,,,,,,,,,,,,,,,,,,,,,,,,,,,,,,,,,,,,,,,,,,,,,,,,,,,,,,,,,,,,,,,,,,,,,,,,,,,,,,,,,,,,,,,,,,,,,,,,,,,,,,,,,,,,,,,,,,,,,,,,,,,,,,,,,,,,,,,,,,,,,,,,,,,,,,,,,,,,,,,,,,,,,,,,,,,,,,,,,,,,,,,,,,,,,,,,,,,,,,,,,,,,,,,,,,,,,,,,,,,,,,,,,,,,,,,,,,,,
81760ae4-7191-432b-a59c-9d3689e7422d,da6da4b2-1fe7-48ed-be94-5ed925ed7a4f,2026-09-21 22:12:40,,,In progress,Desktop,en-US,2833,,,,,,,,,,,,,,,,,,,,,,,,,,,,,,,,,,,,,,,,,,,,,,,,,,,,,,,,,,,,,,,,,,,,,,,,,,,,,,,,,,,,,,,,,,,,,,,,,,,,,,,,,,,,,,,,,,,,,,,,,,,,,,,,,,,,,,,,,,,,,,,,,,,,,,,,,,,,,,,,,,,,,,,,,,,,,,,,,,,,,,,,,,,,,,,,,,,,,,,,,,,,,,,,,,,,,,,,,,,,,,,,,,,,,,,,,,,,,,,,,,,,,,,,,,,,,,,,,,,,,,,,,,,,,,
dfac4f64-85b7-459f-897c-7bfcc42fcb73,ce9494d0-8125-4abe-bdb4-a2aac682e5b2,2026-09-21 22:13:54,,,In progress,Desktop,en-US,2734,,,,,,,,,,,,,,,,,,,,,,,,,,,,,,,,,,,,,,,,,,,,,,,,,,,,,,,,,,,,,,,,,,,,,,,,,,,,,,,,,,,,,,,,,,,,,,,,,,,,,,,,,,,,,,,,,,,,,,,,,,,,,,,,,,,,,,,,,,,,,,,,,,,,,,,,,,,,,,,,,,,,,,,,,,,,,,,,,,,,,,,,,,,,,,,,,,,,,,,,,,,,,,,,,,,,,,,,,,,,,,,,,,,,,,,,,,,,,,,,,,,,,,,,,,,,,,,,,,,,,,,,,,,,,,
f2141081-9b19-4d17-8c56-2190a117a110,a729d357-111e-4861-a20e-83e2988188dc,2026-09-21 22:16:28,,,In progress,Desktop,en-US,7708,,,,,,,,,,,,,,,,,,,,,,,,,,,,,,,,,,,,,,,,,,,,,,,,,,,,,,,,,,,,,,,,,,,,,,,,,,,,,,,,,,,,,,,,,,,,,,,,,,,,,,,,,,,,,,,,,,,,,,,,,,,,,,,,,,,,,,,,,,,,,,,,,,,,,,,,,,,,,,,,,,,,,,,,,,,,,,,,,,,,,,,,,,,,,,,,,,,,,,,,,,,,,,,,,,,,,,,,,,,,,,,,,,,,,,,,,,,,,,,,,,,,,,,,,,,,,,,,,,,,,,,,,,,,,,
64c8c312-f08c-484f-9b1b-e51ac211f703,f66ecdb9-a66e-4860-a498-f267bbfe44e4,2026-09-21 22:17:11,,,In progress,Desktop,en-US,4786,,,,,,,,,,,,,,,,,,,,,,,,,,,,,,,,,,,,,,,,,,,,,,,,,,,,,,,,,,,,,,,,,,,,,,,,,,,,,,,,,,,,,,,,,,,,,,,,,,,,,,,,,,,,,,,,,,,,,,,,,,,,,,,,,,,,,,,,,,,,,,,,,,,,,,,,,,,,,,,,,,,,,,,,,,,,,,,,,,,,,,,,,,,,,,,,,,,,,,,,,,,,,,,,,,,,,,,,,,,,,,,,,,,,,,,,,,,,,,,,,,,,,,,,,,,,,,,,,,,,,,,,,,,,,,
65fa2469-1ea4-4f42-bd2a-2f5068deb1b2,5617495c-402a-4126-bfed-cbbc38f747c8,2026-09-21 22:20:23,2026-09-21 22:43:51,1407,Completed,Desktop,en-US,3244,8337,4191,7456,5872,,,,,,,,,,,,,,,,,,,,,,,,,,,,,,,,,,,,,,,,,,,,,,,,,,,,,,,,,,,,,,,,,,,,,,,,,,,,,,,,,,,,,,,,,1895,1522,2011,5622,1982,3266,4556,3669,3789,2049,2885,3850,3601,3763,6690,8185,3401,7691,3650,10075,4833,2781,5518,10881,3838,2413,2149,2520,7169,3757,3750,4082,4106,5138,3013,3780,2359,2345,3609,3032,5594,4164,3191,4816,3864,3906,2986,3771,4197,6839,4235,3759,5671,3937,8044,2440,3519,5505,4273,3968,3420,3488,3419,3010,3975,12256,5631,3953,4982,4222,2396,2958,3240,2729,7504,3496,3733,4149,4186,6599,2881,3390,5743,3204,3472,4028,3736,3368,11608,,5471,5069,6646,7899,6258,5763,5177,5203,4841,6232,7045,4313,7483,6355,7172,9336,5180,7348,6492,8108,6300,5944,5301,6011,5247,4469,4919,5635,5987,6399,7324,5257,13452,7025,8096,5465,6180,5593,5340,5384,5934,4151,5609,5113,6182,6300,5963,5660,10246,6076,7657,6402,6360,6015,9266,5512,7456,4661,5045,5822,11277,8603,6339,5909,7100,10898,5196,6133,9123,6949,6476,7957,7191,6861,6007,9067,7965,6620,6280,5372,5716,8022,6541,6210,5305,5587,10442,8294
792589bc-76dc-4290-b7d1-d6973160952a,0dd62b34-d193-4827-a0ad-04ded3202b9e,2026-09-21 22:24:34,,,In progress,Desktop,en-US,2525,,,,,,,,,,,,,,,,,,,,,,,,,,,,,,,,,,,,,,,,,,,,,,,,,,,,,,,,,,,,,,,,,,,,,,,,,,,,,,,,,,,,,,,,,,,,,,,,,,,,,,,,,,,,,,,,,,,,,,,,,,,,,,,,,,,,,,,,,,,,,,,,,,,,,,,,,,,,,,,,,,,,,,,,,,,,,,,,,,,,,,,,,,,,,,,,,,,,,,,,,,,,,,,,,,,,,,,,,,,,,,,,,,,,,,,,,,,,,,,,,,,,,,,,,,,,,,,,,,,,,,,,,,,,,,
38d7e822-cd9c-4f70-8e11-8bd3bd696ec4,be97eaf5-8104-4b0c-b829-c2b304747769,2026-09-21 22:24:46,,,In progress,Desktop,en-US,4617,,,,,,,,,,,,,,,,,,,,,,,,,,,,,,,,,,,,,,,,,,,,,,,,,,,,,,,,,,,,,,,,,,,,,,,,,,,,,,,,,,,,,,,,,,,,,,,,,,,,,,,,,,,,,,,,,,,,,,,,,,,,,,,,,,,,,,,,,,,,,,,,,,,,,,,,,,,,,,,,,,,,,,,,,,,,,,,,,,,,,,,,,,,,,,,,,,,,,,,,,,,,,,,,,,,,,,,,,,,,,,,,,,,,,,,,,,,,,,,,,,,,,,,,,,,,,,,,,,,,,,,,,,,,,,
c0d0d815-921e-4157-94a3-cfc9c4f42aa4,32a147c8-df6e-48d7-a46f-a9fa291de1b1,2026-09-21 22:24:51,2026-09-21 22:59:52,2100,Completed,Desktop,en-US,9112,3005,3383,15870,,,,,,,,,,,,,,,,,,,,,,,,,,,,,,,,,,,,,,,,,,,,,,,,,,,,,,,,,,,,,,,,,,,,,,,,,,,,,,,,,,,,,,,,,,9333,7192,3642,5310,5128,3366,4019,4223,7729,6980,5960,3782,6908,8215,10028,8113,8847,5981,8398,9565,5612,10059,4440,13061,3502,3335,3377,2936,7257,6597,12007,9088,5508,6669,3859,12762,2609,1638,5457,4377,3344,2170,4910,4934,9767,6560,5866,2787,7932,3665,3907,8177,9175,4750,6259,6694,7094,2849,5378,4014,10056,9542,6970,30485,6206,8234,8006,11060,9482,7886,3087,3520,8076,18330,12236,6139,6639,6397,6253,5699,3479,8424,3871,5287,11271,4100,6486,7897,14894,,14305,16734,29435,5961,10191,6002,10682,11195,6001,6836,6913,30687,26556,10347,11823,54473,6722,4976,17455,34826,9175,11263,25574,9526,15103,7943,8098,5298,12176,8551,5533,15579,7111,12356,8665,12323,64898,5795,6687,49377,8038,15432,8784,19718,9608,7492,10365,6153,7780,5337,16770,5628,9174,21807,16182,17947,7507,11362,17297,6380,54808,19825,19040,9994,10043,6477,34808,12918,12710,6038,16445,14017,12059,6586,8894,7376,11060,8442,13761,6566,4846,7934,26607,10476,11803,13725,5083,40518
32e08e63-977d-4102-a1c6-e924b4ce22f1,a4d2cbc8-c449-4e74-a515-2edd602852a7,2026-09-21 22:26:43,,,In progress,Desktop,en-US,3427,4254,5594,7545,,,,,,,,,,,,,,,,,,,,,,,,,,,,,,,,,,,,,,,,,,,,,,,,,,,,,,,,,,,,,,,,,,,,,,,,,,,,,,,,,,,,,,,,,,,,,,,,,,,,,,,,,,,,,,,,,,,,,,,,,,,,,,,,,,,,,,,,,,,,,,,,,,,,,,,,,,,,,,,,,,,,,,,,,,,,,,,,,,,,,,,,,,,,,,,,,,,,,,,,,,,,,,,,,,,,,,,,,,,,,,,,,,,,,,,,,,,,,,,,,,,,,,,,,,,,,,,,,,,,,,,,,,,
23e54ec0-df99-442a-b1e9-7665bcae0177,283cc5f3-88ce-40b4-b881-a699ab5e72ef,2026-09-21 22:31:01,2026-09-21 22:51:55,1254,Completed,Desktop,en-US,3955,4888,5487,7104,,2388,1803,2514,3175,2356,2169,8928,2639,3828,3253,5240,4683,4520,4677,6052,6478,1826,2127,6397,3739,4596,3923,10174,3400,3083,4638,2218,4583,3633,3731,7100,6860,2768,3313,2776,3001,2222,1899,3307,2909,4367,2860,1631,5592,6342,3683,3930,3817,6027,2755,4093,4046,3613,3461,5193,2150,4646,2676,3587,9037,3225,2413,4211,3062,6488,2937,3825,5456,3048,2839,1465,6115,3028,5421,4207,4902,3933,3204,3209,3929,1595,4632,4388,3869,6361,4284,3992,3957,,,,,,,,,,,,,,,,,,,,,,,,,,,,,,,,,,,,,,,,,,,,,,,,,,,,,,,,,,,,,,,,,,,,,,,,,,,,,,,,,,,,,,,,,9313,,7392,5075,5085,12023,5972,4655,5905,5084,8297,6760,9476,5922,19049,13011,8055,8961,8878,8264,5696,6852,9521,8044,6338,8532,8136,11650,13704,7223,7071,4947,7097,6738,5577,6310,5469,6846,4871,4633,6991,5059,10552,9246,5044,8106,10684,5797,5325,6092,8962,6649,6318,6236,11388,6404,17160,12169,10059,5660,7177,5352,10666,8770,5630,7563,8577,9189,9157,6840,11669,6154,9824,5886,8212,6862,5891,13811,9248,8204,6267,6809,5269,9742,6074,5036,8626,6097,9301,6149
a04820fe-0147-428d-991a-73a20f3ae295,836dac8a-e8cb-43d6-8329-56c04a8a6ce7,2026-09-21 22:32:48,,,In progress,Desktop,en-US,3076,,,,,,,,,,,,,,,,,,,,,,,,,,,,,,,,,,,,,,,,,,,,,,,,,,,,,,,,,,,,,,,,,,,,,,,,,,,,,,,,,,,,,,,,,,,,,,,,,,,,,,,,,,,,,,,,,,,,,,,,,,,,,,,,,,,,,,,,,,,,,,,,,,,,,,,,,,,,,,,,,,,,,,,,,,,,,,,,,,,,,,,,,,,,,,,,,,,,,,,,,,,,,,,,,,,,,,,,,,,,,,,,,,,,,,,,,,,,,,,,,,,,,,,,,,,,,,,,,,,,,,,,,,,,,,
07eb41ce-d02c-497f-8017-4d5367704fe3,2cd81e0e-a91f-4880-b732-06c14ceb37fa,2026-09-21 22:33:49,,,In progress,Desktop,en-US,4331,,,,,,,,,,,,,,,,,,,,,,,,,,,,,,,,,,,,,,,,,,,,,,,,,,,,,,,,,,,,,,,,,,,,,,,,,,,,,,,,,,,,,,,,,,,,,,,,,,,,,,,,,,,,,,,,,,,,,,,,,,,,,,,,,,,,,,,,,,,,,,,,,,,,,,,,,,,,,,,,,,,,,,,,,,,,,,,,,,,,,,,,,,,,,,,,,,,,,,,,,,,,,,,,,,,,,,,,,,,,,,,,,,,,,,,,,,,,,,,,,,,,,,,,,,,,,,,,,,,,,,,,,,,,,,
df0efb4d-7df1-41f4-862b-72d1b3f99bc0,d3825b73-0906-435e-aeef-7ff97bad17ef,2026-09-21 22:36:59,2026-09-21 23:15:20,2301,Completed,Desktop,en-US,7186,5278,8230,11647,,,,,,,,,,,,,,,,,,,,,,,,,,,,,,,,,,,,,,,,,,,,,,,,,,,,,,,,,,,,,,,,,,,,,,,,,,,,,,,,,,,,,,,,,,6651,31749,3375,7133,14635,3715,8589,6697,4013,3777,6711,11240,4439,5595,8986,10387,6680,4396,12998,10197,12349,13538,5832,17108,3139,6456,8587,8081,7126,1948,4054,5322,4913,12413,5508,8676,3448,3867,10041,10499,4665,12830,8226,2754,5013,7291,8023,12549,15271,12968,8345,12954,18573,5323,10423,11884,8660,10660,12863,7943,20598,6468,9127,6725,3463,7611,2780,9530,24276,4559,8441,6300,19740,15500,6485,11293,8125,8053,3546,5129,3194,6977,13527,5960,14824,10607,6683,10592,24169,,6795,5769,3915,11957,8830,4343,6626,9907,7588,7238,4807,6418,5065,15222,11508,7122,5094,9448,8350,11768,17131,13681,7100,17512,9599,10292,5173,5715,8058,4069,6441,9813,8513,16395,9220,14864,19632,14483,6809,7878,7004,5153,11566,7221,6511,5249,10366,10493,10256,10614,7350,10119,7182,11907,8102,12880,4005,8724,6429,7580,7277,10700,4853,6735,9696,6272,10340,11088,7992,6194,8460,6430,5336,8628,17555,9378,8528,15130,8602,8262,9911,7706,11208,5522,24572,14044,7382,4389
0ec8c9fd-e593-4b86-8342-4fb990105fc0,beaea9aa-6ffe-4e2a-aae9-4934c9898778,2026-09-21 22:39:19,,,In progress,Desktop,en-US,7317,,,,,,,,,,,,,,,,,,,,,,,,,,,,,,,,,,,,,,,,,,,,,,,,,,,,,,,,,,,,,,,,,,,,,,,,,,,,,,,,,,,,,,,,,,,,,,,,,,,,,,,,,,,,,,,,,,,,,,,,,,,,,,,,,,,,,,,,,,,,,,,,,,,,,,,,,,,,,,,,,,,,,,,,,,,,,,,,,,,,,,,,,,,,,,,,,,,,,,,,,,,,,,,,,,,,,,,,,,,,,,,,,,,,,,,,,,,,,,,,,,,,,,,,,,,,,,,,,,,,,,,,,,,,,,
023bb0af-5303-4e14-b69a-d0f5a2904b7b,4792e229-1738-47bb-b59f-5fa614dab853,2026-09-21 22:39:52,,,In progress,Desktop,en-US,5200,,,,,,,,,,,,,,,,,,,,,,,,,,,,,,,,,,,,,,,,,,,,,,,,,,,,,,,,,,,,,,,,,,,,,,,,,,,,,,,,,,,,,,,,,,,,,,,,,,,,,,,,,,,,,,,,,,,,,,,,,,,,,,,,,,,,,,,,,,,,,,,,,,,,,,,,,,,,,,,,,,,,,,,,,,,,,,,,,,,,,,,,,,,,,,,,,,,,,,,,,,,,,,,,,,,,,,,,,,,,,,,,,,,,,,,,,,,,,,,,,,,,,,,,,,,,,,,,,,,,,,,,,,,,,,
78e488e2-7355-449d-833a-5a81d24787cb,28caa706-bc2e-4f43-8ab2-566a76705318,2026-09-21 22:46:04,,,In progress,Desktop,en-US,5620,,,,,,,,,,,,,,,,,,,,,,,,,,,,,,,,,,,,,,,,,,,,,,,,,,,,,,,,,,,,,,,,,,,,,,,,,,,,,,,,,,,,,,,,,,,,,,,,,,,,,,,,,,,,,,,,,,,,,,,,,,,,,,,,,,,,,,,,,,,,,,,,,,,,,,,,,,,,,,,,,,,,,,,,,,,,,,,,,,,,,,,,,,,,,,,,,,,,,,,,,,,,,,,,,,,,,,,,,,,,,,,,,,,,,,,,,,,,,,,,,,,,,,,,,,,,,,,,,,,,,,,,,,,,,,
03710655-d2a6-41dd-9e56-3b39ac70068d,969686e3-5ee2-4952-a03f-c263d036b2f4,2026-09-21 22:47:05,,,In progress,Mobile,en-US,4537,,,,,,,,,,,,,,,,,,,,,,,,,,,,,,,,,,,,,,,,,,,,,,,,,,,,,,,,,,,,,,,,,,,,,,,,,,,,,,,,,,,,,,,,,,,,,,,,,,,,,,,,,,,,,,,,,,,,,,,,,,,,,,,,,,,,,,,,,,,,,,,,,,,,,,,,,,,,,,,,,,,,,,,,,,,,,,,,,,,,,,,,,,,,,,,,,,,,,,,,,,,,,,,,,,,,,,,,,,,,,,,,,,,,,,,,,,,,,,,,,,,,,,,,,,,,,,,,,,,,,,,,,,,,,,
48e7793b-c920-4726-8f70-8a9f683b0897,3028a882-8383-4b07-a14e-3f84137fed4b,2026-09-21 22:50:29,,,In progress,Desktop,en-US,6887,,,,,,,,,,,,,,,,,,,,,,,,,,,,,,,,,,,,,,,,,,,,,,,,,,,,,,,,,,,,,,,,,,,,,,,,,,,,,,,,,,,,,,,,,,,,,,,,,,,,,,,,,,,,,,,,,,,,,,,,,,,,,,,,,,,,,,,,,,,,,,,,,,,,,,,,,,,,,,,,,,,,,,,,,,,,,,,,,,,,,,,,,,,,,,,,,,,,,,,,,,,,,,,,,,,,,,,,,,,,,,,,,,,,,,,,,,,,,,,,,,,,,,,,,,,,,,,,,,,,,,,,,,,,,,
78a772d7-63af-46cf-85ce-d5cb610b78e2,701ffb88-5e83-407c-b4f3-eba90c387568,2026-09-21 22:50:47,,,In progress,Desktop,en-US,12424,,,,,,,,,,,,,,,,,,,,,,,,,,,,,,,,,,,,,,,,,,,,,,,,,,,,,,,,,,,,,,,,,,,,,,,,,,,,,,,,,,,,,,,,,,,,,,,,,,,,,,,,,,,,,,,,,,,,,,,,,,,,,,,,,,,,,,,,,,,,,,,,,,,,,,,,,,,,,,,,,,,,,,,,,,,,,,,,,,,,,,,,,,,,,,,,,,,,,,,,,,,,,,,,,,,,,,,,,,,,,,,,,,,,,,,,,,,,,,,,,,,,,,,,,,,,,,,,,,,,,,,,,,,,,,
6adc58a1-0562-47be-aaf2-22703b44f777,881a0342-cbbd-4db0-b4dd-e4b0bb5c78a0,2026-09-21 23:00:12,,,In progress,Desktop,en-US,10580,,,,,,,,,,,,,,,,,,,,,,,,,,,,,,,,,,,,,,,,,,,,,,,,,,,,,,,,,,,,,,,,,,,,,,,,,,,,,,,,,,,,,,,,,,,,,,,,,,,,,,,,,,,,,,,,,,,,,,,,,,,,,,,,,,,,,,,,,,,,,,,,,,,,,,,,,,,,,,,,,,,,,,,,,,,,,,,,,,,,,,,,,,,,,,,,,,,,,,,,,,,,,,,,,,,,,,,,,,,,,,,,,,,,,,,,,,,,,,,,,,,,,,,,,,,,,,,,,,,,,,,,,,,,,,
176991f8-7529-4665-a5ba-6f15eac25936,4d227bf8-2d7a-44fd-80f7-829ff81a488b,2026-09-21 23:01:22,,,In progress,Desktop,en-US,2927,,,,,,,,,,,,,,,,,,,,,,,,,,,,,,,,,,,,,,,,,,,,,,,,,,,,,,,,,,,,,,,,,,,,,,,,,,,,,,,,,,,,,,,,,,,,,,,,,,,,,,,,,,,,,,,,,,,,,,,,,,,,,,,,,,,,,,,,,,,,,,,,,,,,,,,,,,,,,,,,,,,,,,,,,,,,,,,,,,,,,,,,,,,,,,,,,,,,,,,,,,,,,,,,,,,,,,,,,,,,,,,,,,,,,,,,,,,,,,,,,,,,,,,,,,,,,,,,,,,,,,,,,,,,,,
4c1a92da-8a57-4dd6-ab3b-1e669487a8b4,03765d69-3a09-40bb-b5be-87cf80ea3933,2026-09-21 23:01:39,,,In progress,Desktop,en-US,6474,,,,,,,,,,,,,,,,,,,,,,,,,,,,,,,,,,,,,,,,,,,,,,,,,,,,,,,,,,,,,,,,,,,,,,,,,,,,,,,,,,,,,,,,,,,,,,,,,,,,,,,,,,,,,,,,,,,,,,,,,,,,,,,,,,,,,,,,,,,,,,,,,,,,,,,,,,,,,,,,,,,,,,,,,,,,,,,,,,,,,,,,,,,,,,,,,,,,,,,,,,,,,,,,,,,,,,,,,,,,,,,,,,,,,,,,,,,,,,,,,,,,,,,,,,,,,,,,,,,,,,,,,,,,,,
ea10dea3-7822-432c-9e67-d3dc9dfa2145,6df580ed-9d50-4d54-8dd9-1a59a96cbcdb,2026-09-21 23:02:38,,,In progress,Mobile,en-US,13618,,,,,,,,,,,,,,,,,,,,,,,,,,,,,,,,,,,,,,,,,,,,,,,,,,,,,,,,,,,,,,,,,,,,,,,,,,,,,,,,,,,,,,,,,,,,,,,,,,,,,,,,,,,,,,,,,,,,,,,,,,,,,,,,,,,,,,,,,,,,,,,,,,,,,,,,,,,,,,,,,,,,,,,,,,,,,,,,,,,,,,,,,,,,,,,,,,,,,,,,,,,,,,,,,,,,,,,,,,,,,,,,,,,,,,,,,,,,,,,,,,,,,,,,,,,,,,,,,,,,,,,,,,,,,,
c16a1948-f5b0-4160-96c5-4fcba3f0f136,76eafc22-1fa1-4d25-9721-1d35c84f6a0a,2026-09-21 23:04:43,,,In progress,Desktop,en-US,4927,,,,,,,,,,,,,,,,,,,,,,,,,,,,,,,,,,,,,,,,,,,,,,,,,,,,,,,,,,,,,,,,,,,,,,,,,,,,,,,,,,,,,,,,,,,,,,,,,,,,,,,,,,,,,,,,,,,,,,,,,,,,,,,,,,,,,,,,,,,,,,,,,,,,,,,,,,,,,,,,,,,,,,,,,,,,,,,,,,,,,,,,,,,,,,,,,,,,,,,,,,,,,,,,,,,,,,,,,,,,,,,,,,,,,,,,,,,,,,,,,,,,,,,,,,,,,,,,,,,,,,,,,,,,,,
63b90504-9dfa-4087-8a84-ae8d6563ba01,b5454ba9-0245-4535-90ce-af0281ac4b8d,2026-09-21 23:05:25,2026-09-21 23:21:05,939,Completed,Desktop,en-US,17355,2736,4544,6001,,,,,,,,,,,,,,,,,,,,,,,,,,,,,,,,,,,,,,,,,,,,,,,,,,,,,,,,,,,,,,,,,,,,,,,,,,,,,,,,,,,,,,,,,,1989,942,5287,1494,6597,940,1695,1309,8292,2303,2387,1334,676,1071,2301,1288,2055,1763,2003,3950,4076,2177,1100,584,1077,1368,2592,1829,2275,2921,2121,781,1218,850,1070,2680,887,877,1165,1003,1422,1400,4419,969,3799,2199,1692,1403,1096,1309,2523,4774,796,1616,1542,1172,2267,1346,1855,1147,670,1059,1338,1389,1874,1370,3430,5648,2411,1188,1559,2350,1748,2026,1607,1613,3232,4497,1779,2285,9469,1348,1501,1291,6390,4891,3883,2569,5536,,4722,3879,4821,10437,6103,9751,4600,5278,6512,4385,4071,7863,6154,6954,6573,6379,4514,4318,7193,8169,6013,5249,6324,5078,4669,4457,6181,4815,4144,7500,4706,6791,5668,4403,5696,4860,4685,5860,3285,4395,4190,3723,4456,3831,7597,4738,4380,5799,10187,5224,5954,6144,7781,6584,19053,6625,5367,4152,4007,4320,8698,6403,5091,5141,5755,12635,7523,4709,5886,5555,4546,7048,5404,13149,4428,13156,4898,4863,4775,7620,5023,4516,15257,7577,6070,5466,4801,7036
dd158ac8-a12a-44a4-ba60-90b6ac526506,47cb5b26-e71d-40a8-8f78-1eab21befbde,2026-09-21 23:05:38,,,In progress,Desktop,en-US,11902,,,,,,,,,,,,,,,,,,,,,,,,,,,,,,,,,,,,,,,,,,,,,,,,,,,,,,,,,,,,,,,,,,,,,,,,,,,,,,,,,,,,,,,,,,,,,,,,,,,,,,,,,,,,,,,,,,,,,,,,,,,,,,,,,,,,,,,,,,,,,,,,,,,,,,,,,,,,,,,,,,,,,,,,,,,,,,,,,,,,,,,,,,,,,,,,,,,,,,,,,,,,,,,,,,,,,,,,,,,,,,,,,,,,,,,,,,,,,,,,,,,,,,,,,,,,,,,,,,,,,,,,,,,,,,
ca453054-dd50-4250-8ade-9ad2ac3c131f,3aee2e7f-71bb-4b62-908d-14124ab6c4fa,2026-09-21 23:07:51,,,In progress,Desktop,en-US,6478,,,,,,,,,,,,,,,,,,,,,,,,,,,,,,,,,,,,,,,,,,,,,,,,,,,,,,,,,,,,,,,,,,,,,,,,,,,,,,,,,,,,,,,,,,,,,,,,,,,,,,,,,,,,,,,,,,,,,,,,,,,,,,,,,,,,,,,,,,,,,,,,,,,,,,,,,,,,,,,,,,,,,,,,,,,,,,,,,,,,,,,,,,,,,,,,,,,,,,,,,,,,,,,,,,,,,,,,,,,,,,,,,,,,,,,,,,,,,,,,,,,,,,,,,,,,,,,,,,,,,,,,,,,,,,
23328849-a156-45b0-805b-67d8215e1cd3,b5f7dbb2-d4c0-44a6-bda2-d4be795c4d5a,2026-09-21 23:08:17,2026-09-21 23:37:01,1724,Completed,Desktop,en-US,4771,3596,5339,8117,5546,,,,,,,,,,,,,,,,,,,,,,,,,,,,,,,,,,,,,,,,,,,,,,,,,,,,,,,,,,,,,,,,,,,,,,,,,,,,,,,,,,,,,,,,,2243,14435,7193,5368,4317,4618,5880,2985,3594,5442,4282,6492,2325,4314,4525,4025,3190,6265,4411,6633,4321,9016,6136,5078,3401,4123,5347,4813,8024,4403,8462,5390,4252,5081,4273,4745,4124,20070,4898,9704,3983,4741,6011,5328,5793,6622,12791,1402,7793,9148,5063,3714,5206,5088,3804,4773,1902,3399,4202,2866,3110,7135,6653,5189,4632,4834,5599,3172,2997,3885,5507,5514,5688,3683,4891,5175,5614,10102,6149,6241,3186,4049,4979,5335,4188,2569,3734,5408,23622,,9903,5171,7111,12996,7740,10122,6565,11395,11298,27517,12144,23038,9744,13771,8700,17504,8521,4479,9206,8084,12906,10091,13223,14687,16919,9699,10393,7286,6673,7719,7075,12558,11490,7120,15702,5680,6620,5218,9098,5702,8059,6189,9748,9663,15339,14651,6773,14316,14360,15301,9892,13000,9931,8642,20886,8097,12843,9067,18954,10204,6221,8576,7959,12535,8770,6130,11708,9134,11035,9349,7824,8788,13396,8528,10904,7247,7611,7818,6530,21379,7414,8186,5996,26861,9134,10220,10521,9718
c9f6d776-dfdc-4fbd-a3d5-21ba191dd4c7,9a1f5cbe-2945-480f-a7d9-5f02ef121d5e,2026-09-21 23:09:52,,,In progress,Desktop,en-US,3974,4718,5836,8621,,,,,,,,,,,,,,,,,,,,,,,,,,,,,,,,,,,,,,,,,,,,,,,,,,,,,,,,,,,,,,,,,,,,,,,,,,,,,,,,,,,,,,,,,,,,,,,,,,,,,,,,,,,,,,,,,,,,,,,,,,,,,,,,,,,,,,,,,,,,,,,,,,,,,,,,,,,,,,,,,,,,,,,,,,,,,,,,,,,,,,,,,,,,,,,,,,,,,,,,,,,,,,,,,,,,,,,,,,,,,,,,,,,,,,,,,,,,,,,,,,,,,,,,,,,,,,,,,,,,,,,,,,,
1a9ef50c-b4da-4034-91ab-e3274fba01c0,04d7f699-853f-48d4-baf8-ac399f2bf72d,2026-09-21 23:12:14,,,In progress,Desktop,en-US,5036,,,,,,,,,,,,,,,,,,,,,,,,,,,,,,,,,,,,,,,,,,,,,,,,,,,,,,,,,,,,,,,,,,,,,,,,,,,,,,,,,,,,,,,,,,,,,,,,,,,,,,,,,,,,,,,,,,,,,,,,,,,,,,,,,,,,,,,,,,,,,,,,,,,,,,,,,,,,,,,,,,,,,,,,,,,,,,,,,,,,,,,,,,,,,,,,,,,,,,,,,,,,,,,,,,,,,,,,,,,,,,,,,,,,,,,,,,,,,,,,,,,,,,,,,,,,,,,,,,,,,,,,,,,,,,
22c54075-7ebb-4dfa-a098-1b4e6feae8b1,0603467b-9fab-4774-ade5-bd049813f8bb,2026-09-21 23:14:46,,,In progress,Desktop,en-GB,17788,,,,,,,,,,,,,,,,,,,,,,,,,,,,,,,,,,,,,,,,,,,,,,,,,,,,,,,,,,,,,,,,,,,,,,,,,,,,,,,,,,,,,,,,,,,,,,,,,,,,,,,,,,,,,,,,,,,,,,,,,,,,,,,,,,,,,,,,,,,,,,,,,,,,,,,,,,,,,,,,,,,,,,,,,,,,,,,,,,,,,,,,,,,,,,,,,,,,,,,,,,,,,,,,,,,,,,,,,,,,,,,,,,,,,,,,,,,,,,,,,,,,,,,,,,,,,,,,,,,,,,,,,,,,,,
7caf2915-2ca8-40a5-93be-54e167135d39,ff5afdd9-322d-4b0d-b27e-995db8ca1216,2026-09-21 23:15:40,,,In progress,Desktop,en-US,3009,,,,,,,,,,,,,,,,,,,,,,,,,,,,,,,,,,,,,,,,,,,,,,,,,,,,,,,,,,,,,,,,,,,,,,,,,,,,,,,,,,,,,,,,,,,,,,,,,,,,,,,,,,,,,,,,,,,,,,,,,,,,,,,,,,,,,,,,,,,,,,,,,,,,,,,,,,,,,,,,,,,,,,,,,,,,,,,,,,,,,,,,,,,,,,,,,,,,,,,,,,,,,,,,,,,,,,,,,,,,,,,,,,,,,,,,,,,,,,,,,,,,,,,,,,,,,,,,,,,,,,,,,,,,,,
c5c36734-2443-4bed-a67b-5296140ad721,ee338839-a985-4695-bb25-30c97ab7fed8,2026-09-21 23:19:37,,,In progress,Desktop,en-US,7136,,,,,,,,,,,,,,,,,,,,,,,,,,,,,,,,,,,,,,,,,,,,,,,,,,,,,,,,,,,,,,,,,,,,,,,,,,,,,,,,,,,,,,,,,,,,,,,,,,,,,,,,,,,,,,,,,,,,,,,,,,,,,,,,,,,,,,,,,,,,,,,,,,,,,,,,,,,,,,,,,,,,,,,,,,,,,,,,,,,,,,,,,,,,,,,,,,,,,,,,,,,,,,,,,,,,,,,,,,,,,,,,,,,,,,,,,,,,,,,,,,,,,,,,,,,,,,,,,,,,,,,,,,,,,,
ae328178-7f29-4dec-83c9-5a67ac5f1331,bd921637-1de2-4905-b76f-af367adac4e9,2026-09-21 23:20:13,,,In progress,Desktop,en-US,7714,,,,,,,,,,,,,,,,,,,,,,,,,,,,,,,,,,,,,,,,,,,,,,,,,,,,,,,,,,,,,,,,,,,,,,,,,,,,,,,,,,,,,,,,,,,,,,,,,,,,,,,,,,,,,,,,,,,,,,,,,,,,,,,,,,,,,,,,,,,,,,,,,,,,,,,,,,,,,,,,,,,,,,,,,,,,,,,,,,,,,,,,,,,,,,,,,,,,,,,,,,,,,,,,,,,,,,,,,,,,,,,,,,,,,,,,,,,,,,,,,,,,,,,,,,,,,,,,,,,,,,,,,,,,,,
9faf8ffb-568d-4040-af86-ad5aed11bf2a,25f90a3b-2cd3-48a7-9b6a-1a45372f641b,2026-09-21 23:20:28,,,In progress,Desktop,en-US,8492,,,,,,,,,,,,,,,,,,,,,,,,,,,,,,,,,,,,,,,,,,,,,,,,,,,,,,,,,,,,,,,,,,,,,,,,,,,,,,,,,,,,,,,,,,,,,,,,,,,,,,,,,,,,,,,,,,,,,,,,,,,,,,,,,,,,,,,,,,,,,,,,,,,,,,,,,,,,,,,,,,,,,,,,,,,,,,,,,,,,,,,,,,,,,,,,,,,,,,,,,,,,,,,,,,,,,,,,,,,,,,,,,,,,,,,,,,,,,,,,,,,,,,,,,,,,,,,,,,,,,,,,,,,,,,
f3d0d4a1-7a63-4dc1-b5f7-d66e0fb02991,e22d1ba0-d77b-4f91-882d-a562a15ad445,2026-09-21 23:22:28,,,In progress,Desktop,en-US,4283,4685,6145,5777,,1981,1460,2380,5200,1863,2696,2230,1967,5709,2905,4818,1468,1207,3851,6019,5349,2335,1848,3348,9396,1751,1981,3131,2188,6026,4025,3824,2512,9942,8417,2978,2783,4634,4846,2821,2454,1963,1140,2486,4479,2764,2744,2760,2694,4885,2889,2416,1681,8112,3193,4451,7283,4779,2903,4359,5873,9006,4969,8561,3539,4350,3502,1878,1867,3471,2154,3088,3294,2528,9018,4708,3155,1870,1728,6723,3148,4624,4135,7651,4748,1703,4868,3550,2374,7114,2974,2318,7608,,,,,,,,,,,,,,,,,,,,,,,,,,,,,,,,,,,,,,,,,,,,,,,,,,,,,,,,,,,,,,,,,,,,,,,,,,,,,,,,,,,,,,,,,31241,10686,,,,,,,,,,,,,,,,,,,,,,,,,,,,,,,,,,,,,,,,,,,,,,,,,,,,,,,,,,,,,,,,8542,,,,,,,,,,,,,,,,,,,,,,,,
0e43bb85-d382-4f48-a50f-5aea9cc561e9,89f0cda1-5ac5-43a4-86d7-abe4861e2b60,2026-09-21 23:22:39,2026-09-21 23:46:38,1438,Completed,Desktop,en-US,3770,3727,7382,5598,,7210,4497,5007,4791,3108,2796,3389,3181,2090,2663,1282,4418,812,15508,14841,6887,1377,2430,7115,4948,4229,2468,4746,4937,3473,3027,2848,6593,6091,2892,2616,8222,1140,5176,6141,1612,11628,2285,1755,3124,4115,4180,1212,3061,7459,3004,7778,5099,2569,9085,7505,8468,5360,5134,2296,5263,1345,2737,3800,4538,5602,15436,3960,5007,4766,4394,5248,5487,7359,2239,3870,3881,4121,4514,4390,3465,11400,2652,9556,3439,3833,2584,5022,5311,5720,4313,2687,2315,,,,,,,,,,,,,,,,,,,,,,,,,,,,,,,,,,,,,,,,,,,,,,,,,,,,,,,,,,,,,,,,,,,,,,,,,,,,,,,,,,,,,,,,,18609,,18052,6217,8329,6735,10542,7167,5673,6036,8696,4960,13173,11994,15978,8349,5512,10074,7082,4067,12336,8602,3250,7931,9681,11333,6962,5702,6303,5532,7292,5488,13742,10356,9401,22536,8024,6583,4689,4912,6004,6552,3968,6380,6938,8077,8345,7090,8646,9552,13093,9151,12727,10211,10423,7162,10665,7704,13847,17973,8054,7219,16513,7596,14083,6673,7570,6763,8518,6736,9706,10482,4148,6422,13811,9249,16198,6467,9546,6305,9523,8462,5275,4697,6694,13727,5397,8988,18170,14494
f3d6a159-cfb9-4946-9c93-37ea3888ca7f,eaf52786-4296-4fce-934f-c05d05cc58be,2026-09-21 23:22:52,,,In progress,Desktop,en-US,3438,,,,,,,,,,,,,,,,,,,,,,,,,,,,,,,,,,,,,,,,,,,,,,,,,,,,,,,,,,,,,,,,,,,,,,,,,,,,,,,,,,,,,,,,,,,,,,,,,,,,,,,,,,,,,,,,,,,,,,,,,,,,,,,,,,,,,,,,,,,,,,,,,,,,,,,,,,,,,,,,,,,,,,,,,,,,,,,,,,,,,,,,,,,,,,,,,,,,,,,,,,,,,,,,,,,,,,,,,,,,,,,,,,,,,,,,,,,,,,,,,,,,,,,,,,,,,,,,,,,,,,,,,,,,,,
c46ba4aa-2757-4280-b510-593d9f2d0652,9515251b-48dc-468c-b91f-f9ad9f89eed4,2026-09-21 23:26:41,,,In progress,Desktop,en-US,5789,3348,3790,16638,9721,,,,,,,,,,,,,,,,,,,,,,,,,,,,,,,,,,,,,,,,,,,9412,,,,,,,,,,,,,,,,,,,,,,,,,,,,,,,,,,,,,,,,,,,,,,,,,,,,,,,,,,,,,,,,,,,,,,,,,,,,,,,,,,,,,,,,,,,,,,,,,,,,,,,,,,,,,,,,,,,,,,,,,,,,,,,,,,,,,,,,,,,,,,,,,,,,,,,,,,,,,,,,,,,,,,,,,,,,,,,,,,,,,,,,,,,,,,,,,,,,,,,,,,,,,,,,,,,,,,,,,,,,,,,
c8d1a33a-005c-409b-9d5c-904655738f55,a926c2e8-7820-4002-a00f-ee0b398078e2,2026-09-21 23:26:53,2026-09-21 23:50:31,1418,Completed,Desktop,en-US,7913,3411,5130,10901,,,,,,,,,,,,,,,,,,,,,,,,,,,,,,,,,,,,,,,,,,,,,,,,,,,,,,,,,,,,,,,,,,,,,,,,,,,,,,,,,,,,,,,,,,3495,1504,1551,3619,1413,2580,2507,1258,2907,4166,8760,3549,3908,4304,992,2123,1883,2983,6120,5802,5161,5717,8268,3193,3175,1775,1458,6241,6188,3203,4376,3423,2339,3274,4043,1849,1236,2199,2127,1609,9637,1344,2526,2809,3726,2506,3355,5519,1606,2393,5120,1677,5223,7103,2041,2535,5911,2488,6781,15063,4858,6791,4259,4879,1981,4747,1844,2366,2389,2357,1164,13733,1691,2420,3877,6308,1674,1639,2471,2710,1959,2668,3210,6801,3679,5015,2283,3283,10308,,7074,6868,4376,12323,7615,5345,5573,7433,11707,7557,6017,10788,10748,11167,24826,14390,18546,6066,8434,10070,6941,6381,8983,8854,5466,7020,4879,7042,16516,9472,8164,6696,8283,11669,9837,7107,4364,4366,8506,7891,12335,5842,14571,6153,9574,13252,6982,9462,8102,12349,18827,15040,19753,5991,17367,8725,12651,5094,8125,5116,8219,11486,4937,7726,12798,5352,10317,14051,15719,8189,7544,17328,13809,7866,15015,7754,13090,9423,12623,6487,7839,11115,6662,7448,13572,5546,5700,17621
896fcc54-e15b-4491-8510-e0b0f2fa8d2a,8d21bb40-0543-4a72-85f5-08cfaf5e4c7c,2026-09-21 23:28:06,,,In progress,Desktop,en-US,7116,,,,,,,,,,,,,,,,,,,,,,,,,,,,,,,,,,,,,,,,,,,,,,,,,,,,,,,,,,,,,,,,,,,,,,,,,,,,,,,,,,,,,,,,,,,,,,,,,,,,,,,,,,,,,,,,,,,,,,,,,,,,,,,,,,,,,,,,,,,,,,,,,,,,,,,,,,,,,,,,,,,,,,,,,,,,,,,,,,,,,,,,,,,,,,,,,,,,,,,,,,,,,,,,,,,,,,,,,,,,,,,,,,,,,,,,,,,,,,,,,,,,,,,,,,,,,,,,,,,,,,,,,,,,,,
26332f31-ef2a-447d-93f0-7c6defe01d6c,fb9e8a1c-9e82-43c0-a4dc-41dd15cc4791,2026-09-21 23:28:26,2026-09-21 23:44:17,950,Completed,Desktop,en-US,2651,4351,5359,4910,,,,,,,,,,,,,,,,,,,,,,,,,,,,,,,,,,,,,,,,,,,,,,,,,,,,,,,,,,,,,,,,,,,,,,,,,,,,,,,,,,,,,,,,,,1308,1243,1817,4200,1358,1476,1943,1766,3792,3219,2910,1795,1676,5757,3674,11961,1894,2108,10345,8640,3248,2735,5745,2631,1791,1768,2196,1637,5181,4598,5845,2450,1443,2084,1963,2858,1138,1330,3376,1735,2189,4694,6231,1565,5460,2525,2501,3426,2471,8984,8104,6109,2658,4925,5617,2970,4394,1753,4972,2531,3512,2983,1666,2596,7364,2709,3963,2606,3784,6698,3552,1963,4803,3052,4850,3075,2786,2168,7050,4313,2090,2181,5373,2477,6308,3556,2844,3970,6636,,3815,4205,4357,8942,4858,3822,3700,4419,4010,5634,4232,3980,5988,6635,6884,9894,6076,3074,5127,6768,5043,5008,4234,7464,5327,4439,4378,7493,5404,8916,5224,3717,5777,5236,5034,4386,3450,2959,8245,3644,5492,3565,5934,4046,6821,4012,6508,5210,8059,4578,6362,4691,11484,4275,6073,3856,5209,8995,4287,5802,6060,4493,6076,3966,4233,6804,7118,6734,6150,5837,5383,3365,5183,4139,5797,4428,4868,6466,6053,4755,3820,6022,4534,4148,5683,4905,7296,4832
28126485-30f5-4ee6-8879-ed246b8b2dcd,0e60f713-15f1-4940-969b-2cc63acccd5b,2026-09-21 23:29:22,,,In progress,Desktop,en-US,6812,,,,,,,,,,,,,,,,,,,,,,,,,,,,,,,,,,,,,,,,,,,,,,,,,,,,,,,,,,,,,,,,,,,,,,,,,,,,,,,,,,,,,,,,,,,,,,,,,,,,,,,,,,,,,,,,,,,,,,,,,,,,,,,,,,,,,,,,,,,,,,,,,,,,,,,,,,,,,,,,,,,,,,,,,,,,,,,,,,,,,,,,,,,,,,,,,,,,,,,,,,,,,,,,,,,,,,,,,,,,,,,,,,,,,,,,,,,,,,,,,,,,,,,,,,,,,,,,,,,,,,,,,,,,,,
08fd7c21-75db-4e9b-b060-8df589457473,469113c1-99e1-4d8b-85e7-019deabd3aad,2026-09-21 23:29:59,,,In progress,Desktop,en-US,6704,,,,,,,,,,,,,,,,,,,,,,,,,,,,,,,,,,,,,,,,,,,,,,,,,,,,,,,,,,,,,,,,,,,,,,,,,,,,,,,,,,,,,,,,,,,,,,,,,,,,,,,,,,,,,,,,,,,,,,,,,,,,,,,,,,,,,,,,,,,,,,,,,,,,,,,,,,,,,,,,,,,,,,,,,,,,,,,,,,,,,,,,,,,,,,,,,,,,,,,,,,,,,,,,,,,,,,,,,,,,,,,,,,,,,,,,,,,,,,,,,,,,,,,,,,,,,,,,,,,,,,,,,,,,,,
70901aeb-effb-4ca6-b701-1aca8d69e1a5,5d147550-0f2d-435b-bf76-4aec53c223ba,2026-09-21 23:31:04,,,In progress,Desktop,en-US,3895,5761,6266,8612,6982,,2726,,,,,,,3967,,,,,,,,11019,2050,,,,,8630,5394,,,,,,,,,6606,7039,,3105,,,,,,,,2674,7328,4112,,,,5350,,,,,,,,,,3903,,,,,,3801,,,,,6301,3456,4502,,,,,,,4412,,,,2803,,,,,,,,,,,,,,,,,,,,,,,,,,,,,,,,,,,,,,,,,,,,,,,,,,,,,,,,,,,,,,,,,,,,,,,,,,,,,,,,,,,,,,,,,,,,,,,,,,,,,,,,,,,,,,,,,,,,,,,,,,,,,,,,,,,,,,,,,,,,,,,,,,,,,,,,,,,,,,,,,,,,,,,,,,,,,,,,,,,,,,
78ee6844-9d3d-4752-8820-9c8d4f43dbe1,1d2b5e93-610c-49ba-8844-573b913651fb,2026-09-21 23:31:47,,,In progress,Desktop,en-US,5076,,,,,,,,,,,,,,,,,,,,,,,,,,,,,,,,,,,,,,,,,,,,,,,,,,,,,,,,,,,,,,,,,,,,,,,,,,,,,,,,,,,,,,,,,,,,,,,,,,,,,,,,,,,,,,,,,,,,,,,,,,,,,,,,,,,,,,,,,,,,,,,,,,,,,,,,,,,,,,,,,,,,,,,,,,,,,,,,,,,,,,,,,,,,,,,,,,,,,,,,,,,,,,,,,,,,,,,,,,,,,,,,,,,,,,,,,,,,,,,,,,,,,,,,,,,,,,,,,,,,,,,,,,,,,,
b93b85c7-2291-4449-a24c-f89e060281d0,34a356a4-9f94-4a84-934e-ae4928309f71,2026-09-21 23:32:19,,,In progress,Desktop,en-US,7093,,,,,,,,,,,,,,,,,,,,,,,,,,,,,,,,,,,,,,,,,,,,,,,,,,,,,,,,,,,,,,,,,,,,,,,,,,,,,,,,,,,,,,,,,,,,,,,,,,,,,,,,,,,,,,,,,,,,,,,,,,,,,,,,,,,,,,,,,,,,,,,,,,,,,,,,,,,,,,,,,,,,,,,,,,,,,,,,,,,,,,,,,,,,,,,,,,,,,,,,,,,,,,,,,,,,,,,,,,,,,,,,,,,,,,,,,,,,,,,,,,,,,,,,,,,,,,,,,,,,,,,,,,,,,,
6479dbe5-2610-41ca-b02c-c4d9f663c617,82028bcb-7250-4621-8119-01405dc106a5,2026-09-21 23:32:53,,,In progress,Desktop,en-US,4983,,,,,,,,,,,,,,,,,,,,,,,,,,,,,,,,,,,,,,,,,,,,,,,,,,,,,,,,,,,,,,,,,,,,,,,,,,,,,,,,,,,,,,,,,,,,,,,,,,,,,,,,,,,,,,,,,,,,,,,,,,,,,,,,,,,,,,,,,,,,,,,,,,,,,,,,,,,,,,,,,,,,,,,,,,,,,,,,,,,,,,,,,,,,,,,,,,,,,,,,,,,,,,,,,,,,,,,,,,,,,,,,,,,,,,,,,,,,,,,,,,,,,,,,,,,,,,,,,,,,,,,,,,,,,,
2b7e962a-4b21-493b-aaed-033d45783ea1,e413f181-dd72-40f7-83cd-a2cb174e1470,2026-09-21 23:33:02,2026-09-22 00:26:40,3217,Completed,Desktop,en-US,1774414,3486,8227,5668,,,,,,,,,,,,,,,,,,,,,,,,,,,,,,,,,,,,,,,,,,,,,,,,,,,,,,,,,,,,,,,,,,,,,,,,,,,,,,,,,,,,,,,,,,4320,3238,4201,5389,3897,3631,7418,3398,6149,5720,2669,2008,13213,4843,8159,6503,3618,3367,3787,6619,4147,5881,4033,3197,3241,3246,3203,2370,10404,6952,3894,5696,7074,4874,6573,3506,2212,2835,2267,5170,3068,1958,2336,2303,7825,3938,2919,2392,4757,4212,7548,6577,11038,4992,5522,5476,5900,3241,4413,2755,5093,3508,2974,2525,4203,3066,4722,6212,4222,2684,4953,2330,5040,4732,2905,5077,7133,4902,4928,2910,2174,7336,2918,3397,3234,4519,3930,3974,14470,,3241,3451,4847,5439,5576,5130,6291,4019,8830,6728,8036,18175,11884,7821,7326,7801,6633,10935,9038,13712,10345,10418,8835,10482,5690,3113,4691,5819,7776,13944,7153,5579,6194,10115,6120,5599,4281,4984,6558,4784,9420,5134,8064,16434,6708,5969,6178,6738,19503,5928,27506,6160,7128,5797,7153,7866,6772,4064,6258,4932,6882,5074,5039,7569,6163,12972,5995,6119,11579,9103,4888,7743,9234,6818,7989,9267,5888,6025,12916,5557,6601,5832,11509,5971,53393,5844,8799,11756
cddbd2a7-b1e0-4f9b-9973-46b10fdc3345,2edb46d2-9ea2-45c7-828a-94d5a2d45e8d,2026-09-21 23:33:43,,,In progress,Desktop,en-US,13146,6103,7540,15415,,,,,,,,,,,,,,,,,,,,,,,,,,,,,,,,,,,,,,,,,,,,,,,,,,,,,,,,,,,,,,,,,,,,,,,,,,,,,,,,,,,,,,,,,,,,,,,,,,,,,,,,,,,,,,,,,,,,,,,,,,,,,,,,,,,,,,,,,,,,,,,,,,,,,,,,,,,,,,,,,,,,,,,,,,,,,,,,,,,,,,,,,,,,,,,,,,,,,,,,,,,,,,,,,,,,,,,,,,,,,,,,,,,,,,,,,,,,,,,,,,,,,,,,,,,,,,,,,,,,,,,,,,,
7a14dbb2-faf4-41fc-ae9a-5803dc444dc9,fc05691c-bb14-4f09-adc2-e6de69982b60,2026-09-21 23:36:05,,,In progress,Desktop,en-US,4594,,,,,,,,,,,,,,,,,,,,,,,,,,,,,,,,,,,,,,,,,,,,,,,,,,,,,,,,,,,,,,,,,,,,,,,,,,,,,,,,,,,,,,,,,,,,,,,,,,,,,,,,,,,,,,,,,,,,,,,,,,,,,,,,,,,,,,,,,,,,,,,,,,,,,,,,,,,,,,,,,,,,,,,,,,,,,,,,,,,,,,,,,,,,,,,,,,,,,,,,,,,,,,,,,,,,,,,,,,,,,,,,,,,,,,,,,,,,,,,,,,,,,,,,,,,,,,,,,,,,,,,,,,,,,,
09f38309-65f4-44dd-8dc9-430bdaa92aa7,d2e10d1b-7b7e-4537-b8d0-9e5bee31607f,2026-09-21 23:36:49,,,In progress,Desktop,en-US,7043,,,,,,,,,,,,,,,,,,,,,,,,,,,,,,,,,,,,,,,,,,,,,,,,,,,,,,,,,,,,,,,,,,,,,,,,,,,,,,,,,,,,,,,,,,,,,,,,,,,,,,,,,,,,,,,,,,,,,,,,,,,,,,,,,,,,,,,,,,,,,,,,,,,,,,,,,,,,,,,,,,,,,,,,,,,,,,,,,,,,,,,,,,,,,,,,,,,,,,,,,,,,,,,,,,,,,,,,,,,,,,,,,,,,,,,,,,,,,,,,,,,,,,,,,,,,,,,,,,,,,,,,,,,,,,
ef88dcd3-79ac-4d1a-acc2-a3160bbb7efa,ce515729-6622-4284-a112-0c1ec9c7c590,2026-09-21 23:36:59,2026-09-21 23:53:02,963,Completed,Desktop,en-US,4136,3893,5556,4675,,,,,,,,,,,,,,,,,,,,,,,,,,,,,,,,,,,,,,,,,,,,,,,,,,,,,,,,,,,,,,,,,,,,,,,,,,,,,,,,,,,,,,,,,,116,5191,558,553,389,373,348,367,490,173,167,180,1415,625,475,852,434,1945,154,433,3285,137,169,585,794,92,2730,7259,230,151,498,485,392,138,157,160,274,471,110,1211,510,3176,278,401,1593,109,116,2298,158,248,4009,99,8295,327,465,23,132,178,378,313,332,438,330,267,572,555,512,82,631,5647,952,375,200,129,368,180,3946,514,177,6914,658,3425,151,178,477,239,338,523,5750,,6975,11752,6413,8231,10906,5543,6477,4541,8471,4717,6074,6123,5476,7257,8017,10771,13593,6281,8086,8887,6728,5815,10445,5696,7668,5528,4255,4635,6033,12521,9972,10214,7584,6943,25583,13577,4398,5891,6549,6531,7346,12898,6224,6319,7713,8366,7366,5169,6105,5953,16792,6565,10371,6356,5951,4246,9169,7623,17057,11881,18746,9894,7585,4615,5750,8104,6242,6808,7626,10724,8188,5945,14988,8172,6861,8676,7213,9118,14909,8254,6779,8969,9289,5759,13488,6799,5990,7747
4632ebde-8f65-4a2c-8f62-9c0920ca9e2a,991c6446-c1ac-43f5-9bac-823ff1a48e70,2026-09-21 23:37:30,,,In progress,Desktop,en-US,5727,3564,4990,4159,,,,,,,,,,,,,,,,,,,,,,,,,,,,,,,,,,,,,,,,,,,,,,,,,,,,,,,,,,,,,,,,,,,,,,,,,,,,,,,,,,,,,,,,,,,2212,2168,,,,2233,,,1521,,,,7572,,,2587,,,,,,,,,1703,1461,1943,,,,,,,,,,,,,,,,,,,,,,,,,,,8516,,,2205,,,,5241,1875,,,,1546,7982,,2041,,,3284,,,,1122,,2471,,,,1527,,2604,,1533,,,,,,,,,,,,,,,,,,,,,,,,,,,,,,,,,,,,,,,,,,,,,,,,,,,,,,,,,,,,,,,,,,,,,,,,,,,,,,,,,,,,,,,,,,,
90282cd4-6930-4dfc-a55f-36a89013250c,dac186b4-ffe5-443f-80d7-e2865234d9fa,2026-09-21 23:38:35,,,In progress,Desktop,en-US,4266,,,,,,,,,,,,,,,,,,,,,,,,,,,,,,,,,,,,,,,,,,,,,,,,,,,,,,,,,,,,,,,,,,,,,,,,,,,,,,,,,,,,,,,,,,,,,,,,,,,,,,,,,,,,,,,,,,,,,,,,,,,,,,,,,,,,,,,,,,,,,,,,,,,,,,,,,,,,,,,,,,,,,,,,,,,,,,,,,,,,,,,,,,,,,,,,,,,,,,,,,,,,,,,,,,,,,,,,,,,,,,,,,,,,,,,,,,,,,,,,,,,,,,,,,,,,,,,,,,,,,,,,,,,,,,
d1d7db0f-eb8d-47b2-b272-edb6a568dc00,d18d65c3-f831-4c7a-bd3b-553ebd9a5b2d,2026-09-21 23:45:03,,,In progress,Desktop,en-US,9931,,,,,,,,,,,,,,,,,,,,,,,,,,,,,,,,,,,,,,,,,,,,,,,,,,,,,,,,,,,,,,,,,,,,,,,,,,,,,,,,,,,,,,,,,,,,,,,,,,,,,,,,,,,,,,,,,,,,,,,,,,,,,,,,,,,,,,,,,,,,,,,,,,,,,,,,,,,,,,,,,,,,,,,,,,,,,,,,,,,,,,,,,,,,,,,,,,,,,,,,,,,,,,,,,,,,,,,,,,,,,,,,,,,,,,,,,,,,,,,,,,,,,,,,,,,,,,,,,,,,,,,,,,,,,,
a7558ae2-34e5-476d-af86-3c6ffb592b38,febd2739-9457-4e7e-aac7-d4eb44ec8bc8,2026-09-21 23:46:12,,,In progress,Desktop,en-US,5186,,,,,,,,,,,,,,,,,,,,,,,,,,,,,,,,,,,,,,,,,,,,,,,,,,,,,,,,,,,,,,,,,,,,,,,,,,,,,,,,,,,,,,,,,,,,,,,,,,,,,,,,,,,,,,,,,,,,,,,,,,,,,,,,,,,,,,,,,,,,,,,,,,,,,,,,,,,,,,,,,,,,,,,,,,,,,,,,,,,,,,,,,,,,,,,,,,,,,,,,,,,,,,,,,,,,,,,,,,,,,,,,,,,,,,,,,,,,,,,,,,,,,,,,,,,,,,,,,,,,,,,,,,,,,,
57ffd17c-8e87-4c20-a645-bdef829f390e,96f6f090-db78-44c6-8fc8-191771e6fe08,2026-09-21 23:48:27,2026-09-22 00:12:51,1463,Completed,Desktop,en-US,3617,10182,9265,7217,,1666,2603,1575,5068,3534,6845,11954,4597,3105,5088,4115,2555,2034,5647,4261,9815,1683,3667,5093,12363,3402,2383,8146,5446,2459,5369,2324,6087,4297,3515,4547,6362,6740,2070,5105,5535,2787,2719,9023,2211,4418,3061,2215,2596,9122,3133,5267,2661,6461,4403,4893,3433,3351,3419,8780,2310,4453,2226,9725,9020,4751,5519,3235,8175,5240,2724,11071,7195,3742,7186,6190,2755,5232,6941,3317,5571,7414,4931,5031,9200,2131,3010,19408,5066,4652,2572,7274,4314,,,,,,,,,,,,,,,,,,,,,,,,,,,,,,,,,,,,,,,,,,,,,,,,,,,,,,,,,,,,,,,,,,,,,,,,,,,,,,,,,,,,,,,,,12045,,9540,6696,6950,13538,8051,6151,6955,5824,11906,7582,8261,6862,9503,9166,10973,10791,5878,7603,9472,10098,12036,12981,12482,9075,6599,7588,6167,7548,7460,9047,10889,6875,7286,17786,16284,7707,6019,6521,7467,7056,7775,7777,19270,7854,8078,6601,8883,7495,9866,9690,7269,13643,13448,6091,14270,11691,10640,5114,10754,4860,18406,14293,11000,8217,9887,6008,12269,7104,13851,10294,6953,6835,9495,7846,22264,21043,9587,7331,12404,8853,5640,8337,9917,18820,6954,21094,9239,7143
2d13c3d7-c8c9-400f-97ad-414118c89abd,ce4e8214-18b4-49bc-9628-6bcc965ea023,2026-09-21 23:51:13,,,In progress,Mobile,en-US,5384,,,,,,,,,,,,,,,,,,,,,,,,,,,,,,,,,,,,,,,,,,,,,,,,,,,,,,,,,,,,,,,,,,,,,,,,,,,,,,,,,,,,,,,,,,,,,,,,,,,,,,,,,,,,,,,,,,,,,,,,,,,,,,,,,,,,,,,,,,,,,,,,,,,,,,,,,,,,,,,,,,,,,,,,,,,,,,,,,,,,,,,,,,,,,,,,,,,,,,,,,,,,,,,,,,,,,,,,,,,,,,,,,,,,,,,,,,,,,,,,,,,,,,,,,,,,,,,,,,,,,,,,,,,,,,
0eadc67b-80e0-463f-afb8-8ad72f9586b2,219d38de-29a7-4674-9914-a9e9223797b0,2026-09-21 23:52:14,2026-09-22 00:24:58,1964,Completed,Desktop,en-US,3603,13243,18174,5893,,4610,9109,6623,3935,5421,300,467,3970,3516,6387,4007,2749,7351,6675,1240,6546,3662,4418,15731,5395,6329,10488,6089,6281,9006,6010,8730,5980,5300,6630,5742,3778,5421,8718,3703,4259,5959,3117,4291,6658,6909,3023,2872,3857,4960,9999,6507,289,14878,6742,5455,5922,3202,4368,5177,4154,5015,13400,5866,17164,5677,11042,11429,528,4857,5047,5402,10110,9983,322,7849,5846,4317,1053,3551,6719,11017,5312,4559,6399,8753,4896,7472,5983,6022,461,3923,5547,,,,,,,,,,,,,,,,,,,,,,,,,,,,,,,,,,,,,,,,,,,,,,,,,,,,,,,,,,,,,,,,,,,,,,,,,,,,,,,,,,,,,,,,,10684,,4875,2700,2833,12981,3680,4340,2975,2063,2252,2636,3459,2239,3672,2285,3983,12498,3204,10362,2028,1823,2597,2924,2558,2140,3379,2810,15899,11507,3468,5209,2293,1854,2085,4212,3047,2764,2415,11324,2427,1900,3075,3423,3700,28177,3867,2844,4470,3361,2478,2305,3023,2326,8789,2273,4050,8975,4161,2983,3967,2541,2959,4277,3296,2606,2967,3313,3656,1951,2467,4068,4200,2683,2895,2127,2897,3519,3978,8390,3623,2718,1916,2417,4098,2215,2231,3641,3439,2562
cf8d7509-8ca3-4526-b8d9-d690c0ea51d3,82a7b82b-c4b5-4625-8fb9-e258af7de630,2026-09-21 23:52:16,,,In progress,Mobile,en-US,5769,,,,,,,,,,,,,,,,,,,,,,,,,,,,,,,,,,,,,,,,,,,,,,,,,,,,,,,,,,,,,,,,,,,,,,,,,,,,,,,,,,,,,,,,,,,,,,,,,,,,,,,,,,,,,,,,,,,,,,,,,,,,,,,,,,,,,,,,,,,,,,,,,,,,,,,,,,,,,,,,,,,,,,,,,,,,,,,,,,,,,,,,,,,,,,,,,,,,,,,,,,,,,,,,,,,,,,,,,,,,,,,,,,,,,,,,,,,,,,,,,,,,,,,,,,,,,,,,,,,,,,,,,,,,,,
9a955314-58c7-4fc3-b00d-515b1d43e6c6,168399e7-1d8a-4222-a967-5f7401497380,2026-09-21 23:54:23,,,In progress,Desktop,en-US,3249,,,,,,,,,,,,,,,,,,,,,,,,,,,,,,,,,,,,,,,,,,,,,,,,,,,,,,,,,,,,,,,,,,,,,,,,,,,,,,,,,,,,,,,,,,,,,,,,,,,,,,,,,,,,,,,,,,,,,,,,,,,,,,,,,,,,,,,,,,,,,,,,,,,,,,,,,,,,,,,,,,,,,,,,,,,,,,,,,,,,,,,,,,,,,,,,,,,,,,,,,,,,,,,,,,,,,,,,,,,,,,,,,,,,,,,,,,,,,,,,,,,,,,,,,,,,,,,,,,,,,,,,,,,,,,
fd51edc0-49ff-41a1-9e66-93d83d90ce69,54d1a229-6302-4ca4-9d20-24ecae22fbcc,2026-09-21 23:54:32,,,In progress,Desktop,en-US,5925,,,,,,,,,,,,,,,,,,,,,,,,,,,,,,,,,,,,,,,,,,,,,,,,,,,,,,,,,,,,,,,,,,,,,,,,,,,,,,,,,,,,,,,,,,,,,,,,,,,,,,,,,,,,,,,,,,,,,,,,,,,,,,,,,,,,,,,,,,,,,,,,,,,,,,,,,,,,,,,,,,,,,,,,,,,,,,,,,,,,,,,,,,,,,,,,,,,,,,,,,,,,,,,,,,,,,,,,,,,,,,,,,,,,,,,,,,,,,,,,,,,,,,,,,,,,,,,,,,,,,,,,,,,,,,
93dcd0a8-b82c-4dbd-940e-09ce5cea47aa,19e7ec70-c895-4925-9dca-79c3c1938f40,2026-09-21 23:55:38,,,In progress,Desktop,en-US,4101,,,,,,,,,,,,,,,,,,,,,,,,,,,,,,,,,,,,,,,,,,,,,,,,,,,,,,,,,,,,,,,,,,,,,,,,,,,,,,,,,,,,,,,,,,,,,,,,,,,,,,,,,,,,,,,,,,,,,,,,,,,,,,,,,,,,,,,,,,,,,,,,,,,,,,,,,,,,,,,,,,,,,,,,,,,,,,,,,,,,,,,,,,,,,,,,,,,,,,,,,,,,,,,,,,,,,,,,,,,,,,,,,,,,,,,,,,,,,,,,,,,,,,,,,,,,,,,,,,,,,,,,,,,,,,
15d3fd0b-3d2e-471e-bdc8-ff37256dd0db,f5c6d248-e189-482a-b5e4-26206a315535,2026-09-21 23:55:49,,,In progress,Desktop,en-US,6651,,,,,,,,,,,,,,,,,,,,,,,,,,,,,,,,,,,,,,,,,,,,,,,,,,,,,,,,,,,,,,,,,,,,,,,,,,,,,,,,,,,,,,,,,,,,,,,,,,,,,,,,,,,,,,,,,,,,,,,,,,,,,,,,,,,,,,,,,,,,,,,,,,,,,,,,,,,,,,,,,,,,,,,,,,,,,,,,,,,,,,,,,,,,,,,,,,,,,,,,,,,,,,,,,,,,,,,,,,,,,,,,,,,,,,,,,,,,,,,,,,,,,,,,,,,,,,,,,,,,,,,,,,,,,,
b67bd33b-9359-454f-8d5d-b1d66011c243,47c09089-76fa-480a-ba43-4cfeccde3d4f,2026-09-21 23:56:45,,,In progress,Desktop,en-US,5881,,,,,,,,,,,,,,,,,,,,,,,,,,,,,,,,,,,,,,,,,,,,,,,,,,,,,,,,,,,,,,,,,,,,,,,,,,,,,,,,,,,,,,,,,,,,,,,,,,,,,,,,,,,,,,,,,,,,,,,,,,,,,,,,,,,,,,,,,,,,,,,,,,,,,,,,,,,,,,,,,,,,,,,,,,,,,,,,,,,,,,,,,,,,,,,,,,,,,,,,,,,,,,,,,,,,,,,,,,,,,,,,,,,,,,,,,,,,,,,,,,,,,,,,,,,,,,,,,,,,,,,,,,,,,,
47351c33-ff0f-4252-8d4a-1b314d5080c2,a2862373-50a9-48c3-b227-dd2460adb01b,2026-09-21 23:57:06,,,In progress,Desktop,en-US,254503,,,,,,,,,,,,,,,,,,,,,,,,,,,,,,,,,,,,,,,,,,,,,,,,,,,,,,,,,,,,,,,,,,,,,,,,,,,,,,,,,,,,,,,,,,,,,,,,,,,,,,,,,,,,,,,,,,,,,,,,,,,,,,,,,,,,,,,,,,,,,,,,,,,,,,,,,,,,,,,,,,,,,,,,,,,,,,,,,,,,,,,,,,,,,,,,,,,,,,,,,,,,,,,,,,,,,,,,,,,,,,,,,,,,,,,,,,,,,,,,,,,,,,,,,,,,,,,,,,,,,,,,,,,,,,
1d389178-6ab4-4024-ba7f-fa79c85ae841,18c3eac0-4d7a-4989-842d-ccce7bc3a59f,2026-09-21 23:58:25,,,In progress,Desktop,en-US,6446,,,,,,,,,,,,,,,,,,,,,,,,,,,,,,,,,,,,,,,,,,,,,,,,,,,,,,,,,,,,,,,,,,,,,,,,,,,,,,,,,,,,,,,,,,,,,,,,,,,,,,,,,,,,,,,,,,,,,,,,,,,,,,,,,,,,,,,,,,,,,,,,,,,,,,,,,,,,,,,,,,,,,,,,,,,,,,,,,,,,,,,,,,,,,,,,,,,,,,,,,,,,,,,,,,,,,,,,,,,,,,,,,,,,,,,,,,,,,,,,,,,,,,,,,,,,,,,,,,,,,,,,,,,,,,
9e6a93d9-bf41-4951-a04c-086d90f91041,40459a11-c6ce-48cd-80fd-4ed9ac8d31bc,2026-09-21 23:59:01,,,In progress,Desktop,en-US,15327,,,,,,,,,,,,,,,,,,,,,,,,,,,,,,,,,,,,,,,,,,,,,,,,,,,,,,,,,,,,,,,,,,,,,,,,,,,,,,,,,,,,,,,,,,,,,,,,,,,,,,,,,,,,,,,,,,,,,,,,,,,,,,,,,,,,,,,,,,,,,,,,,,,,,,,,,,,,,,,,,,,,,,,,,,,,,,,,,,,,,,,,,,,,,,,,,,,,,,,,,,,,,,,,,,,,,,,,,,,,,,,,,,,,,,,,,,,,,,,,,,,,,,,,,,,,,,,,,,,,,,,,,,,,,,
952d7c5c-5ae0-418f-aa67-a539bc3de34f,cdc17ff6-c724-46f5-99bf-ce7f968d90a3,2026-09-21 23:59:17,,,In progress,Desktop,en-US,3727,,,,,,,,,,,,,,,,,,,,,,,,,,,,,,,,,,,,,,,,,,,,,,,,,,,,,,,,,,,,,,,,,,,,,,,,,,,,,,,,,,,,,,,,,,,,,,,,,,,,,,,,,,,,,,,,,,,,,,,,,,,,,,,,,,,,,,,,,,,,,,,,,,,,,,,,,,,,,,,,,,,,,,,,,,,,,,,,,,,,,,,,,,,,,,,,,,,,,,,,,,,,,,,,,,,,,,,,,,,,,,,,,,,,,,,,,,,,,,,,,,,,,,,,,,,,,,,,,,,,,,,,,,,,,,
c877ff92-b869-4863-a876-ffabd23fd523,9a6da07c-704e-4e7f-bfdb-a32cf977d4bb,2026-09-21 23:59:48,,,In progress,Desktop,en-US,10472,4706,5092,8807,,,,,,,,,,,,,,,,,,,,,,,,,,,,,,,,,,,,,,,,,,,,,,,,,,,,,,,,,,,,,,,,,,,,,,,,,,,,,,,,,,,,,,,,,,,,3728,22664,5280,4708,,4421,4392,,,,,3463,,,,,,,3830,,,4089,,,4224,3185,4579,,,,,,,,,,,,,,,,,,,,,,,,,,,,,2868,4868,,3768,6899,,,,,,1864,,,,11102,,,,,,,,,15446,5634,,,,,4215,,,,,,,,,,,,,,,,,,,,,,,,,,,,,,,,,,,,,,,,,,,,,,,,,,,,,,,,,,,,,,,,,,,,,,,,,,,,,,,,,,,,,,,,,,,
dff1c367-5b6b-4971-9c7a-489b0824c021,874e6b70-6d7e-4a7b-bb91-e42d2c99ee93,2026-09-22 00:01:28,,,In progress,Desktop,en-US,3897,,,,,,,,,,,,,,,,,,,,,,,,,,,,,,,,,,,,,,,,,,,,,,,,,,,,,,,,,,,,,,,,,,,,,,,,,,,,,,,,,,,,,,,,,,,,,,,,,,,,,,,,,,,,,,,,,,,,,,,,,,,,,,,,,,,,,,,,,,,,,,,,,,,,,,,,,,,,,,,,,,,,,,,,,,,,,,,,,,,,,,,,,,,,,,,,,,,,,,,,,,,,,,,,,,,,,,,,,,,,,,,,,,,,,,,,,,,,,,,,,,,,,,,,,,,,,,,,,,,,,,,,,,,,,,
3caefe5f-15d4-40eb-b467-d8924a5d2d4a,f9299de7-1b59-4a53-bb06-d3580fb206f8,2026-09-22 00:02:37,,,In progress,Desktop,en-US,8000,,,,,,,,,,,,,,,,,,,,,,,,,,,,,,,,,,,,,,,,,,,,,,,,,,,,,,,,,,,,,,,,,,,,,,,,,,,,,,,,,,,,,,,,,,,,,,,,,,,,,,,,,,,,,,,,,,,,,,,,,,,,,,,,,,,,,,,,,,,,,,,,,,,,,,,,,,,,,,,,,,,,,,,,,,,,,,,,,,,,,,,,,,,,,,,,,,,,,,,,,,,,,,,,,,,,,,,,,,,,,,,,,,,,,,,,,,,,,,,,,,,,,,,,,,,,,,,,,,,,,,,,,,,,,,
69768a8d-0aff-4d21-9c19-4e315ac9ffc8,cf9036c1-ef7e-47ce-8a61-af46f075fc87,2026-09-22 00:04:18,2026-09-22 00:24:12,1194,Completed,Desktop,en-US,3034,2939,2995,4297,,,,,,,,,,,,,,,,,,,,,,,,,,,,,,,,,,,,,,,,,,,,,,,,,,,,,,,,,,,,,,,,,,,,,,,,,,,,,,,,,,,,,,,,,,1387,1238,1231,7318,649,1237,878,6860,2976,5657,1096,920,1866,1095,4302,742,2833,1212,6804,6049,1778,1614,994,1079,1903,1103,1436,1376,1529,2125,4863,1522,6360,2436,2888,3721,3453,1875,1395,1257,1231,1589,2564,2770,6227,3047,933,1500,613,920,1857,3917,2165,2245,1112,2384,1697,1488,986,489,1749,599,1822,1599,1421,1172,955,1554,1401,1927,1684,2546,1630,2031,2825,6689,1490,2840,2914,2211,1547,1509,8686,2031,2795,7532,1963,1744,4249,,5030,2395,3210,4010,8112,4787,6094,6038,6300,4093,4585,5716,5434,9361,5378,4921,4131,3328,4269,4394,7086,4614,11115,10221,4007,4155,4533,5351,9487,3203,10364,5078,6342,15506,4755,4052,7376,5853,4378,4700,4041,3701,5991,6253,6559,5883,4986,7123,5865,8076,8307,7651,9978,4858,9151,3481,5936,4807,5482,11001,7882,13108,3169,5746,4056,3030,9661,8444,3975,5712,3984,4874,5715,6715,5404,4648,4574,6185,5912,7720,5028,4345,7191,40077,4925,5325,3949,7519
04e5b49e-892d-432e-a9f9-4fd495ca87f3,6b6da1dd-f5aa-40bd-96b3-b7de87aeaae4,2026-09-22 00:04:26,,,In progress,Desktop,en-US,8325,,,,,,,,,,,,,,,,,,,,,,,,,,,,,,,,,,,,,,,,,,,,,,,,,,,,,,,,,,,,,,,,,,,,,,,,,,,,,,,,,,,,,,,,,,,,,,,,,,,,,,,,,,,,,,,,,,,,,,,,,,,,,,,,,,,,,,,,,,,,,,,,,,,,,,,,,,,,,,,,,,,,,,,,,,,,,,,,,,,,,,,,,,,,,,,,,,,,,,,,,,,,,,,,,,,,,,,,,,,,,,,,,,,,,,,,,,,,,,,,,,,,,,,,,,,,,,,,,,,,,,,,,,,,,,
74b23eba-04c4-44b6-b798-2395d9e71578,e63e25bc-2d5d-424a-91f3-39eb0fa782b5,2026-09-22 00:06:48,,,In progress,Desktop,en-US,7810,,,,,,,,,,,,,,,,,,,,,,,,,,,,,,,,,,,,,,,,,,,,,,,,,,,,,,,,,,,,,,,,,,,,,,,,,,,,,,,,,,,,,,,,,,,,,,,,,,,,,,,,,,,,,,,,,,,,,,,,,,,,,,,,,,,,,,,,,,,,,,,,,,,,,,,,,,,,,,,,,,,,,,,,,,,,,,,,,,,,,,,,,,,,,,,,,,,,,,,,,,,,,,,,,,,,,,,,,,,,,,,,,,,,,,,,,,,,,,,,,,,,,,,,,,,,,,,,,,,,,,,,,,,,,,
434fbe2e-11b2-4e11-a1d5-12a9d68b6063,902209fa-b03b-47ca-9aa6-67ffa81a7f87,2026-09-22 00:07:13,,,In progress,Desktop,en-US,3141,,,,,,,,,,,,,,,,,,,,,,,,,,,,,,,,,,,,,,,,,,,,,,,,,,,,,,,,,,,,,,,,,,,,,,,,,,,,,,,,,,,,,,,,,,,,,,,,,,,,,,,,,,,,,,,,,,,,,,,,,,,,,,,,,,,,,,,,,,,,,,,,,,,,,,,,,,,,,,,,,,,,,,,,,,,,,,,,,,,,,,,,,,,,,,,,,,,,,,,,,,,,,,,,,,,,,,,,,,,,,,,,,,,,,,,,,,,,,,,,,,,,,,,,,,,,,,,,,,,,,,,,,,,,,,
805bb6a3-ae5c-4e89-a86a-27e4a2c6e081,58be4b79-3804-4691-8fd1-a8e5889dc10e,2026-09-22 00:09:52,,,In progress,Desktop,en-US,11569,,,,,,,,,,,,,,,,,,,,,,,,,,,,,,,,,,,,,,,,,,,,,,,,,,,,,,,,,,,,,,,,,,,,,,,,,,,,,,,,,,,,,,,,,,,,,,,,,,,,,,,,,,,,,,,,,,,,,,,,,,,,,,,,,,,,,,,,,,,,,,,,,,,,,,,,,,,,,,,,,,,,,,,,,,,,,,,,,,,,,,,,,,,,,,,,,,,,,,,,,,,,,,,,,,,,,,,,,,,,,,,,,,,,,,,,,,,,,,,,,,,,,,,,,,,,,,,,,,,,,,,,,,,,,,
06dd76cf-e675-49e4-808b-8eebe2460772,0423a1c6-8b50-420e-8976-d1f078cbab33,2026-09-22 00:09:56,,,In progress,Mobile,en-US,2975,,,,,,,,,,,,,,,,,,,,,,,,,,,,,,,,,,,,,,,,,,,,,,,,,,,,,,,,,,,,,,,,,,,,,,,,,,,,,,,,,,,,,,,,,,,,,,,,,,,,,,,,,,,,,,,,,,,,,,,,,,,,,,,,,,,,,,,,,,,,,,,,,,,,,,,,,,,,,,,,,,,,,,,,,,,,,,,,,,,,,,,,,,,,,,,,,,,,,,,,,,,,,,,,,,,,,,,,,,,,,,,,,,,,,,,,,,,,,,,,,,,,,,,,,,,,,,,,,,,,,,,,,,,,,,
d50a5fdd-cad7-4e57-87ca-0295047f8e3c,116fee99-b50b-4715-997b-eb5b1e51c8c6,2026-09-22 00:10:56,,,In progress,Desktop,en-US,17045,,,,,,,,,,,,,,,,,,,,,,,,,,,,,,,,,,,,,,,,,,,,,,,,,,,,,,,,,,,,,,,,,,,,,,,,,,,,,,,,,,,,,,,,,,,,,,,,,,,,,,,,,,,,,,,,,,,,,,,,,,,,,,,,,,,,,,,,,,,,,,,,,,,,,,,,,,,,,,,,,,,,,,,,,,,,,,,,,,,,,,,,,,,,,,,,,,,,,,,,,,,,,,,,,,,,,,,,,,,,,,,,,,,,,,,,,,,,,,,,,,,,,,,,,,,,,,,,,,,,,,,,,,,,,,
9705acb6-02f8-4929-854b-a16c5596d590,115848ff-c7a3-4d21-a2bd-3272ca4a836b,2026-09-22 00:11:27,2026-09-22 00:34:09,1362,Completed,Desktop,en-US,15395,3983,5346,3291,,3833,1803,2447,4278,1578,2094,7088,2107,2231,5698,2065,4498,3817,4965,8692,4177,2422,1152,4485,2904,3311,2468,5228,3189,3299,2616,2952,1712,2975,3520,4165,2405,4095,4553,2685,3525,1824,1557,2668,1871,3993,2590,1581,1868,5654,2896,2142,2922,2721,1464,6741,7331,4681,3765,2295,1605,4689,1972,2870,3482,7501,1694,5370,7063,2110,1498,4840,3144,2338,1807,2337,2498,2491,4659,2427,9171,3814,2256,3628,1763,2837,2272,3566,2128,2574,4167,1904,10979,,,,,,,,,,,,,,,,,,,,,,,,,,,,,,,,,,,,,,,,,,,,,,,,,,,,,,,,,,,,,,,,,,,,,,,,,,,,,,,,,,,,,,,,,6711,,5091,10467,4260,5776,4104,4407,4614,3930,4488,10763,7843,5888,8815,7732,8501,6660,7786,7246,8333,4610,7889,6627,6938,9362,9167,3623,6230,3902,11162,9808,5404,5010,9228,6698,18723,7424,9676,4166,3801,3473,8838,4688,6330,4251,8363,5075,7672,6293,7663,6949,12359,7079,8391,4924,7696,5941,6657,6631,12385,9070,4853,9551,4879,4540,4338,6363,9926,6904,5445,12976,6307,5567,5317,5137,4938,7003,17768,5098,5445,5827,4346,8402,5905,5378,7483,4345,4889,5441
27190aae-f876-42fb-9377-398754b69827,22d4fb0e-51e6-4e6b-b3b6-2fc9d24ef6e0,2026-09-22 00:15:16,2026-09-22 00:39:41,1464,Completed,Desktop,en-US,4490,4289,4750,7554,,2439,2858,3047,1722,3362,2046,4410,3267,1738,1950,3293,1569,3484,5536,2640,2277,1213,897,1134,11761,4497,5451,3253,3322,7064,5412,1522,3957,5491,4191,950,3279,8725,2099,3783,2345,792,4103,2959,2008,2365,3385,6410,2244,3056,5145,3352,1909,3400,3770,1666,4677,3953,4140,6297,2809,1371,2894,4292,2320,6488,4490,2444,2651,3363,4745,4294,1936,2349,6663,3760,3293,7349,973,4813,3963,2809,6828,1623,2129,6092,2420,4333,1552,3261,4811,2663,5681,,,,,,,,,,,,,,,,,,,,,,,,,,,,,,,,,,,,,,,,,,,,,,,,,,,,,,,,,,,,,,,,,,,,,,,,,,,,,,,,,,,,,,,,,13703,,6451,6224,14885,8134,9088,5601,7426,5485,4740,5608,3811,10468,8615,5786,7228,3909,6962,6760,6571,3846,4660,6971,7305,16918,7297,4793,5612,5838,6980,5412,8031,5133,19339,8663,6894,5841,4268,9272,5194,6041,5788,6252,7523,7226,7693,6028,4811,4599,4777,3788,4217,6223,9491,6991,8705,4675,3697,4688,4247,11564,7928,6189,5070,6822,5934,7591,7674,5232,6826,8353,7105,5415,5525,6265,3839,7411,7303,6649,8943,5227,5149,5011,11392,5722,8713,7467,6033,5234
66d5e264-ecad-4307-9045-cae109da5737,c105c2fd-2380-4aeb-895d-7d4082b4cd09,2026-09-22 00:15:52,2026-09-22 01:00:47,2695,Completed,Desktop,en-US,3474,4539,3728,9738,,3220,5648,3806,4942,5033,4629,3605,3785,2228,5151,2507,4460,5866,19874,1124,10620,4567,3391,4813,16010,7501,5007,7001,7924,5400,8187,3883,4457,6789,4803,2766,4812,6889,5215,9244,4735,2504,2504,3657,3105,3637,5535,3019,2392,9840,8859,3370,2976,9631,5889,1524,14767,5646,5845,5419,2661,2011,5023,5626,3439,1300,3655,1690,3439,8559,4851,1184,4259,4230,5828,1963,3020,4334,8694,8406,2488,6149,1297,11082,3746,6188,4181,7170,4505,4657,7686,3195,1588,,,,,,,,,,,,,,,,,,,,,,,,,,,,,,,,,,,,,,,,,,,,,,,,,,,,,,,,,,,,,,,,,,,,,,,,,,,,,,,,,,,,,,,,,17978,,8638,5417,193145,6417,9797,11262,8013,12298,6427,6515,4763,7872,11370,23399,7303,8071,4863,5623,6366,6476,7461,8357,15088,14071,19555,5512,6044,12249,20247,5237,9231,6639,5482,8682,5788,9013,8623,4467,7772,5595,5399,6143,6068,4965,8991,5992,8598,4594,27887,7604,30581,14830,10526,10660,14588,14472,6463,13903,8675,5368,9810,6556,9619,9639,8341,6956,28507,7922,25920,7540,11350,7246,9763,6684,17983,9063,7656,15006,11297,8708,11330,21493,13017,6038,7545,9418,4605,7918
37e3c55c-10f4-4395-a5ee-c6d6c1939c39,ac0ed844-285d-4e32-b24f-77c28b6a26d3,2026-09-22 00:15:53,,,In progress,Mobile,en-US,,,,,,,,,,,,,,,,,,,,,,,,,,,,,,,,,,,,,,,,,,,,,,,,,,,,,,,,,,,,,,,,,,,,,,,,,,,,,,,,,,,,,,,,,,,,,,,,,,,,,,,,,,,,,,,,,,,,,,,,,,,,,,,,,,,,,,,,,,,,,,,,,,,,,,,,,,,,,,,,,,,,,,,,,,,,,,,,,,,,,,,,,,,,,,,,,,,,,,,,,,,,,,,,,,,,,,,,,,,,,,,,,,,,,,,,,,,,,,,,,,,,,,,,,,,,,,,,,,,,,,,,,,,,,,,
6964e3cc-a09b-4d24-be87-1db75c271e7c,bf6637a7-3bed-49eb-9c6b-c339fb086b3d,2026-09-22 00:16:07,2026-09-22 00:40:49,1482,Completed,Desktop,en-US,4118,4180,4102,15813,5335,,,,,,,,,,,,,,,,,,,,,,,,,,,,,,,,,,,,,,,,,,,,,,,,,,,,,,,,,,,,,,,,,,,,,,,,,,,,,,,,,,,,,,,,,1220,1655,938,1367,1122,1147,950,752,1359,1378,1123,1215,744,2908,2465,3684,2933,3818,5354,1933,4824,2729,1443,1915,1232,3447,2616,3999,4093,1468,5057,1003,4465,2648,2992,2453,1155,1710,1455,4321,6311,1998,1241,4520,2221,2034,1560,1966,3728,4347,1391,5498,2559,3254,709,1575,3237,1267,1799,1491,6580,6932,1781,1799,1350,3666,6610,6887,4483,5150,2881,1011,1039,1100,3047,5580,6612,7696,5566,11413,6342,14711,1125,1999,2959,2987,8116,1569,13072,,10227,6180,8725,7501,11667,8734,11240,9500,14364,9220,8618,6517,9419,10670,13677,10492,5392,8054,14073,20187,20464,25412,9505,7760,11714,16260,8584,9044,15853,10693,11265,7820,14788,49027,8510,8574,6623,8824,13176,10147,10542,11064,7832,11433,11511,23066,28528,9603,8818,10495,8286,9754,11629,10518,4298,6596,8085,10724,12434,9372,6389,14358,6203,9349,8656,9138,12116,13601,9745,8280,23979,16984,10380,12809,8234,14918,11278,6599,13462,10399,8862,12948,18694,8190,9575,12318,9537,7065
5346ca65-9651-41c7-87b1-e18fc8a26d71,310084a0-67ab-42a8-9be3-b66c4768f98a,2026-09-22 00:16:15,,,In progress,Mobile,en-US,5727,,,,,,,,,,,,,,,,,,,,,,,,,,,,,,,,,,,,,,,,,,,,,,,,,,,,,,,,,,,,,,,,,,,,,,,,,,,,,,,,,,,,,,,,,,,,,,,,,,,,,,,,,,,,,,,,,,,,,,,,,,,,,,,,,,,,,,,,,,,,,,,,,,,,,,,,,,,,,,,,,,,,,,,,,,,,,,,,,,,,,,,,,,,,,,,,,,,,,,,,,,,,,,,,,,,,,,,,,,,,,,,,,,,,,,,,,,,,,,,,,,,,,,,,,,,,,,,,,,,,,,,,,,,,,,
291111be-74c2-48a1-96ad-cb2627f62d9b,0abdcac3-7735-49db-bab5-8c4789a7910c,2026-09-22 00:17:03,,,In progress,Desktop,en-US,4168,,,,,,,,,,,,,,,,,,,,,,,,,,,,,,,,,,,,,,,,,,,,,,,,,,,,,,,,,,,,,,,,,,,,,,,,,,,,,,,,,,,,,,,,,,,,,,,,,,,,,,,,,,,,,,,,,,,,,,,,,,,,,,,,,,,,,,,,,,,,,,,,,,,,,,,,,,,,,,,,,,,,,,,,,,,,,,,,,,,,,,,,,,,,,,,,,,,,,,,,,,,,,,,,,,,,,,,,,,,,,,,,,,,,,,,,,,,,,,,,,,,,,,,,,,,,,,,,,,,,,,,,,,,,,,
86507250-74fd-4b72-8336-533608f6c2b0,31b28d70-7970-48c9-9a2b-ba364cc585d2,2026-09-22 00:20:47,2026-09-22 00:50:07,1759,Completed,Desktop,en-US,2780,4014,9687,10445,9126,,,,,,,,,,,,,,,,,,,,,,,,,,,,,,,,,,,,,,,,,,,,,,,,,,,,,,,,,,,,,,,,,,,,,,,,,,,,,,,,,,,,,,,,,2543,2453,2967,4677,4862,3218,3836,2517,4930,3652,3173,7711,3129,12787,8803,5132,2266,1495,4305,5152,2876,3616,9270,15664,3794,4964,2723,4844,11089,4156,3707,9873,3107,2824,2856,8581,2002,1361,5640,3564,1805,1618,4312,6549,7371,4885,2878,2247,3553,8386,4246,4591,11761,4099,4118,1945,2895,2764,5869,4385,5575,7057,5280,6090,6290,4559,3659,4769,9077,5215,6033,3254,5082,7715,15638,3142,4957,6709,2202,6639,2053,2113,10941,14278,7657,10331,7185,3493,7966,,5245,4589,4379,17948,12578,6766,9019,3874,4570,8372,21102,4238,17000,11620,11672,8473,15625,5319,25818,7767,9271,8876,13448,17288,13782,5171,5360,7449,4459,8550,21028,6614,22302,14910,9725,14114,4537,4113,15717,5852,16853,3424,4766,3809,9040,4539,3617,5467,12089,12952,6626,5368,14856,5132,8703,8628,9639,9626,6642,3911,38155,10050,6533,5537,6930,8404,4237,7972,9838,28678,4141,3862,7906,8310,5837,3582,12946,12477,11624,20309,6375,13428,5073,7531,3870,9976,17915,5827
d98e1320-341b-4455-be99-a7c5234de8c6,e8c04396-0a8d-4287-8dd1-97e5ae7b8462,2026-09-22 00:30:58,,,In progress,Desktop,en-US,3058,,,,,,,,,,,,,,,,,,,,,,,,,,,,,,,,,,,,,,,,,,,,,,,,,,,,,,,,,,,,,,,,,,,,,,,,,,,,,,,,,,,,,,,,,,,,,,,,,,,,,,,,,,,,,,,,,,,,,,,,,,,,,,,,,,,,,,,,,,,,,,,,,,,,,,,,,,,,,,,,,,,,,,,,,,,,,,,,,,,,,,,,,,,,,,,,,,,,,,,,,,,,,,,,,,,,,,,,,,,,,,,,,,,,,,,,,,,,,,,,,,,,,,,,,,,,,,,,,,,,,,,,,,,,,,
6011003b-a87b-4464-98ff-2c06f288f881,e2bfdcc7-696b-4222-b2b8-d7a60aae05b7,2026-09-22 00:33:04,,,In progress,Desktop,en-US,15876,,,,,,,,,,,,,,,,,,,,,,,,,,,,,,,,,,,,,,,,,,,,,,,,,,,,,,,,,,,,,,,,,,,,,,,,,,,,,,,,,,,,,,,,,,,,,,,,,,,,,,,,,,,,,,,,,,,,,,,,,,,,,,,,,,,,,,,,,,,,,,,,,,,,,,,,,,,,,,,,,,,,,,,,,,,,,,,,,,,,,,,,,,,,,,,,,,,,,,,,,,,,,,,,,,,,,,,,,,,,,,,,,,,,,,,,,,,,,,,,,,,,,,,,,,,,,,,,,,,,,,,,,,,,,,
c5583dc1-b64c-41b0-bb61-8c1836f520c6,13e66d40-e02d-46ca-9db5-59920c5fee6b,2026-09-22 00:44:57,,,In progress,Mobile,en-US,7903,,,,,,,,,,,,,,,,,,,,,,,,,,,,,,,,,,,,,,,,,,,,,,,,,,,,,,,,,,,,,,,,,,,,,,,,,,,,,,,,,,,,,,,,,,,,,,,,,,,,,,,,,,,,,,,,,,,,,,,,,,,,,,,,,,,,,,,,,,,,,,,,,,,,,,,,,,,,,,,,,,,,,,,,,,,,,,,,,,,,,,,,,,,,,,,,,,,,,,,,,,,,,,,,,,,,,,,,,,,,,,,,,,,,,,,,,,,,,,,,,,,,,,,,,,,,,,,,,,,,,,,,,,,,,,
02f80e09-aec4-4beb-8180-e34c70909e1c,8c92cf91-8098-4ddf-8a30-2299ed4af724,2026-09-22 00:46:45,,,In progress,Desktop,en-US,6106,,,,,,,,,,,,,,,,,,,,,,,,,,,,,,,,,,,,,,,,,,,,,,,,,,,,,,,,,,,,,,,,,,,,,,,,,,,,,,,,,,,,,,,,,,,,,,,,,,,,,,,,,,,,,,,,,,,,,,,,,,,,,,,,,,,,,,,,,,,,,,,,,,,,,,,,,,,,,,,,,,,,,,,,,,,,,,,,,,,,,,,,,,,,,,,,,,,,,,,,,,,,,,,,,,,,,,,,,,,,,,,,,,,,,,,,,,,,,,,,,,,,,,,,,,,,,,,,,,,,,,,,,,,,,,
af6960b2-2685-4eb5-8b47-0f4d8052cea8,cca06176-0a96-462f-944d-05acc75479fb,2026-09-22 00:51:51,,,In progress,Desktop,en-US,7157,,,,,,,,,,,,,,,,,,,,,,,,,,,,,,,,,,,,,,,,,,,,,,,,,,,,,,,,,,,,,,,,,,,,,,,,,,,,,,,,,,,,,,,,,,,,,,,,,,,,,,,,,,,,,,,,,,,,,,,,,,,,,,,,,,,,,,,,,,,,,,,,,,,,,,,,,,,,,,,,,,,,,,,,,,,,,,,,,,,,,,,,,,,,,,,,,,,,,,,,,,,,,,,,,,,,,,,,,,,,,,,,,,,,,,,,,,,,,,,,,,,,,,,,,,,,,,,,,,,,,,,,,,,,,,
54ee04ef-3bc9-43b1-8282-e35ea10b0f26,6385f996-6b6d-47ec-bbc5-0380d13fbca3,2026-09-22 00:52:45,,,In progress,Desktop,en-US,4406,,,,,,,,,,,,,,,,,,,,,,,,,,,,,,,,,,,,,,,,,,,,,,,,,,,,,,,,,,,,,,,,,,,,,,,,,,,,,,,,,,,,,,,,,,,,,,,,,,,,,,,,,,,,,,,,,,,,,,,,,,,,,,,,,,,,,,,,,,,,,,,,,,,,,,,,,,,,,,,,,,,,,,,,,,,,,,,,,,,,,,,,,,,,,,,,,,,,,,,,,,,,,,,,,,,,,,,,,,,,,,,,,,,,,,,,,,,,,,,,,,,,,,,,,,,,,,,,,,,,,,,,,,,,,,
79d1bb79-b9fe-41ba-89a5-ae81185cd5ce,5ce1e9d6-e9cb-4057-9bf8-0e2dd6785076,2026-09-22 00:53:24,,,In progress,Desktop,en-US,8975,,,,,,,,,,,,,,,,,,,,,,,,,,,,,,,,,,,,,,,,,,,,,,,,,,,,,,,,,,,,,,,,,,,,,,,,,,,,,,,,,,,,,,,,,,,,,,,,,,,,,,,,,,,,,,,,,,,,,,,,,,,,,,,,,,,,,,,,,,,,,,,,,,,,,,,,,,,,,,,,,,,,,,,,,,,,,,,,,,,,,,,,,,,,,,,,,,,,,,,,,,,,,,,,,,,,,,,,,,,,,,,,,,,,,,,,,,,,,,,,,,,,,,,,,,,,,,,,,,,,,,,,,,,,,,
1e372868-172d-41e0-8ee8-38bdda9ad987,663a7661-d17f-4803-8c17-ff31267b91c7,2026-09-22 01:03:09,,,In progress,Desktop,en-US,,,,,,,,,,,,,,,,,,,,,,,,,,,,,,,,,,,,,,,,,,,,,,,,,,,,,,,,,,,,,,,,,,,,,,,,,,,,,,,,,,,,,,,,,,,,,,,,,,,,,,,,,,,,,,,,,,,,,,,,,,,,,,,,,,,,,,,,,,,,,,,,,,,,,,,,,,,,,,,,,,,,,,,,,,,,,,,,,,,,,,,,,,,,,,,,,,,,,,,,,,,,,,,,,,,,,,,,,,,,,,,,,,,,,,,,,,,,,,,,,,,,,,,,,,,,,,,,,,,,,,,,,,,,,,,
6cb07129-9e91-4452-9219-bfaa4d6882a3,82f9d24c-75e9-4c3d-a8df-a5b1231fb509,2026-09-22 01:08:30,2026-09-22 01:56:48,2897,Completed,Desktop,en-US,4473,3844,9714,9286,,7594,5965,32210,7418,10789,5892,18662,9044,6832,11094,5132,11546,10184,12449,10539,28025,5697,6272,8027,16693,37615,9432,6770,10212,16287,4856,6410,6881,11301,4601,13458,11138,12250,21723,6385,12713,2497,5399,14316,9902,8476,10892,8040,11119,39622,6667,22747,25420,12345,17773,18352,7606,13576,10830,20729,6548,13431,7215,11405,8807,13526,6995,22833,6023,11237,18812,8552,9505,15748,16883,16908,9092,10720,13355,12058,14340,16054,8689,8938,12418,7956,7873,9872,18109,11585,7335,6642,8047,,,,,,,,,,,,,,,,,,,,,,,,,,,,,,,,,,,,,,,,,,,,,,,,,,,,,,,,,,,,,,,,,,,,,,,,,,,,,,,,,,,,,,,,,17809,,20947,15043,14743,13466,14864,9210,9205,24581,19056,17711,11321,11033,13970,30763,13116,20078,11128,10522,16533,14546,19206,18062,23384,27108,12240,10708,13287,9734,30415,10222,25518,11042,18563,27509,10595,17601,5572,9797,7100,7156,24982,13151,43509,7763,16283,12444,9297,30985,17985,12220,14423,12605,13600,20978,28620,44831,10477,32687,33341,18003,14122,8680,13273,23120,9742,36970,11671,16222,9357,12877,10190,15626,36720,11285,51301,16479,12738,7736,13667,9286,8289,11891,17569,25090,21714,15241,11476,28331
6a4dede8-0472-40e0-8f33-bfdb8f05c8c5,7155d8eb-1157-443a-a66e-b9c408e828b3,2026-09-22 01:13:36,,,In progress,Desktop,en-US,3613,,,,,,,,,,,,,,,,,,,,,,,,,,,,,,,,,,,,,,,,,,,,,,,,,,,,,,,,,,,,,,,,,,,,,,,,,,,,,,,,,,,,,,,,,,,,,,,,,,,,,,,,,,,,,,,,,,,,,,,,,,,,,,,,,,,,,,,,,,,,,,,,,,,,,,,,,,,,,,,,,,,,,,,,,,,,,,,,,,,,,,,,,,,,,,,,,,,,,,,,,,,,,,,,,,,,,,,,,,,,,,,,,,,,,,,,,,,,,,,,,,,,,,,,,,,,,,,,,,,,,,,,,,,,,,
5d713ec4-0870-480f-9045-254a0e8f406f,732925ac-088e-4153-a8a3-45d071d7959a,2026-09-22 01:14:32,,,In progress,Desktop,en-US,6350,,,,,,,,,,,,,,,,,,,,,,,,,,,,,,,,,,,,,,,,,,,,,,,,,,,,,,,,,,,,,,,,,,,,,,,,,,,,,,,,,,,,,,,,,,,,,,,,,,,,,,,,,,,,,,,,,,,,,,,,,,,,,,,,,,,,,,,,,,,,,,,,,,,,,,,,,,,,,,,,,,,,,,,,,,,,,,,,,,,,,,,,,,,,,,,,,,,,,,,,,,,,,,,,,,,,,,,,,,,,,,,,,,,,,,,,,,,,,,,,,,,,,,,,,,,,,,,,,,,,,,,,,,,,,,
a095e47b-516c-4015-a074-fd77b48cbec5,3d4c6baa-347a-4f96-899c-0bbc333b6b27,2026-09-22 01:15:19,,,In progress,Mobile,en-US,4420,,,,,,,,,,,,,,,,,,,,,,,,,,,,,,,,,,,,,,,,,,,,,,,,,,,,,,,,,,,,,,,,,,,,,,,,,,,,,,,,,,,,,,,,,,,,,,,,,,,,,,,,,,,,,,,,,,,,,,,,,,,,,,,,,,,,,,,,,,,,,,,,,,,,,,,,,,,,,,,,,,,,,,,,,,,,,,,,,,,,,,,,,,,,,,,,,,,,,,,,,,,,,,,,,,,,,,,,,,,,,,,,,,,,,,,,,,,,,,,,,,,,,,,,,,,,,,,,,,,,,,,,,,,,,,
147c82a5-7d35-4fef-988f-e16a3d1a1e77,960f0fba-419d-4743-8021-db489dd20b67,2026-09-22 01:20:56,,,In progress,Mobile,en-US,10842,,,,,,,,,,,,,,,,,,,,,,,,,,,,,,,,,,,,,,,,,,,,,,,,,,,,,,,,,,,,,,,,,,,,,,,,,,,,,,,,,,,,,,,,,,,,,,,,,,,,,,,,,,,,,,,,,,,,,,,,,,,,,,,,,,,,,,,,,,,,,,,,,,,,,,,,,,,,,,,,,,,,,,,,,,,,,,,,,,,,,,,,,,,,,,,,,,,,,,,,,,,,,,,,,,,,,,,,,,,,,,,,,,,,,,,,,,,,,,,,,,,,,,,,,,,,,,,,,,,,,,,,,,,,,,
620917f0-be3a-4b97-bb7c-52cad84098d7,7372793d-6bc1-4061-951e-3555fcdd8279,2026-09-22 01:22:19,,,In progress,Desktop,en-US,8041,3497,6561,16484,,,,,,,,,,,,,,,,,,,,,,,,,,,,,,,,,,,,,,,,,,,,,,,,,,,,,,,,,,,,,,,,,,,,,,,,,,,,,,,,,,,,,,,,,,,,,,,,,,,,,,,,,,,,,,,,,,,,,,,,,,,,,,,,,,,,,,,,,,,,,,,,,,,,,,,,,,,,,,,,,,,,,,,,,,,,,,,,,,,,,,,,,,,,,,,,,,,,,,,,,,,,,,,,,,,,,,,,,,,,,,,,,,,,,,,,,,,,,,,,,,,,,,,,,,,,,,,,,,,,,,,,,,,
b5cffb44-bd33-4314-81a7-d4798853aa75,e078397f-3f96-4437-b466-38fea7e01e69,2026-09-22 01:22:22,,,In progress,Desktop,en-US,9321,,,,,,,,,,,,,,,,,,,,,,,,,,,,,,,,,,,,,,,,,,,,,,,,,,,,,,,,,,,,,,,,,,,,,,,,,,,,,,,,,,,,,,,,,,,,,,,,,,,,,,,,,,,,,,,,,,,,,,,,,,,,,,,,,,,,,,,,,,,,,,,,,,,,,,,,,,,,,,,,,,,,,,,,,,,,,,,,,,,,,,,,,,,,,,,,,,,,,,,,,,,,,,,,,,,,,,,,,,,,,,,,,,,,,,,,,,,,,,,,,,,,,,,,,,,,,,,,,,,,,,,,,,,,,,
082f88da-a3f1-4e33-8eff-59ab3fdf83c0,9c850fc5-90e6-4593-b728-dcd5309ff4e5,2026-09-22 01:24:34,,,In progress,Mobile,en-US,9705,2749,2881,3854,3760,,,,,,,,,,,,,,,,,,,,,,,,,,,,,,,,,,,,,,,,,,,,,,,,,,,,,,,,,,,,,,,,,,,,,,,,,,,,,,,,,,,,,,,,,,,,,,,,,,,,,,,,,,,,,,,,,,,,,,,,,,,,,,,,,,,,,,,,,,,,,,,,,,,,,,,,,,,,,,,,,,,,,,,,,,,,,,,,,,,,,,,,,,,,,,,,,,,,,,,,,,,,,,,,,,,,,,,,,,,,,,,,,,,,,,,,,,,,,,,,,,,,,,,,,,,,,,,,,,,,,,,,,,
a1217467-520f-40b9-aa00-32c541d980ef,9218b075-9a68-4011-aec2-17a88c042b09,2026-09-22 01:24:48,,,In progress,Desktop,en-US,3703,,,,,,,,,,,,,,,,,,,,,,,,,,,,,,,,,,,,,,,,,,,,,,,,,,,,,,,,,,,,,,,,,,,,,,,,,,,,,,,,,,,,,,,,,,,,,,,,,,,,,,,,,,,,,,,,,,,,,,,,,,,,,,,,,,,,,,,,,,,,,,,,,,,,,,,,,,,,,,,,,,,,,,,,,,,,,,,,,,,,,,,,,,,,,,,,,,,,,,,,,,,,,,,,,,,,,,,,,,,,,,,,,,,,,,,,,,,,,,,,,,,,,,,,,,,,,,,,,,,,,,,,,,,,,,
c7e5ac60-c3af-48d4-98c8-20206f0829b0,d518b4e7-d8ee-42db-b5f0-3c7d1e671e86,2026-09-22 01:37:32,,,In progress,Desktop,en-US,5179,,,,,,,,,,,,,,,,,,,,,,,,,,,,,,,,,,,,,,,,,,,,,,,,,,,,,,,,,,,,,,,,,,,,,,,,,,,,,,,,,,,,,,,,,,,,,,,,,,,,,,,,,,,,,,,,,,,,,,,,,,,,,,,,,,,,,,,,,,,,,,,,,,,,,,,,,,,,,,,,,,,,,,,,,,,,,,,,,,,,,,,,,,,,,,,,,,,,,,,,,,,,,,,,,,,,,,,,,,,,,,,,,,,,,,,,,,,,,,,,,,,,,,,,,,,,,,,,,,,,,,,,,,,,,,
b61078c8-85e9-4a6d-8fad-9d19fbfef2e9,76e922a0-9b7b-4d96-bb09-c3cdadc7e56c,2026-09-22 01:37:53,2026-09-22 01:52:06,852,Completed,Desktop,en-US,4750,2723,3166,4230,,1804,4131,2374,4993,2564,1965,1677,1739,2211,1632,1393,1607,1746,1917,2167,12456,1208,1353,2771,4924,2540,1755,5919,2179,1671,1726,2068,1492,3625,2355,3159,3641,2530,2384,2085,2086,2618,3327,2891,2293,1808,2705,1486,4423,1910,2436,3672,1716,4868,1745,4372,3607,5210,2378,3201,3550,3156,1722,2249,2928,5939,2929,1206,2052,1761,1341,2612,5285,2315,3964,1905,2243,1574,3451,3489,2468,2253,1367,3304,3373,2765,1824,3149,2759,3207,4570,3358,3106,,,,,,,,,,,,,,,,,,,,,,,,,,,,,,,,,,,,,,,,,,,,,,,,,,,,,,,,,,,,,,,,,,,,,,,,,,,,,,,,,,,,,,,,,8009,,3954,15372,6880,7868,3930,17983,2986,3478,3451,7853,3116,5780,3558,8102,8492,4354,3654,3673,5757,3992,3213,6112,3599,11400,3385,3509,5299,4003,7425,4370,7940,2975,6174,14137,4322,2905,7450,3337,3689,2957,4060,4751,5613,2944,4164,4151,5216,4127,9271,4259,4126,4465,7643,3666,7013,4499,8912,2971,4030,3623,4661,3769,4110,3775,3379,4151,3807,4856,6743,4149,3673,5687,3000,3054,3974,6487,3412,7545,8328,5710,3583,4760,4157,3019,3833,5511,5825,9297
1b5c2dcd-c063-475a-8d2b-da425414715a,fb4d69d5-4404-450d-982e-9f14512286c3,2026-09-22 01:37:54,,,In progress,Desktop,en-US,,,,,,,,,,,,,,,,,,,,,,,,,,,,,,,,,,,,,,,,,,,,,,,,,,,,,,,,,,,,,,,,,,,,,,,,,,,,,,,,,,,,,,,,,,,,,,,,,,,,,,,,,,,,,,,,,,,,,,,,,,,,,,,,,,,,,,,,,,,,,,,,,,,,,,,,,,,,,,,,,,,,,,,,,,,,,,,,,,,,,,,,,,,,,,,,,,,,,,,,,,,,,,,,,,,,,,,,,,,,,,,,,,,,,,,,,,,,,,,,,,,,,,,,,,,,,,,,,,,,,,,,,,,,,,,
07829b9a-f8d7-4ea4-8f4e-9b0843145d86,a4698f10-3ead-4adf-b794-80c99e367ebe,2026-09-22 01:38:15,,,In progress,Desktop,en-US,10329,,,,,,,,,,,,,,,,,,,,,,,,,,,,,,,,,,,,,,,,,,,,,,,,,,,,,,,,,,,,,,,,,,,,,,,,,,,,,,,,,,,,,,,,,,,,,,,,,,,,,,,,,,,,,,,,,,,,,,,,,,,,,,,,,,,,,,,,,,,,,,,,,,,,,,,,,,,,,,,,,,,,,,,,,,,,,,,,,,,,,,,,,,,,,,,,,,,,,,,,,,,,,,,,,,,,,,,,,,,,,,,,,,,,,,,,,,,,,,,,,,,,,,,,,,,,,,,,,,,,,,,,,,,,,,
385920ac-7837-4763-8c71-920d5fcdd268,32c39ecc-076a-4f0a-9a46-bfe16fd352bf,2026-09-22 01:38:30,,,In progress,Desktop,en-US,9338,,,,,,,,,,,,,,,,,,,,,,,,,,,,,,,,,,,,,,,,,,,,,,,,,,,,,,,,,,,,,,,,,,,,,,,,,,,,,,,,,,,,,,,,,,,,,,,,,,,,,,,,,,,,,,,,,,,,,,,,,,,,,,,,,,,,,,,,,,,,,,,,,,,,,,,,,,,,,,,,,,,,,,,,,,,,,,,,,,,,,,,,,,,,,,,,,,,,,,,,,,,,,,,,,,,,,,,,,,,,,,,,,,,,,,,,,,,,,,,,,,,,,,,,,,,,,,,,,,,,,,,,,,,,,,
ed1c89f9-0fcb-46ae-a395-1b15400fda03,fb6cd414-3818-494d-b8dd-58637d9b81b9,2026-09-22 01:39:38,,,In progress,Mobile,en-US,10988,5240,7335,22201,,,,,,,,,,,,,,,,,,,,,,,,,,,,,,,,,,,,,,,,,,,,,,,,,,,,,,,,,,,,,,,,,,,,,,,,,,,,,,,,,,,,,,,,,,,,,,,,,,,,,,,,,,,,,,,,,,,,,,,,,,,,,,,,,,,,,,,,,,,,,,,,,,,,,,,,,,,,,,,,,,,,,,,,,,,,,,,,,,,,,,,,,,,,,,,,,,,,,,,,,,,,,,,,,,,,,,,,,,,,,,,,,,,,,,,,,,,,,,,,,,,,,,,,,,,,,,,,,,,,,,,,,,,
47109d12-8fea-4e59-bb89-e46934992598,0f9627b7-daf5-45c3-a850-977c46e1b8b3,2026-09-22 01:45:16,2026-09-22 02:07:42,1346,Completed,Desktop,en-US,4781,4179,4160,6570,,8370,8502,1760,4741,3950,3248,3838,3863,2579,2839,3033,2932,4511,9892,5070,8688,4544,4582,4057,2889,5794,4716,4541,3505,3891,11087,2281,2972,4400,2661,4114,2747,1649,9072,2185,3696,2610,1754,4040,2557,3289,2414,1307,4261,3709,4425,12545,2781,4207,3930,3664,7791,3794,8417,4790,8033,3786,3183,3786,9524,2785,5124,4133,3816,4786,2721,8915,4872,17350,8372,3992,3187,3258,4033,3950,9313,5420,3584,2939,4438,1945,1976,5747,4204,3537,4579,2045,3802,,,,,,,,,,,,,,,,,,,,,,,,,,,,,,,,,,,,,,,,,,,,,,,,,,,,,,,,,,,,,,,,,,,,,,,,,,,,,,,,,,,,,,,,,14592,,6356,5056,5568,6704,6120,8734,9577,4589,9459,4518,5261,4395,8038,11095,15816,6447,6009,12288,5905,4123,6280,12930,10809,6347,6162,18574,5963,20559,6923,5580,7631,6503,4366,8408,5331,7510,5783,8269,6232,5418,6868,5787,9963,6988,11172,6087,7617,8894,20130,13572,5206,7175,12684,5543,9126,6923,6113,8602,6393,5149,7222,13148,5406,4768,11287,6066,6694,10199,6445,5905,10827,10180,5334,5090,10474,8029,12608,7029,16552,6548,4732,6622,9647,11497,6384,5198,9265,18372
74382166-a34d-412d-b239-2c3537741f7d,aa97d1bb-a93b-4713-a40f-f7a6f4c609ff,2026-09-22 01:48:59,,,In progress,Desktop,en-US,5313,,,,,,,,,,,,,,,,,,,,,,,,,,,,,,,,,,,,,,,,,,,,,,,,,,,,,,,,,,,,,,,,,,,,,,,,,,,,,,,,,,,,,,,,,,,,,,,,,,,,,,,,,,,,,,,,,,,,,,,,,,,,,,,,,,,,,,,,,,,,,,,,,,,,,,,,,,,,,,,,,,,,,,,,,,,,,,,,,,,,,,,,,,,,,,,,,,,,,,,,,,,,,,,,,,,,,,,,,,,,,,,,,,,,,,,,,,,,,,,,,,,,,,,,,,,,,,,,,,,,,,,,,,,,,,
23ae3750-3e44-4d3b-a4b5-abe310b18941,bb18df34-0ceb-4967-8f86-287b2ddbcf3b,2026-09-22 01:52:20,,,In progress,Desktop,en-US,5077,,,,,,,,,,,,,,,,,,,,,,,,,,,,,,,,,,,,,,,,,,,,,,,,,,,,,,,,,,,,,,,,,,,,,,,,,,,,,,,,,,,,,,,,,,,,,,,,,,,,,,,,,,,,,,,,,,,,,,,,,,,,,,,,,,,,,,,,,,,,,,,,,,,,,,,,,,,,,,,,,,,,,,,,,,,,,,,,,,,,,,,,,,,,,,,,,,,,,,,,,,,,,,,,,,,,,,,,,,,,,,,,,,,,,,,,,,,,,,,,,,,,,,,,,,,,,,,,,,,,,,,,,,,,,,
40ccd22a-fecf-4b8c-ae0a-b2b5434ab6de,de67445b-e2ec-4eca-a763-b7a9786de667,2026-09-22 01:54:07,2026-09-22 02:25:40,1892,Completed,Desktop,en-US,4238,5827,7274,5067,,4036,2476,3120,6686,12937,4334,4574,10536,9756,4046,3794,5878,2893,5715,11199,7304,3818,2732,26634,5509,32672,4623,35444,12232,2250,3931,6918,7379,4050,5396,9268,2617,9072,5059,4505,4809,2277,3594,4900,3772,2468,23524,2121,9985,6058,4910,3665,5501,9729,7524,5472,5082,14372,5483,10671,5416,9275,5250,4335,8482,3938,6093,8714,4912,6181,3009,8547,20182,5661,23613,7894,5337,6029,4228,13662,9641,5276,5440,8558,3920,2254,4981,11968,8156,5148,4527,4723,4955,,,,,,,,,,,,,,,,,,,,,,,,,,,,,,,,,,,,,,,,,,,,,,,,,,,,,,,,,,,,,,,,,,,,,,,,,,,,,,,,,,,,,,,,,21222,,7279,7762,5297,19942,5316,8052,5874,7611,7126,4728,12239,5629,6733,15788,8320,8508,5698,7753,8992,7102,21518,8678,9921,6892,9247,7280,6581,7187,5055,9544,9366,6041,51531,7930,6639,14206,7004,4673,7780,19343,6002,5031,5423,7078,9666,4976,9536,9496,6316,8552,22799,7731,14533,7370,8368,6448,8127,6368,6209,5619,8741,9565,4983,7902,5644,8553,6919,8188,12423,7056,6858,5952,8638,5970,8840,8060,15255,10254,9330,6693,6572,8072,8612,7782,11182,14639,6249,10511
e93981ee-9197-424a-93ff-e42bc8db624b,5e4e4d60-b146-48a3-b9bf-0d9b629ec01c,2026-09-22 02:01:46,,,In progress,Desktop,en-US,6388,,,,,,,,,,,,,,,,,,,,,,,,,,,,,,,,,,,,,,,,,,,,,,,,,,,,,,,,,,,,,,,,,,,,,,,,,,,,,,,,,,,,,,,,,,,,,,,,,,,,,,,,,,,,,,,,,,,,,,,,,,,,,,,,,,,,,,,,,,,,,,,,,,,,,,,,,,,,,,,,,,,,,,,,,,,,,,,,,,,,,,,,,,,,,,,,,,,,,,,,,,,,,,,,,,,,,,,,,,,,,,,,,,,,,,,,,,,,,,,,,,,,,,,,,,,,,,,,,,,,,,,,,,,,,,
fdf416d9-6e67-42c0-8629-31ea65e40c32,2265a8c9-ccda-438f-928e-78271d10e5d9,2026-09-22 02:02:36,,,In progress,Desktop,en-US,2859,4334,4088,5964,,,,,,,,,,,,,,,,,,,,,,,,,,,,,,,,,,,,,,,,,,,,,,,,,,,,,,,,,,,,,,,,,,,,,,,,,,,,,,,,,,,,,,,,,,,,,,,,,,,,,,,,,,,,,,,,,,,,,,,,,,,,,,,,,,,,,,,,,,,,,,,,,,,,,,,,,,,,,,,,,,,,,,,,,,,,,,,,,,,,,,,,,,,,,,,,,,,,,,,,,,,,,,,,,,,,,,,,,,,,,,,,,,,,,,,,,,,,,,,,,,,,,,,,,,,,,,,,,,,,,,,,,,,
32fa65ca-d81e-42ac-ade2-09afb55eed79,06c6c6fa-551e-450c-9969-bd617dd2c7aa,2026-09-22 02:19:05,,,In progress,Desktop,en-US,4551,,,,,,,,,,,,,,,,,,,,,,,,,,,,,,,,,,,,,,,,,,,,,,,,,,,,,,,,,,,,,,,,,,,,,,,,,,,,,,,,,,,,,,,,,,,,,,,,,,,,,,,,,,,,,,,,,,,,,,,,,,,,,,,,,,,,,,,,,,,,,,,,,,,,,,,,,,,,,,,,,,,,,,,,,,,,,,,,,,,,,,,,,,,,,,,,,,,,,,,,,,,,,,,,,,,,,,,,,,,,,,,,,,,,,,,,,,,,,,,,,,,,,,,,,,,,,,,,,,,,,,,,,,,,,,
d9b56a4d-2fe8-4434-be20-010431f03a06,fdc890d8-c3c4-4f99-aaa5-7a9e7775dd78,2026-09-22 02:37:55,2026-09-22 02:53:43,948,Completed,Desktop,en-US,7681,5435,6390,4200,,,,,,,,,,,,,,,,,,,,,,,,,,,,,,,,,,,,,,,,,,,,,,,,,,,,,,,,,,,,,,,,,,,,,,,,,,,,,,,,,,,,,,,,,,4838,3466,2255,5502,3900,3202,1978,2570,2650,1850,1346,4197,4729,10532,3877,3949,3780,2507,3106,3000,10001,2386,4690,3571,4822,2793,5752,1781,2063,3836,2425,5639,3279,5854,2648,1733,4170,1673,2830,1650,1738,1704,3179,1305,7769,2043,14911,3162,8542,3372,6911,5866,4022,6795,2352,3013,6467,1817,2292,2012,3416,4824,3689,5169,4533,7323,3131,7336,3369,2412,3398,2483,2742,2601,5817,4960,1917,5805,334,3480,1492,1954,1544,4715,3279,1994,1871,3486,6248,,3371,3147,4252,5373,3208,4477,3610,3764,6905,4649,6516,3395,6048,6304,5307,5333,6601,4342,5940,5441,6901,5854,11982,6792,7290,3346,4049,3946,4283,6465,4958,4995,13170,5694,4914,3237,4187,3332,5371,5708,4856,3893,6005,3918,5504,5046,5118,8214,3897,6171,4799,5428,5103,4246,3881,5026,4238,3181,3351,3093,4647,5417,4832,6334,4062,2991,7408,6587,6251,10762,5505,3905,4379,3306,4003,4974,5639,3900,4073,4921,2855,5306,5266,3391,3414,8897,10857,5658
ec7ac63b-ae1f-435a-8042-3363cf3b5b54,8251b745-fe0e-4e0c-afa5-04b95ade8065,2026-09-22 02:39:14,,,In progress,Desktop,en-US,13083,,,,,,,,,,,,,,,,,,,,,,,,,,,,,,,,,,,,,,,,,,,,,,,,,,,,,,,,,,,,,,,,,,,,,,,,,,,,,,,,,,,,,,,,,,,,,,,,,,,,,,,,,,,,,,,,,,,,,,,,,,,,,,,,,,,,,,,,,,,,,,,,,,,,,,,,,,,,,,,,,,,,,,,,,,,,,,,,,,,,,,,,,,,,,,,,,,,,,,,,,,,,,,,,,,,,,,,,,,,,,,,,,,,,,,,,,,,,,,,,,,,,,,,,,,,,,,,,,,,,,,,,,,,,,,
ab5bf6f8-ed86-4d57-9c87-896536a5a35f,851b5f6a-bda1-49f2-9216-d928e496ce53,2026-09-22 02:41:07,2026-09-22 02:54:51,823,Completed,Desktop,en-US,3267,3711,4962,4845,,,,,,,,,,,,,,,,,,,,,,,,,,,,,,,,,,,,,,,,,,,,,,,,,,,,,,,,,,,,,,,,,,,,,,,,,,,,,,,,,,,,,,,,,,1653,1616,1102,2268,1290,870,926,1144,9251,1708,622,1939,657,665,1189,849,2197,1839,1240,6098,949,2601,1042,3936,902,1311,2018,8563,1368,709,1641,1853,807,4466,2209,951,778,1137,1110,1670,2833,2252,2288,1529,2793,742,1216,1044,1590,2585,1516,1453,952,2352,622,902,593,746,3127,2175,1161,2226,5453,1455,1959,1487,2165,3764,2601,13965,932,1023,749,3350,1571,2157,2641,2222,2808,2591,2299,1979,4381,489,1234,4410,861,1937,8049,,3108,2341,3460,4030,4267,7937,4785,3190,4767,3470,6765,5724,4413,5972,8582,5977,4244,2777,4596,3341,6972,5923,5151,3861,8244,5939,4989,3137,4172,4255,9761,6264,5374,6390,13944,5452,3480,4033,3856,3576,6713,3336,4987,5866,16151,5813,7033,18596,5925,4219,3543,5629,4998,7944,4828,4223,8651,6004,4398,3887,2854,4395,4459,3300,3886,4330,4769,4809,4436,4065,6204,3231,13268,11785,4489,8223,5197,3127,9405,4135,4072,4163,10648,5884,5112,5931,5748,4494
26fbdc63-ce46-445a-8499-d236c2d15240,0299a232-f0ae-492f-9e08-7fa32dbacb25,2026-09-22 02:48:15,,,In progress,Desktop,en-US,4758,,,,,,,,,,,,,,,,,,,,,,,,,,,,,,,,,,,,,,,,,,,,,,,,,,,,,,,,,,,,,,,,,,,,,,,,,,,,,,,,,,,,,,,,,,,,,,,,,,,,,,,,,,,,,,,,,,,,,,,,,,,,,,,,,,,,,,,,,,,,,,,,,,,,,,,,,,,,,,,,,,,,,,,,,,,,,,,,,,,,,,,,,,,,,,,,,,,,,,,,,,,,,,,,,,,,,,,,,,,,,,,,,,,,,,,,,,,,,,,,,,,,,,,,,,,,,,,,,,,,,,,,,,,,,,
194a421f-02ad-4a33-b81f-350ef1301ed2,01fe618f-11fe-4aaa-9a34-86f368be9bdb,2026-09-22 02:52:02,2026-09-22 03:08:43,1001,Completed,Desktop,en-US,6277,3414,3427,9748,,6301,4339,7036,4294,3057,8082,728,7759,2391,5938,621,2280,6040,3758,15319,4230,4568,1368,7419,3692,3266,3022,9263,1567,1543,2549,6352,6322,3351,3915,4087,2510,1816,4841,3118,3092,1262,1474,1559,2569,3263,2150,3824,2067,1034,2742,2894,1343,2419,3807,783,2546,4665,2985,3347,2302,3093,1949,3731,2499,3171,3120,4232,2777,2206,2541,2560,2302,2848,3037,5886,2371,3224,4656,3078,2859,3068,2215,3995,2687,2774,2687,5280,2253,3039,3448,3834,17595,,,,,,,,,,,,,,,,,,,,,,,,,,,,,,,,,,,,,,,,,,,,,,,,,,,,,,,,,,,,,,,,,,,,,,,,,,,,,,,,,,,,,,,,,9754,,5583,7273,14123,8737,5042,4930,8471,5786,10372,6955,19488,4691,3953,4980,5236,2820,3375,3275,11690,20558,6338,5639,5560,3800,5470,9598,5385,4432,4196,3439,4142,2426,3251,2960,5980,3637,2840,2692,2925,3375,3499,2767,2588,3924,3101,3452,4704,4939,5642,3720,6054,5166,3597,4177,2775,9718,5346,4022,3945,5879,5238,4463,8518,10990,5497,4085,4001,4297,3397,3930,4840,8444,5539,4526,12144,11834,5770,3571,4467,5586,5470,2855,6506,4290,4977,4750,5231,9631
0772ff89-d114-47d8-9be3-9349c815ffd2,457efc40-7d69-46ef-9feb-7a15382e91c2,2026-09-22 02:56:06,,,In progress,Desktop,en-US,3525,,,,,,,,,,,,,,,,,,,,,,,,,,,,,,,,,,,,,,,,,,,,,,,,,,,,,,,,,,,,,,,,,,,,,,,,,,,,,,,,,,,,,,,,,,,,,,,,,,,,,,,,,,,,,,,,,,,,,,,,,,,,,,,,,,,,,,,,,,,,,,,,,,,,,,,,,,,,,,,,,,,,,,,,,,,,,,,,,,,,,,,,,,,,,,,,,,,,,,,,,,,,,,,,,,,,,,,,,,,,,,,,,,,,,,,,,,,,,,,,,,,,,,,,,,,,,,,,,,,,,,,,,,,,,,
7a4139bc-2266-4814-ac3b-fd1629135016,3bb31e6c-a253-4b7b-922c-0d3c77572c1b,2026-09-22 03:02:48,,,In progress,Desktop,en-US,3620,,,,,,,,,,,,,,,,,,,,,,,,,,,,,,,,,,,,,,,,,,,,,,,,,,,,,,,,,,,,,,,,,,,,,,,,,,,,,,,,,,,,,,,,,,,,,,,,,,,,,,,,,,,,,,,,,,,,,,,,,,,,,,,,,,,,,,,,,,,,,,,,,,,,,,,,,,,,,,,,,,,,,,,,,,,,,,,,,,,,,,,,,,,,,,,,,,,,,,,,,,,,,,,,,,,,,,,,,,,,,,,,,,,,,,,,,,,,,,,,,,,,,,,,,,,,,,,,,,,,,,,,,,,,,,
f4b25238-d52b-4c3c-82fc-be4c923935a4,73fe3b70-7d2d-41df-8ee0-fe75f1266b96,2026-09-22 03:03:46,,,In progress,Desktop,en-US,5589,,,,,,,,,,,,,,,,,,,,,,,,,,,,,,,,,,,,,,,,,,,,,,,,,,,,,,,,,,,,,,,,,,,,,,,,,,,,,,,,,,,,,,,,,,,,,,,,,,,,,,,,,,,,,,,,,,,,,,,,,,,,,,,,,,,,,,,,,,,,,,,,,,,,,,,,,,,,,,,,,,,,,,,,,,,,,,,,,,,,,,,,,,,,,,,,,,,,,,,,,,,,,,,,,,,,,,,,,,,,,,,,,,,,,,,,,,,,,,,,,,,,,,,,,,,,,,,,,,,,,,,,,,,,,,
d7771801-57f7-40aa-b5bc-bbfc801ed8b8,b49a733e-8b83-4025-9a45-4da907eb6c9b,2026-09-22 03:04:30,,,In progress,Desktop,en-US,7901,,,,,,,,,,,,,,,,,,,,,,,,,,,,,,,,,,,,,,,,,,,,,,,,,,,,,,,,,,,,,,,,,,,,,,,,,,,,,,,,,,,,,,,,,,,,,,,,,,,,,,,,,,,,,,,,,,,,,,,,,,,,,,,,,,,,,,,,,,,,,,,,,,,,,,,,,,,,,,,,,,,,,,,,,,,,,,,,,,,,,,,,,,,,,,,,,,,,,,,,,,,,,,,,,,,,,,,,,,,,,,,,,,,,,,,,,,,,,,,,,,,,,,,,,,,,,,,,,,,,,,,,,,,,,,
17039f56-a765-4e9c-b4b8-452379e034f1,1c65cf9f-e170-4cbf-ba02-1df2311ac12d,2026-09-22 03:05:47,,,In progress,Mobile,en-US,2375,,,,,,,,,,,,,,,,,,,,,,,,,,,,,,,,,,,,,,,,,,,,,,,,,,,,,,,,,,,,,,,,,,,,,,,,,,,,,,,,,,,,,,,,,,,,,,,,,,,,,,,,,,,,,,,,,,,,,,,,,,,,,,,,,,,,,,,,,,,,,,,,,,,,,,,,,,,,,,,,,,,,,,,,,,,,,,,,,,,,,,,,,,,,,,,,,,,,,,,,,,,,,,,,,,,,,,,,,,,,,,,,,,,,,,,,,,,,,,,,,,,,,,,,,,,,,,,,,,,,,,,,,,,,,,
35277d0c-c2ca-40bd-b17d-48a1585b0bc3,951a4d76-53b1-40dd-8588-d3e8792f6c88,2026-09-22 03:08:19,2026-09-22 03:34:02,1542,Completed,Desktop,en-US,6964,4816,5670,5714,,1316,1290,2768,1071,2224,6813,1559,5566,6483,4738,1905,8940,9454,10800,680,447,1032,8070,3781,1289,2597,1785,1685,19585,1483,12626,719,61603,8537,866,1289,2796,1573,12993,1647,10855,2044,759,395,680,4445,2686,4053,3569,7736,5517,2412,5419,20368,2557,8549,1275,9531,4508,838,1073,1760,906,1398,1223,2993,11843,541,9218,6537,982,1454,8316,1311,45497,10880,1598,697,791,12203,441,982,12390,17628,1293,805,37764,1201,11565,2993,1019,740,16386,,,,,,,,,,,,,,,,,,,,,,,,,,,,,,,,,,,,,,,,,,,,,,,,,,,,,,,,,,,,,,,,,,,,,,,,,,,,,,,,,,,,,,,,,24616,,2644,2455,2080,2088,2021,6468,2991,11143,13014,6754,2392,11079,2050,2639,3847,2310,6606,7143,10962,3904,2398,2610,1941,3129,2170,2520,2790,7843,4294,3174,3435,2187,16591,1848,32122,2351,2173,3085,2503,2114,3593,2560,11715,1742,2701,35360,4441,11582,14091,13808,2310,26723,2145,20288,2464,13149,10042,2440,1973,2247,2522,1846,27266,9189,4044,11848,2977,11134,4101,6913,4488,3732,13745,2647,2087,5861,4044,12722,2002,2310,2079,2831,2893,11564,2248,2030,10244,1958
23ccc1b0-9e5e-4479-9d0f-eb06f1790ec8,b78c2f90-f411-4ed6-98fd-1b110772307f,2026-09-22 03:08:28,2026-09-22 03:38:47,1818,Completed,Desktop,en-US,4281,3692,6297,5439,,2659,12537,3524,4139,3977,5716,5749,3104,1445,12179,27374,8327,6592,1925,24523,5539,11996,1270,4350,32684,2393,4563,4481,1421,1040,8482,35094,3096,1683,11578,3429,4062,1142,1303,1208,6075,2512,1637,26344,12015,1789,3565,1683,5289,18591,9766,2095,2494,6969,3012,4811,22221,12350,3783,12794,2140,2811,7865,25054,1000,1254,2877,3633,8678,10456,2988,1642,784,2049,1255,4115,6699,3414,2879,5052,5828,5018,18554,14726,1501,1142,1461,2001,8411,1353,23541,1930,9225,,,,,,,,,,,,,,,,,,,,,,,,,,,,,,,,,,,,,,,,,,,,,,,,,,,,,,,,,,,,,,,,,,,,,,,,,,,,,,,,,,,,,,,,,14205,,5994,6362,12362,24890,65118,17953,12867,8988,23687,4502,4350,8883,6941,4258,13078,46576,3606,4543,30712,5317,11581,6870,20601,23437,19430,4543,3643,10560,7528,18938,3972,10621,15724,3398,6951,18115,3502,4606,8908,12753,8339,4867,13335,4001,3098,11840,3637,7941,5745,6982,7434,9998,3454,5597,8167,20947,18896,13013,5970,13671,3274,3543,11580,20545,5343,12500,4789,7544,6292,5372,23092,17231,5908,21735,30696,17620,16857,23369,11109,2944,8484,6094,6372,6119,4852,8040,6897,6392
ff89dd88-f7c5-404a-8687-489aeb74f656,9216d5a5-f1c0-4bcf-8a3d-5ee5fdeb5823,2026-09-22 03:16:32,,,In progress,Desktop,en-US,8346,,,,,,,,,,,,,,,,,,,,,,,,,,,,,,,,,,,,,,,,,,,,,,,,,,,,,,,,,,,,,,,,,,,,,,,,,,,,,,,,,,,,,,,,,,,,,,,,,,,,,,,,,,,,,,,,,,,,,,,,,,,,,,,,,,,,,,,,,,,,,,,,,,,,,,,,,,,,,,,,,,,,,,,,,,,,,,,,,,,,,,,,,,,,,,,,,,,,,,,,,,,,,,,,,,,,,,,,,,,,,,,,,,,,,,,,,,,,,,,,,,,,,,,,,,,,,,,,,,,,,,,,,,,,,,
367d68a8-7d82-4aa6-8049-440296250dec,b9bfeb9e-4f70-4137-be79-c697efc66b77,2026-09-22 03:20:44,,,In progress,Desktop,en-US,4398,,,,,,,,,,,,,,,,,,,,,,,,,,,,,,,,,,,,,,,,,,,,,,,,,,,,,,,,,,,,,,,,,,,,,,,,,,,,,,,,,,,,,,,,,,,,,,,,,,,,,,,,,,,,,,,,,,,,,,,,,,,,,,,,,,,,,,,,,,,,,,,,,,,,,,,,,,,,,,,,,,,,,,,,,,,,,,,,,,,,,,,,,,,,,,,,,,,,,,,,,,,,,,,,,,,,,,,,,,,,,,,,,,,,,,,,,,,,,,,,,,,,,,,,,,,,,,,,,,,,,,,,,,,,,,
7b924264-9774-4f18-ba63-c1c12b85838f,9d9f7d98-e35c-4420-83c3-a90a6f48e350,2026-09-22 03:22:51,,,In progress,Desktop,en-US,14788,,,,,,,,,,,,,,,,,,,,,,,,,,,,,,,,,,,,,,,,,,,,,,,,,,,,,,,,,,,,,,,,,,,,,,,,,,,,,,,,,,,,,,,,,,,,,,,,,,,,,,,,,,,,,,,,,,,,,,,,,,,,,,,,,,,,,,,,,,,,,,,,,,,,,,,,,,,,,,,,,,,,,,,,,,,,,,,,,,,,,,,,,,,,,,,,,,,,,,,,,,,,,,,,,,,,,,,,,,,,,,,,,,,,,,,,,,,,,,,,,,,,,,,,,,,,,,,,,,,,,,,,,,,,,,
f572094f-8f6f-42c1-b67f-4417b3fa35e0,d689be73-8036-4f6e-8eaf-df009532db79,2026-09-22 03:24:03,,,In progress,Desktop,en-US,6963,7296,9128,13230,11168,,,,,,,,,,,,,,,,,,,,,,,,,,,,,,,,,,,,,,,,,,,,,,,,,,,,,,,,,,,,,,,,,,,,,,,,,,,,,,,,,,,,,,,,,,,,,,,,,,,,,,,,,,,,,,,,,,,,,,,,,,,,,,,,,,,,,,,,,,,,,,,,,,,,,,,,,,,,,,,,,,,,,,,,,,,,,,,,,,,,,,,,,,,,,,,,,,,,,,,,,,,,,,,,,,,,,,,,,,,,,,,,,,,,,,,,,,,,,,,,,,,,,,,,,,,,,,,,,,,,,,,,,,
4ff7fda0-a9fa-41ee-8c9d-edea38e3b8e7,f3b0fa9b-d912-4691-9054-b1109ce7e1df,2026-09-22 03:33:28,2026-09-22 04:19:19,2750,Completed,Desktop,en-US,3107,3915,3223,5102,,,,,,,,,,,,,,,,,,,,,,,,,,,,,,,,,,,,,,,,,,,,,,,,,,,,,,,,,,,,,,,,,,,,,,,,,,,,,,,,,,,,,,,,,,1238,3058,3381,2212,3145,4307,2660,3513,2403,2220,3771,84171,4785,2557,243816,3850,6706,2044,1852,2465,3709,1719,5150,1617,1649,2470,2250,823,4101,2957,1676,2527,3619,2957,1820,4380,1515,2950,1698,1358,2089,3780,1706,2064,291253,3544,1783,2469,4092,2925,5401,272,4777,4544,6943,5185,4212,2566,3502,1698,1300,2509,1723,3288,1470,6030,2870,3049,3598,4225,3172,3251,5501,3036,1761,135054,1712,2086,5359,1313,3952,3923,211241,3119,3402,3033,6545,2345,8837,,4872,8152,3746,7532,5490,4166,4238,4260,6737,94465,4755,9067,7487,7294,9537,3373,4856,4498,7876,4241,7784,4941,3348,3555,3337,8808,11283,8399,7657,3778,2771,7225,26021,4178,8595,7320,5487,5144,3080,4963,86859,3870,13725,3099,3699,2570,8552,7972,3582,320715,8319,5678,2961,3667,4112,4058,4668,3139,5712,6262,125852,4888,4891,4382,5558,6678,5211,16776,19846,5830,6721,4074,2951,6753,4566,4573,3418,7326,5188,161268,17956,5195,4014,6094,4518,3402,5506,9237
e2a617a7-ac79-4273-b7a1-aa4c324d3698,5c70914d-5350-421b-86c6-56c835e4e10b,2026-09-22 03:43:55,,,In progress,Tablet,en-US,24958,,,,,,,,,,,,,,,,,,,,,,,,,,,,,,,,,,,,,,,,,,,,,,,,,,,,,,,,,,,,,,,,,,,,,,,,,,,,,,,,,,,,,,,,,,,,,,,,,,,,,,,,,,,,,,,,,,,,,,,,,,,,,,,,,,,,,,,,,,,,,,,,,,,,,,,,,,,,,,,,,,,,,,,,,,,,,,,,,,,,,,,,,,,,,,,,,,,,,,,,,,,,,,,,,,,,,,,,,,,,,,,,,,,,,,,,,,,,,,,,,,,,,,,,,,,,,,,,,,,,,,,,,,,,,,
9ade4db8-83fe-4b0f-82ae-c548b2359480,b7e83f12-cb8a-44f7-a6bc-46d78bc82f64,2026-09-22 03:45:07,,,In progress,Desktop,en-US,4268,,,,,,,,,,,,,,,,,,,,,,,,,,,,,,,,,,,,,,,,,,,,,,,,,,,,,,,,,,,,,,,,,,,,,,,,,,,,,,,,,,,,,,,,,,,,,,,,,,,,,,,,,,,,,,,,,,,,,,,,,,,,,,,,,,,,,,,,,,,,,,,,,,,,,,,,,,,,,,,,,,,,,,,,,,,,,,,,,,,,,,,,,,,,,,,,,,,,,,,,,,,,,,,,,,,,,,,,,,,,,,,,,,,,,,,,,,,,,,,,,,,,,,,,,,,,,,,,,,,,,,,,,,,,,,
a48f4201-040b-4761-b767-8ccb2f51e21a,cd561dbe-7497-4867-afb6-61023b116b42,2026-09-22 03:54:02,,,In progress,Desktop,en-US,3425,,,,,,,,,,,,,,,,,,,,,,,,,,,,,,,,,,,,,,,,,,,,,,,,,,,,,,,,,,,,,,,,,,,,,,,,,,,,,,,,,,,,,,,,,,,,,,,,,,,,,,,,,,,,,,,,,,,,,,,,,,,,,,,,,,,,,,,,,,,,,,,,,,,,,,,,,,,,,,,,,,,,,,,,,,,,,,,,,,,,,,,,,,,,,,,,,,,,,,,,,,,,,,,,,,,,,,,,,,,,,,,,,,,,,,,,,,,,,,,,,,,,,,,,,,,,,,,,,,,,,,,,,,,,,,
03ac5ef7-1932-42a6-854b-cdb605dc57ce,fb4cc5cd-34d6-42ad-ae5b-80b93a3d7c97,2026-09-22 04:05:49,2026-09-22 04:26:20,1230,Completed,Desktop,en-US,8325,2994,2965,2953,,3292,2286,3764,1699,2591,8047,1269,2796,2042,5332,2245,1088,5559,4033,5062,3463,1329,1184,2470,3491,3632,3197,5030,5086,3041,3215,4137,1873,5729,6704,5251,3898,5010,2499,2077,2093,1271,1116,5237,1460,1790,10372,1496,2602,2312,3460,3318,3153,3109,2205,8868,1993,3767,2731,4426,6113,2519,5272,3047,3929,3882,5515,6532,4710,6200,1343,3777,1696,1732,1668,4547,1739,2227,5044,5565,2584,2574,6737,7805,2191,1640,4029,4870,3106,3203,3306,4124,2394,,,,,,,,,,,,,,,,,,,,,,,,,,,,,,,,,,,,,,,,,,,,,,,,,,,,,,,,,,,,,,,,,,,,,,,,,,,,,,,,,,,,,,,,,10313,54792,2409,4672,6908,13391,3574,4306,5117,10033,6885,4563,9499,4374,6169,11815,6659,9064,4852,4857,13107,8440,8090,4642,4726,8348,4040,18079,4461,5919,4795,22301,10621,6603,13026,8782,5553,5607,5996,3271,3285,2354,5155,7358,5860,5236,12675,5283,6776,5772,8625,10258,12125,4940,20323,6837,9676,7166,6719,4525,5430,7029,7361,4870,7582,6555,5445,11201,6523,7708,8914,6114,3447,7181,5329,5633,5011,10047,7045,4366,8313,7747,3478,6418,11356,5411,10374,15643,4257,7788
4a678a08-1fde-45ce-ad42-d5f142f71fd6,7bfa15e4-2db4-40ac-9950-b33a061b1d36,2026-09-22 04:05:58,,,In progress,Mobile,en-US,4134,,,,,,,,,,,,,,,,,,,,,,,,,,,,,,,,,,,,,,,,,,,,,,,,,,,,,,,,,,,,,,,,,,,,,,,,,,,,,,,,,,,,,,,,,,,,,,,,,,,,,,,,,,,,,,,,,,,,,,,,,,,,,,,,,,,,,,,,,,,,,,,,,,,,,,,,,,,,,,,,,,,,,,,,,,,,,,,,,,,,,,,,,,,,,,,,,,,,,,,,,,,,,,,,,,,,,,,,,,,,,,,,,,,,,,,,,,,,,,,,,,,,,,,,,,,,,,,,,,,,,,,,,,,,,,
5759c382-540f-442f-adaa-ecbff40bad96,5d70f1aa-2aeb-4d56-b5f6-d0e98fc9d752,2026-09-22 04:06:27,,,In progress,Desktop,en-US,7984,,,,,,,,,,,,,,,,,,,,,,,,,,,,,,,,,,,,,,,,,,,,,,,,,,,,,,,,,,,,,,,,,,,,,,,,,,,,,,,,,,,,,,,,,,,,,,,,,,,,,,,,,,,,,,,,,,,,,,,,,,,,,,,,,,,,,,,,,,,,,,,,,,,,,,,,,,,,,,,,,,,,,,,,,,,,,,,,,,,,,,,,,,,,,,,,,,,,,,,,,,,,,,,,,,,,,,,,,,,,,,,,,,,,,,,,,,,,,,,,,,,,,,,,,,,,,,,,,,,,,,,,,,,,,,
6de38646-92db-4b97-9eb1-5e811c55421d,64082dd7-7dba-4ec9-9e5d-deade3beaf62,2026-09-22 04:09:57,,,In progress,Desktop,en-US,3371,,,,,,,,,,,,,,,,,,,,,,,,,,,,,,,,,,,,,,,,,,,,,,,,,,,,,,,,,,,,,,,,,,,,,,,,,,,,,,,,,,,,,,,,,,,,,,,,,,,,,,,,,,,,,,,,,,,,,,,,,,,,,,,,,,,,,,,,,,,,,,,,,,,,,,,,,,,,,,,,,,,,,,,,,,,,,,,,,,,,,,,,,,,,,,,,,,,,,,,,,,,,,,,,,,,,,,,,,,,,,,,,,,,,,,,,,,,,,,,,,,,,,,,,,,,,,,,,,,,,,,,,,,,,,,
28d24ca6-5149-4596-9038-f3be70ffc605,f6a7d1a2-bd95-41ec-b155-82a20c0b0e8b,2026-09-22 04:18:57,,,In progress,Desktop,en-US,6965,3618,7311,5217,,,,,,,,,,,,,,,,,,,,,,,,,,,,,,,,,,,,,,,,,,,,,,,,,,,,,,,,,,,,,,,,,,,,,,,,,,,,,,,,,,,,,,,,,,,,,,,,,,,,,,,,,,,,,,,,,,,,,,,,,,,,,,,,,,,,,,,,,,,,,,,,,,,,,,,,,,,,,,,,,,,,,,,,,,,,,,,,,,,,,,,,,,,,,,,,,,,,,,,,,,,,,,,,,,,,,,,,,,,,,,,,,,,,,,,,,,,,,,,,,,,,,,,,,,,,,,,,,,,,,,,,,,,
643fda45-53cd-4231-8f00-e114548d87e8,705ebe04-0224-48a8-bae9-e5c4cb17b53e,2026-09-22 04:34:52,2026-09-22 04:57:36,1364,Completed,Desktop,en-US,3345,4545,6527,5626,,2112,1983,1985,6815,8555,2596,10490,2497,4057,2902,2136,3090,5358,7991,5253,3117,2754,1918,4544,5709,4571,6075,12714,9816,7448,2744,1634,4275,4212,5426,4652,2448,9684,9850,3138,4863,1794,2424,8937,2563,2655,5732,5988,2405,5130,5787,6239,4840,4567,3271,5008,3920,4464,4597,3895,2750,8379,2846,3212,4786,11237,9263,4160,3805,9269,2124,10960,8416,9025,6183,5004,3119,2306,9058,5496,3547,8406,3669,3618,4231,8151,3451,11536,4176,4575,3263,2214,3190,,,,,,,,,,,,,,,,,,,,,,,,,,,,,,,,,,,,,,,,,,,,,,,,,,,,,,,,,,,,,,,,,,,,,,,,,,,,,,,,,,,,,,,,,9256,,7288,4439,5345,8583,7401,5464,7303,4993,5715,14298,6230,4795,12608,7645,16570,8159,8292,4495,5972,8139,5870,7735,20617,12498,7148,5681,14464,6444,7861,6072,8443,15327,10962,7358,7536,8594,4200,3833,7570,4420,7900,6314,6806,4927,9758,4753,6579,6996,15485,13136,5437,10797,8381,6986,10015,11279,5950,4381,6316,5857,12019,16901,7208,9706,8997,15510,10178,12445,8481,6018,8278,6870,7999,6931,10033,10651,5224,8702,4511,6084,6826,3873,11031,6126,6083,9517,8763,9268
a3e4bbc0-fee8-4f69-9f70-f452a611d6e3,5355e4c7-453e-4a4c-a4f3-cc2f47dfdc7e,2026-09-22 04:48:10,,,In progress,Desktop,en-US,2878,,,,,,,,,,,,,,,,,,,,,,,,,,,,,,,,,,,,,,,,,,,,,,,,,,,,,,,,,,,,,,,,,,,,,,,,,,,,,,,,,,,,,,,,,,,,,,,,,,,,,,,,,,,,,,,,,,,,,,,,,,,,,,,,,,,,,,,,,,,,,,,,,,,,,,,,,,,,,,,,,,,,,,,,,,,,,,,,,,,,,,,,,,,,,,,,,,,,,,,,,,,,,,,,,,,,,,,,,,,,,,,,,,,,,,,,,,,,,,,,,,,,,,,,,,,,,,,,,,,,,,,,,,,,,,
a70bdc1f-3033-44c5-b546-2c28e5c48dde,09fed2ba-8847-4c73-8315-a54e86a60268,2026-09-22 04:59:14,2026-09-22 05:27:44,1710,Completed,Desktop,en-US,6831,4579,5763,7268,,2045,4273,2452,3387,4286,2877,2581,1903,5008,1850,2688,4659,5095,1992,3444,4503,1755,3140,3217,4991,2319,2946,2918,4410,7575,2315,2390,1883,3446,11811,16738,5629,3118,6641,3510,2566,2591,2026,2295,4834,4322,2847,1974,2903,2578,3160,4653,4210,3774,3748,4026,3427,14041,4367,3655,3559,3499,2639,5185,2402,1900,3116,3326,3724,4594,2179,2979,4268,3030,2324,2276,2829,3339,2957,5062,5965,5084,3204,6021,2473,2059,3782,4519,3434,3077,3350,5044,4085,,,,,,,,,,,,,,,,,,,,,,,,,,,,,,,,,,,,,,,,,,,,,,,,,,,,,,,,,,,,,,,,,,,,,,,,,,,,,,,,,,,,,,,,,15453,,9806,10054,7738,6413,5766,7204,9172,22920,11122,7595,8844,8881,11869,13311,12317,8004,6305,8391,8658,7688,10736,8193,10260,10982,5631,5407,12685,6811,7160,39961,8007,6284,11139,9597,8596,6832,5547,6516,9369,7506,7362,8487,9010,9487,9010,9204,7816,8907,7453,6851,7901,7488,9175,9424,8895,9650,17558,6637,8858,9190,7059,8121,6659,6203,6455,5709,10339,6861,7986,6968,9969,7766,8480,9268,7630,8152,7073,6935,9367,8677,5823,9310,8945,9809,8777,10012,8319,8419
b378be2e-9d26-4d2b-a726-f2b73d575d4c,a806535d-f5e3-41f0-bd38-a226a688d7e0,2026-09-22 05:17:48,2026-09-22 05:49:37,1909,Completed,Desktop,en-US,3279,4993,5300,4894,,,,,,,,,,,,,,,,,,,,,,,,,,,,,,,,,,,,,,,,,,,,,,,,,,,,,,,,,,,,,,,,,,,,,,,,,,,,,,,,,,,,,,,,,,10018,3713,7064,2915,5793,2668,5169,4398,3942,3750,5933,3182,8507,11363,16354,6493,4243,15542,12780,9702,4947,5661,5523,5065,4142,6310,7292,5950,3656,4439,5323,10348,7644,24533,17311,4240,10553,2670,3503,3782,8511,2789,3503,7064,4190,5753,8654,16559,8342,6295,5615,9147,18574,8522,10624,4928,5560,3230,6118,8222,11333,13225,4458,5509,3768,7309,22176,5745,26246,9939,10720,4571,8754,8975,8607,10833,8491,4011,15275,5242,10940,8254,6508,7581,4082,7049,5093,8081,11213,,10443,9019,11805,17570,10259,11250,7554,10714,6840,6108,6145,5486,4851,12694,19685,7032,5397,6269,10020,6300,11778,5489,11444,8988,14225,12820,23934,4605,9296,31179,6865,31794,5495,8364,9112,21050,8372,3928,11902,10877,11167,5322,14074,5323,25686,12829,6579,6241,4895,4272,7612,4395,8432,8787,7812,14619,17170,8080,8151,17593,12945,10676,9681,9029,16798,7704,18504,14549,9022,11906,8272,20988,14971,13133,29622,20549,6970,12205,7362,8683,7402,5355,9840,24739,6295,9798,10421,7854
b479f28f-39d5-475e-a844-ade9af6e027e,aa565bbf-09b0-4d96-8574-d9b15c876fc8,2026-09-22 05:21:10,,,In progress,Mobile,en-US,4159,,,,,,,,,,,,,,,,,,,,,,,,,,,,,,,,,,,,,,,,,,,,,,,,,,,,,,,,,,,,,,,,,,,,,,,,,,,,,,,,,,,,,,,,,,,,,,,,,,,,,,,,,,,,,,,,,,,,,,,,,,,,,,,,,,,,,,,,,,,,,,,,,,,,,,,,,,,,,,,,,,,,,,,,,,,,,,,,,,,,,,,,,,,,,,,,,,,,,,,,,,,,,,,,,,,,,,,,,,,,,,,,,,,,,,,,,,,,,,,,,,,,,,,,,,,,,,,,,,,,,,,,,,,,,,
c3a36114-39a7-4516-8f60-5153701e66a4,3227eafd-263a-44c8-ab3f-33b33a7ef4d3,2026-09-22 05:21:46,2026-09-22 05:59:27,2260,Completed,Desktop,en-US,3674,5306,4624,6852,,,,,,,,,,,,,,,,,,,,,,,,,,,,,,,,,,,,,,,,,,,,,,,,,,,,,,,,,,,,,,,,,,,,,,,,,,,,,,,,,,,,,,,,,,5686,4940,4273,5414,4989,2844,3943,4824,11934,3432,7435,11465,6619,4682,6775,12561,3600,2828,6785,12409,9852,8078,11042,8022,2672,4291,4171,3814,5875,7887,14246,10558,15358,17781,5292,13226,1819,2681,2171,9802,6066,3746,6125,4191,9649,18879,7272,7542,23534,10288,3913,5119,7176,6159,15795,3866,7497,4962,6690,4553,11212,5504,7153,6718,8050,3117,8907,6916,6858,3911,5196,4672,10049,5507,9721,7765,12422,6485,10880,7537,3930,2457,5813,8735,4879,3970,5670,5313,10799,,7922,8231,10698,18032,7095,7121,13909,7710,8781,7750,11825,15574,10830,17436,12785,15530,7135,8727,14399,17012,13412,9489,10043,11914,14682,8420,10083,11553,17974,17228,6544,11685,17271,12412,14131,10414,7363,8537,7386,6710,8919,6413,8530,7574,18339,12709,9920,13274,10004,6862,9240,9305,26541,11384,16696,9691,8706,14765,11736,8830,32617,12055,18198,12362,14414,12279,11317,14220,12445,10271,8035,8749,21472,9309,18405,10838,22201,10818,9207,21743,8911,12144,14898,11333,10361,7890,14127,9705
92585f25-c7b3-4e2e-b465-0ebe572403eb,0cd0fabe-8c2b-44dd-81ca-4e9bac3aa68e,2026-09-22 05:25:12,2026-09-22 05:55:37,1825,Completed,Desktop,en-US,2469,3159,3904,9414,,,,,,,,,,,,,,,,,,,,,,,,,,,,,,,,,,,,,,,,,,,,,,,,,,,,,,,,,,,,,,,,,,,,,,,,,,,,,,,,,,,,,,,,,,3067,1371,3540,3401,2728,7370,3805,2671,2725,5260,7981,2647,1876,6859,1422,2619,5577,3621,6453,5159,4032,4257,6445,4032,2072,3077,11517,1519,7103,2804,5585,3242,2274,1404,5264,6542,1737,1263,2880,3002,3037,1530,4923,2988,3085,4104,4230,2959,3976,3785,6889,3407,12177,3624,3922,4030,4708,3420,3913,4937,6070,5376,4684,3592,2372,3818,1213,3571,3594,2460,3169,3127,9061,4154,4544,2204,3916,4624,5900,3202,2738,3277,5555,3705,5148,3953,2963,6217,9966,,3988,4885,7668,3450,13822,4578,4654,9247,8355,7054,4414,11064,9993,8270,8937,6893,5541,4428,7385,4781,5655,3454,6184,4376,6320,19488,4150,6566,7131,6202,5396,3912,4948,4665,3748,10900,8130,11361,3600,4163,7031,11880,7847,4095,5129,5634,4867,37876,6448,12201,37462,9219,5863,4685,9480,6942,8483,20547,8971,4341,10839,11076,4945,3950,13992,3613,4692,8778,4337,8219,9454,18156,4211,8473,3083,5592,4246,20967,7830,5124,3640,13058,4083,5072,3583,3953,6885,9627
274b26f8-f3fc-4756-9e37-f700b1534a99,ce9a34f1-3b67-4cc2-87a6-02cd55377718,2026-09-22 05:31:59,2026-09-22 05:58:20,1580,Completed,Desktop,en-US,17881,3541,5077,4358,,3792,5743,4451,4028,3743,5498,3691,4820,4172,4774,2755,2374,2917,3266,7195,2625,3869,3154,6636,7746,5015,2748,5484,4313,3186,2652,5258,3123,4393,5740,12260,5309,6283,4352,13458,3745,2157,3790,2996,2717,4132,2941,2770,3240,5397,6345,5395,4192,7243,4595,3700,8220,4215,4635,12737,4055,4848,3032,10820,6915,3308,6779,2754,9173,10392,5172,5664,3880,5285,3768,9256,6497,3784,2227,5139,4399,6658,1574,3040,5662,2568,4102,6309,9953,3442,5928,6109,8766,,,,,,,,,,,,,,,,,,,,,,,,,,,,,,,,,,,,,,,,,,,,,,,,,,,,,,,,,,,,,,,,,,,,,,,,,,,,,,,,,,,,,,,,,14551,,9293,7995,12600,10072,9704,10961,15248,8477,16689,7525,10890,8396,9745,7878,17778,23771,7176,9162,9326,7601,10160,10812,11339,9061,11366,7075,5842,7854,8028,7299,8964,10043,12647,10848,8224,9201,4132,4846,10595,8374,4833,7351,11718,5677,9556,9952,12038,7073,12317,9870,10223,8387,28473,8805,13293,20178,8446,5009,7137,7326,8160,10384,7166,6760,6411,6610,8636,17273,11714,13802,14981,7118,12490,14893,10154,6642,8585,14467,7564,9040,5987,9138,7991,14186,14814,9167,8705,10494
f5c25e44-982d-4122-8154-55ec7ef1ce29,0c8abdc0-9fff-42f5-91ef-73ef417acbdc,2026-09-22 05:45:15,,,In progress,Mobile,en-US,10807,4675,5479,2677,,,,,,,,,,,,,,,,,,,,,,,,,,,,,,,,,,,,,,,,,,,,,,,,,,,,,,,,,,,,,,,,,,,,,,,,,,,,,,,,,,,,,,,,,,,,,,,,,,,,,,,,,,,,,,,,,,,,,,,,,,,,,,,,,,,,,,,,,,,,,,,,,,,,,,,,,,,,,,,,,,,,,,,,,,,,,,,,,,,,,,,,,,,,,,,,,,,,,,,,,,,,,,,,,,,,,,,,,,,,,,,,,,,,,,,,,,,,,,,,,,,,,,,,,,,,,,,,,,,,,,,,,,,
853d736d-afed-42a7-85e5-a774734095bf,6b554f21-1bd6-4547-9217-9399ec0159a5,2026-09-22 05:45:34,,,In progress,Mobile,en-US,5605,,,,,,,,,,,,,,,,,,,,,,,,,,,,,,,,,,,,,,,,,,,,,,,,,,,,,,,,,,,,,,,,,,,,,,,,,,,,,,,,,,,,,,,,,,,,,,,,,,,,,,,,,,,,,,,,,,,,,,,,,,,,,,,,,,,,,,,,,,,,,,,,,,,,,,,,,,,,,,,,,,,,,,,,,,,,,,,,,,,,,,,,,,,,,,,,,,,,,,,,,,,,,,,,,,,,,,,,,,,,,,,,,,,,,,,,,,,,,,,,,,,,,,,,,,,,,,,,,,,,,,,,,,,,,,
ab00f34e-2819-49a6-9195-806aeeb0dd88,5c699a1d-3c85-4b7a-92bc-0d0eb0fcd426,2026-09-22 05:49:25,2026-09-22 06:10:37,1271,Completed,Desktop,en-US,5913,4815,5575,8437,,10684,586,301,4121,117,5989,1003,44,826,1513,318,62,405,331,1096,1136,1604,680,373,514,442,2466,1206,350,3444,1122,717,1055,419,195,1402,8285,4594,404,450,2592,394,1418,3057,2001,4887,350,1862,519,3558,2368,166,494,423,716,1173,331,404,957,2244,1892,22181,676,97,1026,3613,24,6541,105,307,1168,211,299,8751,335,6250,83,1602,404,3641,12154,152,99,2239,1125,59,278,478,810,1785,2185,2205,283,,,,,,,,,,,,,,,,,,,,,,,,,,,,,,,,,,,,,,,,,,,,,,,,,,,,,,,,,,,,,,,,,,,,,,,,,,,,,,,,,,,,,,,,,21056,,5739,6117,3542,11714,6378,1824,5536,2488,6845,3583,4277,9288,6021,2922,2428,3658,3650,4273,14556,6983,4481,10173,10115,4804,9610,2271,2148,1785,5695,3187,3783,2041,3314,2155,2290,4292,4540,2154,4460,3756,2071,2948,2210,4506,3041,5870,3021,1878,6943,3795,6451,2832,1961,14447,6418,8893,23790,5412,9993,20296,3126,5131,3700,2799,1789,2563,2350,8348,4683,2126,9825,6741,7645,4105,2028,9301,1768,4486,2658,6016,2443,5573,10159,7131,6935,2013,2103,2054
f7b47850-e055-4767-b17a-45be4f6f38a5,b3dcd5ea-ccdc-47f4-9a62-dde32a0a3c1c,2026-09-22 06:12:11,,,In progress,Desktop,en-US,4596,,,,,,,,,,,,,,,,,,,,,,,,,,,,,,,,,,,,,,,,,,,,,,,,,,,,,,,,,,,,,,,,,,,,,,,,,,,,,,,,,,,,,,,,,,,,,,,,,,,,,,,,,,,,,,,,,,,,,,,,,,,,,,,,,,,,,,,,,,,,,,,,,,,,,,,,,,,,,,,,,,,,,,,,,,,,,,,,,,,,,,,,,,,,,,,,,,,,,,,,,,,,,,,,,,,,,,,,,,,,,,,,,,,,,,,,,,,,,,,,,,,,,,,,,,,,,,,,,,,,,,,,,,,,,,
38619aa9-d7c5-4a13-8539-80cde7a47c82,37a148b3-682b-4b32-bc0f-a51b08816385,2026-09-22 06:16:09,2026-09-22 06:41:12,1503,Completed,Desktop,en,39877,4804,4122,7184,,,,,,,,,,,,,,,,,,,,,,,,,,,,,,,,,,,,,,,,,,,,,,,,,,,,,,,,,,,,,,,,,,,,,,,,,,,,,,,,,,,,,,,,,,1825,2608,1740,2578,1929,1745,1778,2028,2481,1615,1610,3108,2924,1201,3631,2637,1974,1346,3045,5370,6729,2481,1559,2831,2398,2215,1643,2188,1270,2785,2875,3596,4524,5895,3277,2940,1879,1517,182,2756,2325,1686,2375,2163,3851,1639,3570,2152,2253,1292,2847,2223,2566,392,3129,296,2766,2071,1820,1440,3085,3133,1441,1916,1694,2376,2552,2642,1007,3537,2522,1814,1311,2629,2616,574,2990,3316,3344,2890,2067,5906,2431,3507,4897,3303,1728,2081,9556,,10356,6232,20554,9537,13434,5828,8397,6325,11635,6221,6087,8320,7978,7705,9337,10608,8069,4692,7824,9618,11257,8929,10889,6872,11909,5267,7483,6742,18994,7969,7531,5955,8015,11730,12479,12716,5970,12366,7075,9139,6862,5153,12303,7484,21082,9260,7988,9665,11322,9991,8669,10720,9757,10517,21474,9480,13533,7148,21467,9789,7553,13901,7699,8484,6106,15699,10180,7389,8443,6734,7017,4934,19402,21127,22921,13861,7014,6621,9686,10793,5962,6068,8063,14316,10013,8699,5630,7526
80fc6f8a-1e5b-4d9a-b99e-407494e480dd,65e90128-79f3-4783-96ab-9b2a36216a58,2026-09-22 06:42:13,,,In progress,Desktop,en-US,47874,,,,,,,,,,,,,,,,,,,,,,,,,,,,,,,,,,,,,,,,,,,,,,,,,,,,,,,,,,,,,,,,,,,,,,,,,,,,,,,,,,,,,,,,,,,,,,,,,,,,,,,,,,,,,,,,,,,,,,,,,,,,,,,,,,,,,,,,,,,,,,,,,,,,,,,,,,,,,,,,,,,,,,,,,,,,,,,,,,,,,,,,,,,,,,,,,,,,,,,,,,,,,,,,,,,,,,,,,,,,,,,,,,,,,,,,,,,,,,,,,,,,,,,,,,,,,,,,,,,,,,,,,,,,,,
8ff5be13-11c0-44ff-b4fc-c5126699f0e2,2af6328d-f7f6-450a-84b5-61aeabd90606,2026-09-22 06:51:01,,,In progress,Mobile,en-US,9203,,,,,,,,,,,,,,,,,,,,,,,,,,,,,,,,,,,,,,,,,,,,,,,,,,,,,,,,,,,,,,,,,,,,,,,,,,,,,,,,,,,,,,,,,,,,,,,,,,,,,,,,,,,,,,,,,,,,,,,,,,,,,,,,,,,,,,,,,,,,,,,,,,,,,,,,,,,,,,,,,,,,,,,,,,,,,,,,,,,,,,,,,,,,,,,,,,,,,,,,,,,,,,,,,,,,,,,,,,,,,,,,,,,,,,,,,,,,,,,,,,,,,,,,,,,,,,,,,,,,,,,,,,,,,,
59421b91-e349-4f61-9c83-b1962859121f,5aba3dd2-7c60-4516-b5e1-ddd20528bd4f,2026-09-22 06:54:40,2026-09-22 07:18:23,1422,Completed,Desktop,en-US,9459,3661,6820,7350,,3420,2301,3054,5097,2021,3655,2147,3769,2934,1780,3976,10777,8264,7154,12925,3964,6115,1709,11653,4419,5302,4983,4565,6167,3786,5908,9353,4517,7226,4670,1983,5794,9888,9051,3590,6340,1387,1407,4871,2099,1812,5411,2778,7033,6849,7588,3374,3369,5175,9653,5541,5318,7435,7361,5701,1973,5119,2552,6595,5351,5539,4782,2516,2827,3148,2759,4000,11215,6941,4937,4867,3697,5140,5419,9992,6793,6775,4033,12850,5228,3859,8563,5539,4086,11642,5439,2535,10254,,,,,,,,,,,,,,,,,,,,,,,,,,,,,,,,,,,,,,,,,,,,,,,,,,,,,,,,,,,,,,,,,,,,,,,,,,,,,,,,,,,,,,,,,10182,,7195,4345,3806,7952,5653,5173,9208,8105,10494,7634,6720,10190,7288,5101,5780,7311,3833,3525,7732,13094,7644,10418,8260,4364,5135,5670,4893,7601,9943,12876,12195,5771,7830,10333,5830,7285,2971,10909,3391,7665,6494,4771,12363,4399,5069,4808,3782,9288,,8687,14090,13149,8858,5561,9603,9121,10066,6583,5020,11349,10523,6072,4529,,4202,10342,20635,9131,7682,12373,5341,5516,5325,12083,13706,11411,6560,4661,5062,11196,3457,7400,7517,12353,9633,10109,20558,10560
c58b1f90-bc8f-4309-8967-ee23f61c28fa,e73bd82c-04ca-4fcf-b170-faacb6d1d33c,2026-09-22 07:30:16,,,In progress,Desktop,en-US,6729,3938,4543,5929,,,,,,,,,,,,,,,,,,,,,,,,,,,,,,,,,,,,,,,,,,,,,,,,,,,,,,,,,,,,,,,,,,,,,,,,,,,,,,,,,,,,,,,,,,,,,,,,,,,,,,,,,,,,,,,,,,,,,,,,,,,,,,,,,,,,,,,,,,,,,,,,,,,,,,,,,,,,,,,,,,,,,,,,,,,,,,,,,,,,,,,,,,,,,,,,,,,,,,,,,,,,,,,,,,,,,,,,,,,,,,,,,,,,,,,,,,,,,,,,,,,,,,,,,,,,,,,,,,,,,,,,,,,
a31f3c8c-8b36-4ffb-832e-03cddb650f09,50fbc8bb-ac73-41dc-aeb9-4f6da53c6e1f,2026-09-22 08:27:59,,,In progress,Desktop,en-US,3873,,,,,,,,,,,,,,,,,,,,,,,,,,,,,,,,,,,,,,,,,,,,,,,,,,,,,,,,,,,,,,,,,,,,,,,,,,,,,,,,,,,,,,,,,,,,,,,,,,,,,,,,,,,,,,,,,,,,,,,,,,,,,,,,,,,,,,,,,,,,,,,,,,,,,,,,,,,,,,,,,,,,,,,,,,,,,,,,,,,,,,,,,,,,,,,,,,,,,,,,,,,,,,,,,,,,,,,,,,,,,,,,,,,,,,,,,,,,,,,,,,,,,,,,,,,,,,,,,,,,,,,,,,,,,,
ddbbd6e9-6809-4619-a57e-67d42c50e701,e016c2ac-a72b-434e-8e48-e1b586ac105e,2026-09-22 08:50:04,,,In progress,Desktop,en-US,6812,,,,,,,,,,,,,,,,,,,,,,,,,,,,,,,,,,,,,,,,,,,,,,,,,,,,,,,,,,,,,,,,,,,,,,,,,,,,,,,,,,,,,,,,,,,,,,,,,,,,,,,,,,,,,,,,,,,,,,,,,,,,,,,,,,,,,,,,,,,,,,,,,,,,,,,,,,,,,,,,,,,,,,,,,,,,,,,,,,,,,,,,,,,,,,,,,,,,,,,,,,,,,,,,,,,,,,,,,,,,,,,,,,,,,,,,,,,,,,,,,,,,,,,,,,,,,,,,,,,,,,,,,,,,,,
0e9e8157-e728-490e-adb9-095914dd49d8,d2aeb669-cce8-4025-89ff-d14047b5b560,2026-09-22 09:11:59,,,In progress,Desktop,en-US,3994,,,,,,,,,,,,,,,,,,,,,,,,,,,,,,,,,,,,,,,,,,,,,,,,,,,,,,,,,,,,,,,,,,,,,,,,,,,,,,,,,,,,,,,,,,,,,,,,,,,,,,,,,,,,,,,,,,,,,,,,,,,,,,,,,,,,,,,,,,,,,,,,,,,,,,,,,,,,,,,,,,,,,,,,,,,,,,,,,,,,,,,,,,,,,,,,,,,,,,,,,,,,,,,,,,,,,,,,,,,,,,,,,,,,,,,,,,,,,,,,,,,,,,,,,,,,,,,,,,,,,,,,,,,,,,
83396938-816d-4eb7-a822-7a1ec6bd261d,eee0c0a2-8550-450f-868f-d71cbeb9f9ff,2026-09-22 09:17:04,2026-09-22 09:43:41,1597,Completed,Desktop,en-US,6965,3658,6166,7746,,,,,,,,,,,,,,,,,,,,,,,,,,,,,,,,,,,,,,,,,,,,,,,,,,,,,,,,,,,,,,,,,,,,,,,,,,,,,,,,,,,,,,,,,,3298,3481,2693,4270,4258,2710,5510,2619,2201,3589,4570,7485,8700,10382,4567,5309,4041,17563,4570,4301,3708,4098,3239,1740,3270,2980,3561,4676,3843,3272,4270,5754,6731,6236,6646,3736,2215,6261,2543,3909,4773,1894,6537,7298,4430,4451,2729,3560,13838,7586,2932,5383,4447,3055,1385,986,9001,3804,13254,2283,5099,7742,2880,2047,3668,8271,8863,4133,5671,8755,3292,4820,15508,3416,3348,8397,8526,5955,2338,3479,1959,6008,4061,5437,8090,10274,3972,2173,11769,,4924,16178,7192,8479,7353,5665,11061,3832,10127,5809,11806,7410,7707,10707,8808,13722,4700,7721,17580,9745,6917,7158,8529,12397,9641,4715,7916,6369,9205,4154,6635,6081,7995,28525,25621,5581,4166,3868,6290,5419,7425,4348,17228,17423,12256,5590,6713,5579,9521,10083,8220,6534,10713,11144,11458,5384,7926,5665,16466,5387,10700,28392,7580,5393,5417,5367,14441,16418,17590,11056,3708,9120,9591,6790,8515,8388,15087,8156,5675,7238,5439,8352,5018,6680,8597,12569,7389,23051
2a862283-bfde-40b7-be7e-b5656394634b,698af544-aff7-41ba-aa49-e48a9cf3ca51,2026-09-22 09:21:24,,,In progress,Desktop,en-US,4741,2868,2415,7809,,,,,,,,,,,,,,,,,,,,,,,,,,,,,,,,,,,,,,,,,,,,,,,,,,,,,,,,,,,,,,,,,,,,,,,,,,,,,,,,,,,,,,,,,,,,,,,,,,,,,,,,,,,,,,,,,,,,,,,,,,,,,,,,,,,,,,,,,,,,,,,,,,,,,,,,,,,,,,,,,,,,,,,,,,,,,,,,,,,,,,,,,,,,,,,,,,,,,,,,,,,,,,,,,,,,,,,,,,,,,,,,,,,,,,,,,,,,,,,,,,,,,,,,,,,,,,,,,,,,,,,,,,,
87ae2f45-120d-46f2-bb02-d1f2b2b36e01,5da48714-3a11-4786-8b79-7994a3ac55e1,2026-09-22 09:29:14,2026-09-22 09:43:43,869,Completed,Desktop,en-US,4196,3265,6638,6298,,1277,1983,3092,3367,2548,1954,5821,2674,4813,1731,1558,4681,4712,11942,3062,4215,1473,2494,5392,4299,3178,2405,2377,5425,1481,1368,1515,1563,2192,2559,4288,3599,4980,2032,4776,5093,2287,1957,2145,2424,3576,3144,1394,2350,7933,3165,1894,1785,5039,3943,3824,2368,2331,1528,8334,2993,4983,2379,4178,1595,2821,4549,1437,1623,2883,4844,2082,4471,2839,4947,2283,2405,1333,2224,2536,1579,3448,4243,14309,3382,1614,4236,2712,2743,2579,2480,1892,3703,,,,,,,,,,,,,,,,,,,,,,,,,,,,,,,,,,,,,,,,,,,,,,,,,,,,,,,,,,,,,,,,,,,,,,,,,,,,,,,,,,,,,,,,,11766,11552,5424,4215,3619,11287,3720,3292,4266,3222,5653,2632,3749,3175,3195,8581,3490,6513,2949,3129,3860,11895,4654,2858,9204,3982,3515,2958,3309,2971,9339,6062,7997,4555,7192,9355,7025,6635,3013,3892,4721,2454,4842,2744,6428,4362,3902,3455,3641,4873,4203,4403,5385,7729,3267,4703,5841,4233,5966,3336,5618,3472,5127,3220,5223,3315,4572,3444,3735,7210,3343,3377,2984,3871,3040,3396,5239,4152,4168,3132,3427,4121,3859,4217,3467,4061,3998,3158,3081,4934
bc2c237e-197b-4a09-8da2-c049fe94ef01,10ff213d-e910-47bc-a811-3bbe79e6253c,2026-09-22 09:47:24,,,In progress,Mobile,en-US,17337,,,,,,,,,,,,,,,,,,,,,,,,,,,,,,,,,,,,,,,,,,,,,,,,,,,,,,,,,,,,,,,,,,,,,,,,,,,,,,,,,,,,,,,,,,,,,,,,,,,,,,,,,,,,,,,,,,,,,,,,,,,,,,,,,,,,,,,,,,,,,,,,,,,,,,,,,,,,,,,,,,,,,,,,,,,,,,,,,,,,,,,,,,,,,,,,,,,,,,,,,,,,,,,,,,,,,,,,,,,,,,,,,,,,,,,,,,,,,,,,,,,,,,,,,,,,,,,,,,,,,,,,,,,,,,
cf6bfcfd-46f6-42ba-824f-56454339c1ef,70f547fe-7167-4e8d-aa7e-88ed11eb285a,2026-09-22 09:48:44,,,In progress,Desktop,en-US,3677,,,,,,,,,,,,,,,,,,,,,,,,,,,,,,,,,,,,,,,,,,,,,,,,,,,,,,,,,,,,,,,,,,,,,,,,,,,,,,,,,,,,,,,,,,,,,,,,,,,,,,,,,,,,,,,,,,,,,,,,,,,,,,,,,,,,,,,,,,,,,,,,,,,,,,,,,,,,,,,,,,,,,,,,,,,,,,,,,,,,,,,,,,,,,,,,,,,,,,,,,,,,,,,,,,,,,,,,,,,,,,,,,,,,,,,,,,,,,,,,,,,,,,,,,,,,,,,,,,,,,,,,,,,,,,
f6a1aaeb-ec27-4ac5-ba4d-0337b92c7a46,e7892ad4-4c4b-4d91-88c1-a346a659298f,2026-09-22 09:51:48,,,In progress,Desktop,en-US,4142,,,,,,,,,,,,,,,,,,,,,,,,,,,,,,,,,,,,,,,,,,,,,,,,,,,,,,,,,,,,,,,,,,,,,,,,,,,,,,,,,,,,,,,,,,,,,,,,,,,,,,,,,,,,,,,,,,,,,,,,,,,,,,,,,,,,,,,,,,,,,,,,,,,,,,,,,,,,,,,,,,,,,,,,,,,,,,,,,,,,,,,,,,,,,,,,,,,,,,,,,,,,,,,,,,,,,,,,,,,,,,,,,,,,,,,,,,,,,,,,,,,,,,,,,,,,,,,,,,,,,,,,,,,,,,
995948e8-61d3-4225-9f32-adaf32348d2e,0ec83a6c-907a-4740-a798-47484598652e,2026-09-22 09:55:05,,,In progress,Desktop,en-US,6610,,,,,,,,,,,,,,,,,,,,,,,,,,,,,,,,,,,,,,,,,,,,,,,,,,,,,,,,,,,,,,,,,,,,,,,,,,,,,,,,,,,,,,,,,,,,,,,,,,,,,,,,,,,,,,,,,,,,,,,,,,,,,,,,,,,,,,,,,,,,,,,,,,,,,,,,,,,,,,,,,,,,,,,,,,,,,,,,,,,,,,,,,,,,,,,,,,,,,,,,,,,,,,,,,,,,,,,,,,,,,,,,,,,,,,,,,,,,,,,,,,,,,,,,,,,,,,,,,,,,,,,,,,,,,,
12d2eba4-a65d-4b04-87a0-ffd6d620c596,5c432f93-73be-42ab-8087-bba2948b422e,2026-09-22 10:17:01,,,In progress,Desktop,en-US,4629,,,,,,,,,,,,,,,,,,,,,,,,,,,,,,,,,,,,,,,,,,,,,,,,,,,,,,,,,,,,,,,,,,,,,,,,,,,,,,,,,,,,,,,,,,,,,,,,,,,,,,,,,,,,,,,,,,,,,,,,,,,,,,,,,,,,,,,,,,,,,,,,,,,,,,,,,,,,,,,,,,,,,,,,,,,,,,,,,,,,,,,,,,,,,,,,,,,,,,,,,,,,,,,,,,,,,,,,,,,,,,,,,,,,,,,,,,,,,,,,,,,,,,,,,,,,,,,,,,,,,,,,,,,,,,
0c3c14ba-e3d0-4c39-beca-298b3dca6552,7904dc8b-0618-4228-87b4-a52bf45af809,2026-09-22 10:41:42,,,In progress,Desktop,en-US,3859,,,,,,,,,,,,,,,,,,,,,,,,,,,,,,,,,,,,,,,,,,,,,,,,,,,,,,,,,,,,,,,,,,,,,,,,,,,,,,,,,,,,,,,,,,,,,,,,,,,,,,,,,,,,,,,,,,,,,,,,,,,,,,,,,,,,,,,,,,,,,,,,,,,,,,,,,,,,,,,,,,,,,,,,,,,,,,,,,,,,,,,,,,,,,,,,,,,,,,,,,,,,,,,,,,,,,,,,,,,,,,,,,,,,,,,,,,,,,,,,,,,,,,,,,,,,,,,,,,,,,,,,,,,,,,
82ced088-3c15-413d-a26a-8789fa7a319a,232c1d3f-4265-470d-9e6f-19e43015c2dd,2026-09-22 11:02:39,2026-09-22 11:21:32,1133,Completed,Desktop,en-US,3641,3843,3385,7337,,,,,,,,,,,,,,,,,,,,,,,,,,,,,,,,,,,,,,,,,,,,,,,,,,,,,,,,,,,,,,,,,,,,,,,,,,,,,,,,,,,,,,,,,,441,598,431,67,42,3782,1178,547,311,383,118,307,391,366,341,696,74,266,298,617,176,1311,477,316,431,819,819,1155,522,636,144,863,22,208,270,723,1326,881,323,392,143,86,5565,16188,558,2055,765,78,714,645,1216,378,356,292,760,751,273,818,540,258,349,63,418,425,396,601,336,813,998,690,2016,174,759,433,383,2446,1062,1313,369,2203,1606,913,392,459,831,269,133,392,6177,,6540,4928,7806,6486,5954,6113,7524,5626,6355,5335,4750,4901,9289,3982,4078,8339,5581,6667,11467,5985,10131,4955,6271,9202,8837,8432,7014,7556,8269,10475,4898,5183,10183,8569,14908,4497,6996,6838,8923,4417,6968,5603,6264,6448,5723,6587,5792,5083,8194,8546,6391,7942,7471,7055,9359,29722,4805,5789,8495,6393,5555,12325,5331,8810,6398,4614,8253,4005,6711,7219,7992,8874,6639,7224,6287,7462,6872,5825,8406,4927,5181,5004,8356,6772,15193,6442,5589,7450
8ad5ce63-38df-41f5-9db6-e5ea21edfc68,09d4dfad-6da7-4234-a03d-7aa99a1c1f9a,2026-09-22 11:12:59,,,In progress,Desktop,en-US,4219,,,,,,,,,,,,,,,,,,,,,,,,,,,,,,,,,,,,,,,,,,,,,,,,,,,,,,,,,,,,,,,,,,,,,,,,,,,,,,,,,,,,,,,,,,,,,,,,,,,,,,,,,,,,,,,,,,,,,,,,,,,,,,,,,,,,,,,,,,,,,,,,,,,,,,,,,,,,,,,,,,,,,,,,,,,,,,,,,,,,,,,,,,,,,,,,,,,,,,,,,,,,,,,,,,,,,,,,,,,,,,,,,,,,,,,,,,,,,,,,,,,,,,,,,,,,,,,,,,,,,,,,,,,,,,
d91c4736-9b08-4669-9148-102aa8a1dc31,ca00bfea-c3c2-42ef-8683-8b1c7bc3531f,2026-09-22 11:25:38,,,In progress,Desktop,en-US,3091,,,,,,,,,,,,,,,,,,,,,,,,,,,,,,,,,,,,,,,,,,,,,,,,,,,,,,,,,,,,,,,,,,,,,,,,,,,,,,,,,,,,,,,,,,,,,,,,,,,,,,,,,,,,,,,,,,,,,,,,,,,,,,,,,,,,,,,,,,,,,,,,,,,,,,,,,,,,,,,,,,,,,,,,,,,,,,,,,,,,,,,,,,,,,,,,,,,,,,,,,,,,,,,,,,,,,,,,,,,,,,,,,,,,,,,,,,,,,,,,,,,,,,,,,,,,,,,,,,,,,,,,,,,,,,
a8abb327-c207-4fbe-9bf4-298604aa7d9c,ca135139-3736-42bd-b08e-d46651a2c094,2026-09-22 11:26:31,,,In progress,Desktop,en-US,2609,,,,,,,,,,,,,,,,,,,,,,,,,,,,,,,,,,,,,,,,,,,,,,,,,,,,,,,,,,,,,,,,,,,,,,,,,,,,,,,,,,,,,,,,,,,,,,,,,,,,,,,,,,,,,,,,,,,,,,,,,,,,,,,,,,,,,,,,,,,,,,,,,,,,,,,,,,,,,,,,,,,,,,,,,,,,,,,,,,,,,,,,,,,,,,,,,,,,,,,,,,,,,,,,,,,,,,,,,,,,,,,,,,,,,,,,,,,,,,,,,,,,,,,,,,,,,,,,,,,,,,,,,,,,,,
1d4af96c-9577-48ce-9cbe-3b4b35093dd6,a9c0beae-cf42-4621-b14a-f2ef57e80550,2026-09-22 11:30:28,,,In progress,Desktop,en-US,6036,,,,,,,,,,,,,,,,,,,,,,,,,,,,,,,,,,,,,,,,,,,,,,,,,,,,,,,,,,,,,,,,,,,,,,,,,,,,,,,,,,,,,,,,,,,,,,,,,,,,,,,,,,,,,,,,,,,,,,,,,,,,,,,,,,,,,,,,,,,,,,,,,,,,,,,,,,,,,,,,,,,,,,,,,,,,,,,,,,,,,,,,,,,,,,,,,,,,,,,,,,,,,,,,,,,,,,,,,,,,,,,,,,,,,,,,,,,,,,,,,,,,,,,,,,,,,,,,,,,,,,,,,,,,,,
62acb92c-2f3d-4861-997d-cf78b3bdf503,b10c2eeb-da85-4e98-b5de-f8c3607dae3f,2026-09-22 11:39:57,2026-09-22 12:01:20,1283,Completed,Desktop,en-US,2936,5120,4472,5091,,,,,,,,,,,,,,,,,,,,,,,,,,,,,,,,,,,,,,,,,,,,,,,,,,,,,,,,,,,,,,,,,,,,,,,,,,,,,,,,,,,,,,,,,,2034,5558,1647,2055,3692,2149,5647,2543,2365,1839,2215,2437,2253,1760,4230,4276,3081,2984,5377,4546,3332,2694,2819,3394,1818,2488,6529,4592,2522,4933,3007,4160,4306,3817,4215,3633,3473,2691,3704,3649,2676,1804,4631,3172,3021,5899,2009,3383,4839,4521,2983,7147,3475,4362,7227,4152,1817,1577,5257,1805,2776,3973,2130,2212,2306,2912,5420,6683,5036,5490,2714,2253,2468,4315,2848,3848,3042,4076,4281,3338,1890,3829,4115,4753,2227,3827,5732,3480,5816,,5385,5111,10167,5554,7183,7654,9474,7538,7389,7655,9202,5743,5471,8011,10183,10878,6711,7895,9696,12589,13924,9986,11595,9991,5254,8415,9638,10269,10726,10151,12944,11821,11698,7873,14330,14631,12699,3162,8859,5481,5925,6052,10188,11437,12198,7649,7772,6771,10963,11841,11531,5296,11736,6221,12034,9662,29990,6431,8426,10253,9331,13862,11440,12317,9913,9213,9759,11271,11110,6186,6481,6273,9243,19266,11224,8812,8165,4401,6849,7908,4086,6836,6459,9956,10597,8592,5915,10163
c2283ea5-0107-483d-97ab-0310973f5a53,a0d38bd0-3029-425a-9ad7-8f0f0ea39824,2026-09-22 11:42:18,,,In progress,Desktop,en-US,6359,,,,,,,,,,,,,,,,,,,,,,,,,,,,,,,,,,,,,,,,,,,,,,,,,,,,,,,,,,,,,,,,,,,,,,,,,,,,,,,,,,,,,,,,,,,,,,,,,,,,,,,,,,,,,,,,,,,,,,,,,,,,,,,,,,,,,,,,,,,,,,,,,,,,,,,,,,,,,,,,,,,,,,,,,,,,,,,,,,,,,,,,,,,,,,,,,,,,,,,,,,,,,,,,,,,,,,,,,,,,,,,,,,,,,,,,,,,,,,,,,,,,,,,,,,,,,,,,,,,,,,,,,,,,,,
9e45bb3c-318b-46da-8af9-81bb5c4792dd,f4f78598-327b-4e3e-8a13-8df9091e5a2c,2026-09-22 11:51:29,2026-09-22 12:11:55,1225,Completed,Desktop,en-US,3033,3627,3761,5438,,1552,1307,1165,2999,1189,1431,616,1039,448,2203,4909,2070,6267,1396,6546,5393,1134,1955,4112,10892,3123,2298,2037,2209,2747,3735,4031,2009,2338,3177,2995,1007,1505,7035,3228,2351,1503,1233,1606,6133,2295,6509,2432,580,15650,3780,3393,2010,2252,2052,3081,3285,5000,3599,1156,1021,2415,943,1857,2683,1548,1607,2032,2130,2093,1681,632,5341,8429,2032,1862,4030,1458,947,5933,4509,5066,1100,1765,4492,18978,2912,4056,3539,5881,4893,3410,2459,,,,,,,,,,,,,,,,,,,,,,,,,,,,,,,,,,,,,,,,,,,,,,,,,,,,,,,,,,,,,,,,,,,,,,,,,,,,,,,,,,,,,,,,,13563,,9662,5340,10181,10283,7543,5732,7831,8043,8174,5177,7870,4966,9131,7725,10637,5910,4460,4479,5190,6244,15207,5035,6990,9705,5982,7659,4208,8837,4916,5803,40335,6976,11695,8480,17411,4726,4430,6468,4412,4228,15634,2763,5038,67578,5297,4166,5152,14571,5339,5082,6227,9034,12729,8269,7229,4808,7347,5594,4837,5441,18817,5146,4571,8637,4239,5415,8491,5627,4256,4026,7286,8593,10550,6734,12398,7858,8536,5905,4880,17791,6177,6717,5019,4921,9058,11606,6230,4671
a328a7ae-2d42-49ca-b97c-50b42791894f,f7283742-89f2-40fb-973c-aca8103af4ad,2026-09-22 11:54:21,,,In progress,Desktop,en-US,,,,,,,,,,,,,,,,,,,,,,,,,,,,,,,,,,,,,,,,,,,,,,,,,,,,,,,,,,,,,,,,,,,,,,,,,,,,,,,,,,,,,,,,,,,,,,,,,,,,,,,,,,,,,,,,,,,,,,,,,,,,,,,,,,,,,,,,,,,,,,,,,,,,,,,,,,,,,,,,,,,,,,,,,,,,,,,,,,,,,,,,,,,,,,,,,,,,,,,,,,,,,,,,,,,,,,,,,,,,,,,,,,,,,,,,,,,,,,,,,,,,,,,,,,,,,,,,,,,,,,,,,,,,,,,
d685e2d6-23f9-4f5d-aa08-2bdcc451bd24,e6940751-f01b-433c-8d55-8a6832a927bc,2026-09-22 12:09:39,2026-09-22 12:37:39,1679,Completed,Desktop,en-US,3761,3251,4962,5989,,4826,3591,46777,4562,2654,3163,6236,2418,5150,2897,5150,2235,5202,7264,7904,10299,3548,2962,5581,7050,6024,9025,5524,4036,3191,3976,3486,6839,6939,4630,9785,4601,5956,5291,3616,5034,2126,1151,1806,3384,2824,12601,3155,4649,21158,3383,3730,5574,6638,11054,4096,3679,6520,4543,8473,6052,8171,4893,8502,7632,6169,4716,8458,3304,5892,1791,6322,4157,5058,2754,4163,5873,4223,4353,4618,8440,4993,7211,4763,4085,6878,1972,4934,7786,4797,8827,2290,3999,,,,,,,,,,,,,,,,,,,,,,,,,,,,,,,,,,,,,,,,,,,,,,,,,,,,,,,,,,,,,,,,,,,,,,,,,,,,,,,,,,,,,,,,,32049,49903,7311,8997,12927,6625,5351,18340,7676,6169,6118,13537,21218,5501,24286,19566,12261,10705,10064,4376,14972,6872,6491,6394,11883,15598,9693,6987,8513,4578,6646,9598,9956,5364,7826,15679,5550,11801,3640,4062,4486,6039,14764,5865,5216,11429,27664,4235,4370,11234,9611,13098,8212,7152,6296,7191,16600,8735,7933,6601,15620,7956,6276,10698,7725,4586,10655,10723,11516,10540,9272,7756,13509,5864,10087,8817,10975,13059,9196,9588,6842,9528,4955,10465,16243,4797,7653,8066,10213,11192
fbf232ba-2427-42f9-9400-294a31e807b7,6cbd31c8-bb65-48b6-bd16-dffaae66caef,2026-09-22 12:16:49,2026-09-22 12:34:18,1048,Completed,Desktop,en-US,4718,5119,7232,6124,,1761,1851,1631,3217,2093,4338,1576,2279,3790,3658,2808,2687,1505,2266,3867,5794,4200,3818,4652,4959,1588,1644,2391,2569,2169,2734,1762,2379,2787,1388,6156,2560,2285,1124,3126,1440,2074,1426,3256,3505,1582,2326,1589,1919,3817,2025,2939,2072,4752,1645,6905,5617,3452,4410,2459,1070,7321,3133,2016,1465,4808,2215,4299,1339,2413,4126,4438,2354,1250,9105,2130,2156,2671,19933,4061,7588,4777,1342,3345,2187,1802,5752,6819,3405,2979,4211,5880,2004,,,,,,,,,,,,,,,,,,,,,,,,,,,,,,,,,,,,,,,,,,,,,,,,,,,,,,,,,,,,,,,,,,,,,,,,,,,,,,,,,,,,,,,,,9262,,5333,6172,4639,3940,4932,5409,7217,5289,5676,6312,4351,4432,5472,5996,8546,9800,2742,5250,5399,6614,4358,3213,4749,9643,4550,5400,5924,6918,5196,4858,5261,6094,5607,8237,5722,6727,5275,7789,6525,7703,5511,5692,6757,5333,6290,5045,4569,7316,7876,7204,6328,5560,6392,6221,8349,8565,5817,8368,3835,12410,7361,5276,9172,4929,2491,5190,6388,8845,5781,7442,7254,8631,6583,5762,5296,6776,5603,6352,9313,7509,6990,3567,6301,7320,4584,7603,5329,5827
b19eb824-1196-4080-8977-b8dcf48b5b4f,035d6734-93f1-44e3-90e3-65f82be0be2a,2026-09-22 12:25:59,,,In progress,Desktop,en-US,3675,,,,,,,,,,,,,,,,,,,,,,,,,,,,,,,,,,,,,,,,,,,,,,,,,,,,,,,,,,,,,,,,,,,,,,,,,,,,,,,,,,,,,,,,,,,,,,,,,,,,,,,,,,,,,,,,,,,,,,,,,,,,,,,,,,,,,,,,,,,,,,,,,,,,,,,,,,,,,,,,,,,,,,,,,,,,,,,,,,,,,,,,,,,,,,,,,,,,,,,,,,,,,,,,,,,,,,,,,,,,,,,,,,,,,,,,,,,,,,,,,,,,,,,,,,,,,,,,,,,,,,,,,,,,,,
8a4e7ac3-6288-4f12-8c5e-17402d47cc44,1431bc5f-397d-4567-bb1d-a15415f310d3,2026-09-22 12:36:43,,,In progress,Desktop,en-US,6718,,,,,,,,,,,,,,,,,,,,,,,,,,,,,,,,,,,,,,,,,,,,,,,,,,,,,,,,,,,,,,,,,,,,,,,,,,,,,,,,,,,,,,,,,,,,,,,,,,,,,,,,,,,,,,,,,,,,,,,,,,,,,,,,,,,,,,,,,,,,,,,,,,,,,,,,,,,,,,,,,,,,,,,,,,,,,,,,,,,,,,,,,,,,,,,,,,,,,,,,,,,,,,,,,,,,,,,,,,,,,,,,,,,,,,,,,,,,,,,,,,,,,,,,,,,,,,,,,,,,,,,,,,,,,,
be0599d2-ae8d-45a8-b8dd-ac5846321a20,6c7d126c-84e4-4dda-88bb-fde1ad57e7da,2026-09-22 12:43:36,,,In progress,Desktop,en-US,7232,,,,,,,,,,,,,,,,,,,,,,,,,,,,,,,,,,,,,,,,,,,,,,,,,,,,,,,,,,,,,,,,,,,,,,,,,,,,,,,,,,,,,,,,,,,,,,,,,,,,,,,,,,,,,,,,,,,,,,,,,,,,,,,,,,,,,,,,,,,,,,,,,,,,,,,,,,,,,,,,,,,,,,,,,,,,,,,,,,,,,,,,,,,,,,,,,,,,,,,,,,,,,,,,,,,,,,,,,,,,,,,,,,,,,,,,,,,,,,,,,,,,,,,,,,,,,,,,,,,,,,,,,,,,,,
0805e034-4468-49c8-ae0b-458132e76bf2,2e788fb5-f6cd-4454-b139-ba8a54b49e90,2026-09-22 12:48:01,,,In progress,Desktop,en-US,3555,,,,,,,,,,,,,,,,,,,,,,,,,,,,,,,,,,,,,,,,,,,,,,,,,,,,,,,,,,,,,,,,,,,,,,,,,,,,,,,,,,,,,,,,,,,,,,,,,,,,,,,,,,,,,,,,,,,,,,,,,,,,,,,,,,,,,,,,,,,,,,,,,,,,,,,,,,,,,,,,,,,,,,,,,,,,,,,,,,,,,,,,,,,,,,,,,,,,,,,,,,,,,,,,,,,,,,,,,,,,,,,,,,,,,,,,,,,,,,,,,,,,,,,,,,,,,,,,,,,,,,,,,,,,,,
18b6b126-52a9-4e13-91bd-fae2f24b2fb6,bdd79fe3-6b00-4872-bf88-82cc8c083fd5,2026-09-22 12:52:57,2026-09-22 13:33:51,2453,Completed,Desktop,en-US,5790,4633,5403,7499,,3738,16091,7916,5199,14180,3691,3834,3514,3243,2334,4117,8698,12173,10502,16382,27368,3008,3001,7900,8458,6234,5538,15872,29514,13797,25928,5757,2699,7923,6155,3741,5465,9052,6740,7053,16695,1895,1341,4206,4957,7074,3222,8385,7964,7621,25223,4468,5524,37917,47407,7625,7865,24832,13253,8524,28189,8447,5013,13102,4531,8832,13771,5787,10649,11546,4506,5897,13199,6409,6278,5168,11486,12008,6231,11038,13140,14174,12305,10043,10719,5645,5879,6531,6361,22091,9150,6912,5992,,,,,,,,,,,,,,,,,,,,,,,,,,,,,,,,,,,,,,,,,,,,,,,,,,,,,,,,,,,,,,,,,,,,,,,,,,,,,,,,,,,,,,,,,21735,,9557,29452,11010,19397,11460,13095,14626,8166,11543,6354,7205,6726,20933,13724,28900,21901,13302,7683,12890,24061,13225,16066,12689,23749,21335,21361,14348,12816,7999,17589,14989,12435,9704,17041,27577,21077,6381,7428,11697,9566,7909,19446,31772,15694,14194,16209,7296,39897,9909,38822,12050,5862,9762,10600,12986,10797,15949,7413,9596,13956,35703,7840,12610,9507,6277,10750,22314,11735,8429,10198,10510,18037,11886,10043,18116,22823,10260,19061,14738,10470,6458,9627,14299,13276,15574,13330,18977,14017
8056ccf1-07e8-4d87-9a44-a018cdcf318d,c67e785b-0d3d-47dd-a8ed-f7e8c0f23064,2026-09-22 12:57:33,,,In progress,Desktop,en-US,9408,,,,,,,,,,,,,,,,,,,,,,,,,,,,,,,,,,,,,,,,,,,,,,,,,,,,,,,,,,,,,,,,,,,,,,,,,,,,,,,,,,,,,,,,,,,,,,,,,,,,,,,,,,,,,,,,,,,,,,,,,,,,,,,,,,,,,,,,,,,,,,,,,,,,,,,,,,,,,,,,,,,,,,,,,,,,,,,,,,,,,,,,,,,,,,,,,,,,,,,,,,,,,,,,,,,,,,,,,,,,,,,,,,,,,,,,,,,,,,,,,,,,,,,,,,,,,,,,,,,,,,,,,,,,,,
62e11511-c164-4cbf-b80c-b024e43a21db,1cb56e1e-4028-4849-a6c5-5d36a0221e3c,2026-09-22 13:07:12,,,In progress,Desktop,en-US,4964,,,,,,,,,,,,,,,,,,,,,,,,,,,,,,,,,,,,,,,,,,,,,,,,,,,,,,,,,,,,,,,,,,,,,,,,,,,,,,,,,,,,,,,,,,,,,,,,,,,,,,,,,,,,,,,,,,,,,,,,,,,,,,,,,,,,,,,,,,,,,,,,,,,,,,,,,,,,,,,,,,,,,,,,,,,,,,,,,,,,,,,,,,,,,,,,,,,,,,,,,,,,,,,,,,,,,,,,,,,,,,,,,,,,,,,,,,,,,,,,,,,,,,,,,,,,,,,,,,,,,,,,,,,,,,
79d6f2c2-adda-4ecd-a3ce-d88f8df52ef5,2cebd87c-3456-4459-9d85-af2abbfdcc90,2026-09-22 13:11:23,2026-09-22 13:30:57,1174,Completed,Desktop,en-US,8067,2751,4687,6184,,,,,,,,,,,,,,,,,,,,,,,,,,,,,,,,,,,,,,,,,,,,,,,,,,,,,,,,,,,,,,,,,,,,,,,,,,,,,,,,,,,,,,,,,,2275,2613,3906,4290,2920,2133,6565,2636,3329,2442,1906,1976,3164,2985,2231,1498,3026,1364,2500,4094,3444,3747,2998,1811,2524,2631,3238,2410,2148,3002,1942,3323,2051,4572,2918,2624,3103,1828,1619,2411,2190,1504,3433,4138,7204,2940,2728,2151,4134,2056,2704,5237,2345,2586,2215,8839,5198,1647,3179,1913,6237,4221,1915,2111,2471,2060,2326,2827,2125,2498,1883,2635,4234,3888,4715,3598,4797,3345,2384,3530,7795,3467,1816,3205,4390,4964,2438,2254,5245,,6076,6369,32570,5825,9224,6837,7053,6305,8037,8324,17147,6642,8558,7540,11775,6840,6104,8051,14697,13890,15405,6164,5317,7375,9516,5283,4824,7020,10718,9323,6241,8977,13048,5252,6239,6346,5303,6959,23162,6402,6433,5371,6456,9639,14787,9365,5985,4530,7174,7887,14809,6714,18662,5635,10345,5444,5824,5561,8354,7693,4941,14882,5395,5583,8048,8105,10509,7788,28510,6973,6220,5169,8311,7423,7729,6250,7891,4909,10641,5428,6547,4490,5079,6811,8600,7214,6183,8351
904fae66-2330-4bd1-89dc-6f20c28a9951,3c5710d6-8d2c-4305-9460-5c17f0df112a,2026-09-22 13:12:32,,,In progress,Desktop,en-US,4019,,,,,,,,,,,,,,,,,,,,,,,,,,,,,,,,,,,,,,,,,,,,,,,,,,,,,,,,,,,,,,,,,,,,,,,,,,,,,,,,,,,,,,,,,,,,,,,,,,,,,,,,,,,,,,,,,,,,,,,,,,,,,,,,,,,,,,,,,,,,,,,,,,,,,,,,,,,,,,,,,,,,,,,,,,,,,,,,,,,,,,,,,,,,,,,,,,,,,,,,,,,,,,,,,,,,,,,,,,,,,,,,,,,,,,,,,,,,,,,,,,,,,,,,,,,,,,,,,,,,,,,,,,,,,,
420663a0-a356-4d6f-9b97-4b572a42a6dc,4e17c86b-c238-494f-b17c-762264dc8275,2026-09-22 13:14:14,2026-09-22 13:29:24,910,Completed,Desktop,en-US,2859,4224,4002,8789,6191,1575,3039,2893,1848,7522,3123,4540,3600,3111,1546,4606,1295,3267,5284,11437,8017,4684,2422,1371,9679,4041,2996,1463,1390,3950,2471,2260,2614,4381,2254,2705,5154,4654,2795,3534,1911,7306,1915,2046,1527,3526,2065,3257,3704,2436,3805,1364,2721,3009,3234,2100,3044,1525,3795,3643,1697,2215,4134,3244,3075,1600,2080,1808,7121,3517,4442,3802,6232,3661,6406,3566,3820,1706,7316,8736,3092,3996,3830,3012,5082,881,3454,6970,1333,1525,2047,7155,4679,,,,,,,,,,,,,,,,,,,,,,,,,,,,,,,,,,,,,,,,,,,,,,,,,,,,,,,,,,,,,,,,,,,,,,,,,,,,,,,,,,,,,,,,,8708,,9627,3632,2988,7925,2608,2724,2448,2868,5378,3920,6597,4345,2440,14024,4991,8812,3141,5389,4583,6062,6529,4456,3740,3361,5128,2861,7060,4072,2887,2472,3220,3102,2790,4495,3388,4440,4039,2523,6911,4273,4599,3409,2959,3577,5483,2736,4567,3791,3895,3104,3820,5461,9863,2853,3342,2938,5200,4251,3303,3352,6181,5303,4607,2612,3384,3371,2713,4353,9936,9890,4919,3215,2785,2624,6905,2731,4228,2425,4671,3251,2983,3353,6381,4274,2833,2386,7204,2775
e34a213c-50f9-4323-b9a9-a82f7216e2c1,7139cef7-0e48-411a-9966-851eeb4e1c5d,2026-09-22 13:21:05,,,In progress,Desktop,en-US,5069,,,,,,,,,,,,,,,,,,,,,,,,,,,,,,,,,,,,,,,,,,,,,,,,,,,,,,,,,,,,,,,,,,,,,,,,,,,,,,,,,,,,,,,,,,,,,,,,,,,,,,,,,,,,,,,,,,,,,,,,,,,,,,,,,,,,,,,,,,,,,,,,,,,,,,,,,,,,,,,,,,,,,,,,,,,,,,,,,,,,,,,,,,,,,,,,,,,,,,,,,,,,,,,,,,,,,,,,,,,,,,,,,,,,,,,,,,,,,,,,,,,,,,,,,,,,,,,,,,,,,,,,,,,,,,
051ea18b-0c85-480e-b63d-aeecb9a1f4ff,daed3c2e-e875-49ad-9779-ae7f39ca6b1b,2026-09-22 13:21:16,,,In progress,Desktop,en-US,18224,,,,,,,,,,,,,,,,,,,,,,,,,,,,,,,,,,,,,,,,,,,,,,,,,,,,,,,,,,,,,,,,,,,,,,,,,,,,,,,,,,,,,,,,,,,,,,,,,,,,,,,,,,,,,,,,,,,,,,,,,,,,,,,,,,,,,,,,,,,,,,,,,,,,,,,,,,,,,,,,,,,,,,,,,,,,,,,,,,,,,,,,,,,,,,,,,,,,,,,,,,,,,,,,,,,,,,,,,,,,,,,,,,,,,,,,,,,,,,,,,,,,,,,,,,,,,,,,,,,,,,,,,,,,,,
eee96692-d7c1-47a9-bf8f-435cdbd98c11,63f48657-0b8f-408e-94e1-3c2e57a228b9,2026-09-22 13:27:44,,,In progress,Desktop,en-US,4981,,,,,,,,,,,,,,,,,,,,,,,,,,,,,,,,,,,,,,,,,,,,,,,,,,,,,,,,,,,,,,,,,,,,,,,,,,,,,,,,,,,,,,,,,,,,,,,,,,,,,,,,,,,,,,,,,,,,,,,,,,,,,,,,,,,,,,,,,,,,,,,,,,,,,,,,,,,,,,,,,,,,,,,,,,,,,,,,,,,,,,,,,,,,,,,,,,,,,,,,,,,,,,,,,,,,,,,,,,,,,,,,,,,,,,,,,,,,,,,,,,,,,,,,,,,,,,,,,,,,,,,,,,,,,,
c0cfc09f-9422-4142-9a80-1a17ad0173c4,bcfa0fd6-41ef-49c2-bac5-7b7562900f05,2026-09-22 13:28:59,,,In progress,Desktop,en-US,3426,,,,,,,,,,,,,,,,,,,,,,,,,,,,,,,,,,,,,,,,,,,,,,,,,,,,,,,,,,,,,,,,,,,,,,,,,,,,,,,,,,,,,,,,,,,,,,,,,,,,,,,,,,,,,,,,,,,,,,,,,,,,,,,,,,,,,,,,,,,,,,,,,,,,,,,,,,,,,,,,,,,,,,,,,,,,,,,,,,,,,,,,,,,,,,,,,,,,,,,,,,,,,,,,,,,,,,,,,,,,,,,,,,,,,,,,,,,,,,,,,,,,,,,,,,,,,,,,,,,,,,,,,,,,,,
1aa5d4cf-546d-4214-969b-852a665c19f2,a2ba37a1-d229-46ff-b71e-026706f6aa7b,2026-09-22 13:31:38,2026-09-22 13:56:37,1499,Completed,Desktop,en-US,6841,3966,3321,7748,,6951,6330,2523,4727,7117,2567,7570,4018,4147,3569,6926,4323,4229,10644,6105,8621,2307,2634,13879,10553,5659,7437,3951,6703,5752,8140,5684,6170,4661,3256,11970,7805,14593,9955,4332,5814,1905,3567,3404,5002,4760,4180,1621,3124,5435,5055,4222,3031,6395,10110,8562,12294,11323,4559,6062,6762,6418,3971,5676,4885,5896,7009,4742,6272,5364,1825,6880,14638,8507,3517,6424,4083,3490,7001,7967,9743,6923,5590,11352,8462,9946,6520,11010,5045,8015,4927,6801,5146,,,,,,,,,,,,,,,,,,,,,,,,,,,,,,,,,,,,,,,,,,,,,,,,,,,,,,,,,,,,,,,,,,,,,,,,,,,,,,,,,,,,,,,,,19894,,7667,6411,13309,8822,7372,9932,6374,6762,7160,9646,7665,5034,11610,8680,8724,8710,8797,4189,11726,5846,12787,8125,11575,12050,7219,7267,8932,4755,7348,5285,8957,8159,12979,11746,10000,4821,4218,4539,13685,7919,6068,4844,13531,3791,8215,6893,7696,4875,16148,7150,12972,16024,9015,8033,8580,5856,10848,5768,11515,8253,10764,9480,7220,6876,8884,6365,11247,8996,8999,6104,12353,6214,14815,6697,5373,8525,6949,8241,11183,6758,9156,8208,7768,7448,12167,11786,5402,6406
a9693906-97bf-44ba-8cbc-c9fbe1048601,a6a775b3-79e4-43f6-9c26-9bb25000b519,2026-09-22 13:32:24,,,In progress,Desktop,en-US,3580,,,,,,,,,,,,,,,,,,,,,,,,,,,,,,,,,,,,,,,,,,,,,,,,,,,,,,,,,,,,,,,,,,,,,,,,,,,,,,,,,,,,,,,,,,,,,,,,,,,,,,,,,,,,,,,,,,,,,,,,,,,,,,,,,,,,,,,,,,,,,,,,,,,,,,,,,,,,,,,,,,,,,,,,,,,,,,,,,,,,,,,,,,,,,,,,,,,,,,,,,,,,,,,,,,,,,,,,,,,,,,,,,,,,,,,,,,,,,,,,,,,,,,,,,,,,,,,,,,,,,,,,,,,,,,
7be5b42c-2c6c-4cb0-8710-068312c37d00,faba2c16-a0a4-4c2e-b8e2-169e64ecc5b4,2026-09-22 13:33:05,,,In progress,Desktop,en-US,5797,,,,,,,,,,,,,,,,,,,,,,,,,,,,,,,,,,,,,,,,,,,,,,,,,,,,,,,,,,,,,,,,,,,,,,,,,,,,,,,,,,,,,,,,,,,,,,,,,,,,,,,,,,,,,,,,,,,,,,,,,,,,,,,,,,,,,,,,,,,,,,,,,,,,,,,,,,,,,,,,,,,,,,,,,,,,,,,,,,,,,,,,,,,,,,,,,,,,,,,,,,,,,,,,,,,,,,,,,,,,,,,,,,,,,,,,,,,,,,,,,,,,,,,,,,,,,,,,,,,,,,,,,,,,,,
d30ad6ca-0582-4157-a2bd-5dac80777588,060e2bc1-ba28-41f3-929b-b7ad8d4388c0,2026-09-22 13:41:22,,,In progress,Desktop,en-US,3757,,,,,,,,,,,,,,,,,,,,,,,,,,,,,,,,,,,,,,,,,,,,,,,,,,,,,,,,,,,,,,,,,,,,,,,,,,,,,,,,,,,,,,,,,,,,,,,,,,,,,,,,,,,,,,,,,,,,,,,,,,,,,,,,,,,,,,,,,,,,,,,,,,,,,,,,,,,,,,,,,,,,,,,,,,,,,,,,,,,,,,,,,,,,,,,,,,,,,,,,,,,,,,,,,,,,,,,,,,,,,,,,,,,,,,,,,,,,,,,,,,,,,,,,,,,,,,,,,,,,,,,,,,,,,,
8f46f6a5-d5b3-45b2-b73c-8de40d3b20f2,62d2efc1-24fa-416e-9681-0061f67d0229,2026-09-22 13:47:41,,,In progress,Desktop,en-US,11292,,,,,,,,,,,,,,,,,,,,,,,,,,,,,,,,,,,,,,,,,,,,,,,,,,,,,,,,,,,,,,,,,,,,,,,,,,,,,,,,,,,,,,,,,,,,,,,,,,,,,,,,,,,,,,,,,,,,,,,,,,,,,,,,,,,,,,,,,,,,,,,,,,,,,,,,,,,,,,,,,,,,,,,,,,,,,,,,,,,,,,,,,,,,,,,,,,,,,,,,,,,,,,,,,,,,,,,,,,,,,,,,,,,,,,,,,,,,,,,,,,,,,,,,,,,,,,,,,,,,,,,,,,,,,,
bd497575-1e02-423e-9824-ebbbb4db4ed4,be8c8a30-7d95-412b-b2a0-e111af3fa3ed,2026-09-22 13:49:55,2026-09-22 14:23:36,2021,Completed,Desktop,en-US,3040,3768,3028,5946,,,,,,,,,,,,,,,,,,,,,,,,,,,,,,,,,,,,,,,,,,,,,,,,,,,,,,,,,,,,,,,,,,,,,,,,,,,,,,,,,,,,,,,,,,2486,2191,1848,4354,3846,2962,1772,2870,2602,10380,5347,1859,3074,23792,4573,5776,3816,1467,2671,7042,1483,3416,4271,5324,3193,2070,1972,1814,3115,5300,2260,2849,1698,4570,5057,3029,1363,2193,11092,3897,3825,1386,3736,3646,4192,2136,1988,2096,6185,2055,4315,3077,7785,5493,6383,1513,2934,3305,2489,2246,3737,2497,2374,6496,6641,6940,5151,3639,3763,7450,1594,2049,4657,4207,4157,4855,1511,2773,3552,3533,3866,4006,4118,4993,2910,2961,4213,2648,10418,,10265,10634,8166,12895,9236,7013,5834,6551,14042,5581,7539,21523,9181,27018,6400,14495,10824,8454,12105,7829,10742,6774,10448,6279,18303,6691,8009,9976,7428,12738,8948,6161,9614,7063,6745,4775,5529,8462,6735,4518,6355,11232,7171,5313,5169,6800,10823,5920,13806,6060,5197,11443,8406,6676,10206,10855,8259,5106,11430,11367,6423,7248,10897,6583,17873,13479,18411,10187,6513,6244,8494,4837,12649,6141,7468,28071,5222,11692,7484,8954,10957,7930,11240,11203,6536,7579,12254,4777
1bc09343-096d-4997-869f-fb7541e342c5,7bb79e65-365b-4abe-8340-59b9cd528846,2026-09-22 13:56:41,2026-09-22 14:19:37,1375,Completed,Desktop,en-US,3766,4132,5885,7271,,,,,,,,,,,,,,,,,,,,,,,,,,,,,,,,,,,,,,,,,,,,,,,,,,,,,,,,,,,,,,,,,,,,,,,,,,,,,,,,,,,,,,,,,,2689,4725,9506,2683,3087,3447,6438,2574,2463,1995,3158,2005,3186,2160,3393,1062,1900,2886,1506,2555,2810,3486,2190,2896,4246,3729,2876,4449,1399,2850,2413,3634,3062,4367,8841,2001,1758,3366,2284,1764,2172,2262,1597,1887,3845,3607,2619,1627,2975,1309,3115,6519,9333,3175,2546,1657,1793,1666,4692,2662,1706,12477,4282,2384,2541,2024,2125,1912,2640,3099,4234,2273,1587,3679,4842,8501,2034,4643,2875,3156,3377,2187,2293,3249,4124,5679,3276,2383,11356,,7173,5982,11438,5478,6870,8281,5917,5744,5744,8087,6146,4704,14812,8141,15240,7438,7730,6553,6953,6551,60984,5036,44460,9714,8300,7268,13025,5606,12249,7948,11957,5508,6118,8873,6671,8086,3856,10138,15104,3680,10433,9356,14780,10042,9085,4719,4809,6404,8460,12180,9314,5546,20210,9387,14185,12319,10220,11838,7058,6499,7810,9313,5702,7068,5500,10087,14651,18761,9970,6169,6982,5283,9021,9699,7488,7092,26122,28118,15895,7428,5491,7336,14411,9071,10269,6093,6593,20796
820d1350-0053-443f-9e7d-8666f2bded84,2d6553f1-7fbc-415a-bd5f-74284245f0c3,2026-09-22 13:57:53,,,In progress,Desktop,en-US,3418,,,,,,,,,,,,,,,,,,,,,,,,,,,,,,,,,,,,,,,,,,,,,,,,,,,,,,,,,,,,,,,,,,,,,,,,,,,,,,,,,,,,,,,,,,,,,,,,,,,,,,,,,,,,,,,,,,,,,,,,,,,,,,,,,,,,,,,,,,,,,,,,,,,,,,,,,,,,,,,,,,,,,,,,,,,,,,,,,,,,,,,,,,,,,,,,,,,,,,,,,,,,,,,,,,,,,,,,,,,,,,,,,,,,,,,,,,,,,,,,,,,,,,,,,,,,,,,,,,,,,,,,,,,,,,
47277af1-32f0-4f4a-809d-8abb60cc3e17,a6a86b2a-9de0-4908-a8fd-676e6168e38a,2026-09-22 13:58:46,2026-09-22 14:40:53,2526,Completed,Desktop,en-US,2902,3146,3451,4808,,5840,1030,2019,260,3884,1506,1605,2409,26088,1580,3473,2927,113,24512,1977,4883,1531,1085,12663,6001,43402,2088,4285,2086,1352,2710,1589,1751,1919,2470,3572,2666,1884,1439,1075,1477,4055,1600,7992,1776,1759,4445,1304,17633,2155,2911,1767,1943,1959,2809,3095,4830,2394,2225,5807,7134,6765,1346,3694,2243,5395,5472,1342,6807,265,261,3627,2104,4800,1987,1975,4294,4410,2721,3484,3155,3608,1813,4938,2515,1484,1591,187,2410,2518,9620,148,1289,2319,4996,1880,3827,2582,2622,441,341,583,1499,334,2156,1002,1014,511,19252,532,492,2556,42740,18279,3974,3988,5785,3156,3121,740,2786,233,3371,387,1378,1574,7969,3021,1749,1423,1216,5569,295,24956,721,751,4684,1139,53009,4073,534,3095,798,945,363,2643,2223,591,310,315,2572,5211,2860,3692,4647,1159,1957,1624,589,18974,3180,2356,6460,18411,390,1139,889,1731,321,2030,4534,16154,29784,2665,2691,508,582,5187,1278,582,3904,3850,,3474,3132,6936,26004,4537,4150,4663,3815,5935,4572,4487,4057,89739,5770,7963,27281,14024,4489,9947,5589,6470,3412,8438,3254,12408,26744,4775,3072,3979,3424,3447,4983,3134,11018,6347,4062,25917,2754,15488,3511,2959,2724,5875,4694,50929,3494,5584,6488,3439,13155,2944,5766,23102,8505,6790,8155,63456,4752,4376,3481,2646,2968,4323,4132,3558,9064,3425,16139,5080,22196,4553,5938,4855,3211,17803,5244,5277,4791,3595,12147,2761,4229,34879,3795,4677,5231,9794,5964
42278fac-bc23-4722-81d7-772cda2f7a5c,4362ce47-69ba-44d3-a3ed-c6c3325ffec4,2026-09-22 13:58:54,,,In progress,Desktop,en-US,6878,,,,,,,,,,,,,,,,,,,,,,,,,,,,,,,,,,,,,,,,,,,,,,,,,,,,,,,,,,,,,,,,,,,,,,,,,,,,,,,,,,,,,,,,,,,,,,,,,,,,,,,,,,,,,,,,,,,,,,,,,,,,,,,,,,,,,,,,,,,,,,,,,,,,,,,,,,,,,,,,,,,,,,,,,,,,,,,,,,,,,,,,,,,,,,,,,,,,,,,,,,,,,,,,,,,,,,,,,,,,,,,,,,,,,,,,,,,,,,,,,,,,,,,,,,,,,,,,,,,,,,,,,,,,,,
f62ec225-7d6d-4921-9eac-a16ec383b7cc,4bf8b98d-3bda-43cf-9484-6f068c76af56,2026-09-22 14:11:01,,,In progress,Desktop,en-US,6467,,,,,,,,,,,,,,,,,,,,,,,,,,,,,,,,,,,,,,,,,,,,,,,,,,,,,,,,,,,,,,,,,,,,,,,,,,,,,,,,,,,,,,,,,,,,,,,,,,,,,,,,,,,,,,,,,,,,,,,,,,,,,,,,,,,,,,,,,,,,,,,,,,,,,,,,,,,,,,,,,,,,,,,,,,,,,,,,,,,,,,,,,,,,,,,,,,,,,,,,,,,,,,,,,,,,,,,,,,,,,,,,,,,,,,,,,,,,,,,,,,,,,,,,,,,,,,,,,,,,,,,,,,,,,,
fe899a7b-44c0-4e4e-8f91-661390ec4925,80cae660-f61d-4ef0-bd04-b9d5a3764bcf,2026-09-22 14:17:18,,,In progress,Desktop,en-US,3884,,,,,,,,,,,,,,,,,,,,,,,,,,,,,,,,,,,,,,,,,,,,,,,,,,,,,,,,,,,,,,,,,,,,,,,,,,,,,,,,,,,,,,,,,,,,,,,,,,,,,,,,,,,,,,,,,,,,,,,,,,,,,,,,,,,,,,,,,,,,,,,,,,,,,,,,,,,,,,,,,,,,,,,,,,,,,,,,,,,,,,,,,,,,,,,,,,,,,,,,,,,,,,,,,,,,,,,,,,,,,,,,,,,,,,,,,,,,,,,,,,,,,,,,,,,,,,,,,,,,,,,,,,,,,,
29c55580-5862-4fde-90d0-f607ef7370fa,8f5d2dc1-f976-404c-84e6-990c2d8da7f3,2026-09-22 14:20:39,,,In progress,Desktop,en-US,2882,,,,,,,,,,,,,,,,,,,,,,,,,,,,,,,,,,,,,,,,,,,,,,,,,,,,,,,,,,,,,,,,,,,,,,,,,,,,,,,,,,,,,,,,,,,,,,,,,,,,,,,,,,,,,,,,,,,,,,,,,,,,,,,,,,,,,,,,,,,,,,,,,,,,,,,,,,,,,,,,,,,,,,,,,,,,,,,,,,,,,,,,,,,,,,,,,,,,,,,,,,,,,,,,,,,,,,,,,,,,,,,,,,,,,,,,,,,,,,,,,,,,,,,,,,,,,,,,,,,,,,,,,,,,,,
5edf7ad5-5bce-4234-a1cd-12b98c306462,b67153f9-2898-4f00-9fd1-47f6febea31b,2026-09-22 14:29:38,2026-09-22 14:49:55,1216,Completed,Desktop,en-US,3683,3642,5077,6992,,,,,,,,,,,,,,,,,,,,,,,,,,,,,,,,,,,,,,,,,,,,,,,,,,,,,,,,,,,,,,,,,,,,,,,,,,,,,,,,,,,,,,,,,,1322,2206,3010,611,2584,2227,3104,3035,1884,6370,2253,4229,1819,5577,1020,2912,3198,1987,3428,4404,560,634,931,2675,1141,2407,3029,2551,2184,829,467,800,1098,5468,3258,2016,566,1572,644,1992,4581,1254,664,3610,2398,557,1958,1322,5772,3746,1311,1029,8234,8453,2618,1879,2098,1746,2154,1264,788,5789,561,813,1864,4259,2288,20963,2444,805,1606,1437,3882,1329,673,615,596,4210,2324,10895,3679,557,1130,3919,5476,490,643,2731,8339,,4073,5727,5047,22148,6291,5511,8544,11235,5646,7040,6771,4180,5200,10227,7303,14831,4560,4647,6733,5458,7321,5734,48971,6944,5542,3850,5893,31908,7907,5388,9651,6627,16872,5211,4399,8011,4090,4195,5752,4779,6603,6260,8515,4692,9008,5262,13732,5751,5947,8241,10089,6104,4806,25446,10601,10508,8318,6645,4897,8329,5906,8875,6199,9929,6675,4829,4280,13551,15313,10291,22614,7655,14244,39965,17960,16898,7739,7324,6518,5777,4288,9266,5408,14471,8974,9300,10289,7637
b1e9f481-26ea-430f-9e0d-333c760426c7,07a956c1-97f1-4ab3-a352-eb8fedaf54e2,2026-09-22 14:30:22,2026-09-22 14:45:20,898,Completed,Desktop,en-US,3773,3649,4580,6975,4041,837,1755,1909,6153,1194,1944,1128,779,1567,1522,1309,3829,1560,1182,1594,6644,2212,3640,1304,2064,1123,1943,816,1961,13829,1761,3351,1506,5306,1293,3023,822,2646,1229,771,1624,2081,1083,875,3944,845,1345,1350,1271,1575,4547,3159,2236,774,2293,1672,6439,2950,2381,11344,1730,6138,1534,1442,1233,3717,1516,1143,1587,2190,2409,4921,1637,1163,1345,2127,1721,2177,5973,746,2848,1552,1653,1783,3221,1930,1601,1624,813,1163,878,1215,2520,,,,,,,,,,,,,,,,,,,,,,,,,,,,,,,,,,,,,,,,,,,,,,,,,,,,,,,,,,,,,,,,,,,,,,,,,,,,,,,,,,,,,,,,,11280,,1217,3864,4329,5016,4852,3525,1987,3934,4221,3499,6513,3539,3568,4822,6715,12361,20370,3781,1137,10601,4369,4479,9699,3879,1317,8434,6753,3946,31968,5826,10013,6003,4966,2816,1777,4026,5369,3504,9854,5770,12467,3695,10696,3466,13131,1147,5053,5347,1132,4685,1884,1382,5215,4514,4341,4540,2665,4351,4100,4866,7951,5003,5136,3465,1036,8277,3416,7686,6369,5318,1265,4160,6121,3870,4071,3362,4285,1884,5397,6717,5415,7687,4540,4714,4638,4567,1808,5583
7edd17db-5a38-4dcc-bf2f-ff27fe6fa142,8feb7a89-750c-493f-86ac-ff65e7162699,2026-09-22 14:31:41,,,In progress,Desktop,en-US,6334,3836,4958,7966,,,,,,,,,,,,,,,,,,,,,,,,,,,,,,,,,,,,,,,,,,,,,,,,,,,,,,,,,,,,,,,,,,,,,,,,,,,,,,,,,,,,,,,,,,,,,,,,,,,,,,,,,,,,,,,,,,,,,,,,,,,,,,,,,,,,,,,,,,,,,,,,,,,,,,,,,,,,,,,,,,,,,,,,,,,,,,,,,,,,,,,,,,,,,,,,,,,,,,,,,,,,,,,,,,,,,,,,,,,,,,,,,,,,,,,,,,,,,,,,,,,,,,,,,,,,,,,,,,,,,,,,,,,
9590fa91-ca9f-4c15-9f9f-4e636ba8ad3e,bd542fd6-f9d1-44e8-8d0e-9b7e65374cae,2026-09-22 14:32:50,,,In progress,Desktop,en-US,4604,,,,,,,,,,,,,,,,,,,,,,,,,,,,,,,,,,,,,,,,,,,,,,,,,,,,,,,,,,,,,,,,,,,,,,,,,,,,,,,,,,,,,,,,,,,,,,,,,,,,,,,,,,,,,,,,,,,,,,,,,,,,,,,,,,,,,,,,,,,,,,,,,,,,,,,,,,,,,,,,,,,,,,,,,,,,,,,,,,,,,,,,,,,,,,,,,,,,,,,,,,,,,,,,,,,,,,,,,,,,,,,,,,,,,,,,,,,,,,,,,,,,,,,,,,,,,,,,,,,,,,,,,,,,,,
9f2a4e9b-6684-4b1c-ac49-f0d37ca40b55,b747c78a-afec-48d5-aedb-6aee116e5941,2026-09-22 14:33:58,,,In progress,Desktop,en-US,6056,,,,,,,,,,,,,,,,,,,,,,,,,,,,,,,,,,,,,,,,,,,,,,,,,,,,,,,,,,,,,,,,,,,,,,,,,,,,,,,,,,,,,,,,,,,,,,,,,,,,,,,,,,,,,,,,,,,,,,,,,,,,,,,,,,,,,,,,,,,,,,,,,,,,,,,,,,,,,,,,,,,,,,,,,,,,,,,,,,,,,,,,,,,,,,,,,,,,,,,,,,,,,,,,,,,,,,,,,,,,,,,,,,,,,,,,,,,,,,,,,,,,,,,,,,,,,,,,,,,,,,,,,,,,,,
9120b5ef-51db-4313-aa88-c2c5d8173d84,6798f2d3-cf45-4e7f-81bf-652840fdb2b8,2026-09-22 14:36:01,2026-09-22 14:57:31,1290,Completed,Desktop,en-US,2469,2761,2338,2148,,,,,,,,,,,,,,,,,,,,,,,,,,,,,,,,,,,,,,,,,,,,,,,,,,,,,,,,,,,,,,,,,,,,,,,,,,,,,,,,,,,,,,,,,,1657,2101,1480,947,1162,3235,3395,1009,1714,1853,1381,1091,1339,2466,1208,833,1158,2255,1514,1525,2103,1224,757,1537,726,2893,1250,2064,2180,1539,2369,1664,1671,3981,1433,1964,1276,1553,973,769,1479,1324,1208,2426,1474,1123,1388,2665,675,1505,781,795,1615,833,3133,863,2655,4219,1391,1604,1680,1697,1732,1834,1279,1187,1751,2044,3051,598,4972,1424,2890,1713,2069,2917,948,1989,2282,1547,1542,5975,1437,3877,1989,2109,826,1740,7148,,3229,3269,3541,5292,7186,17480,4195,4920,4294,4937,2918,4222,4358,5557,10777,7107,5121,3172,5537,3937,4647,5605,8454,7421,4750,3227,3838,11257,4677,4914,4701,3515,10517,3769,4352,4000,2671,3576,4679,3013,6219,5362,3666,3486,8278,4335,4228,5329,4479,6151,4944,7041,6496,4011,5090,14471,27223,3912,4282,5782,3118,4970,3325,5438,3538,4022,4740,5672,9434,5654,6311,4811,7199,4677,4374,6088,3731,9012,8712,9736,3658,6564,7179,3460,4620,4465,3220,5085
4fc724e5-f818-43bb-b7bc-75838f9aa598,c2a9f1ff-64e5-4d18-9d0d-4348dd424719,2026-09-22 14:36:46,,,In progress,Desktop,en-GB,10369,,,,,,,,,,,,,,,,,,,,,,,,,,,,,,,,,,,,,,,,,,,,,,,,,,,,,,,,,,,,,,,,,,,,,,,,,,,,,,,,,,,,,,,,,,,,,,,,,,,,,,,,,,,,,,,,,,,,,,,,,,,,,,,,,,,,,,,,,,,,,,,,,,,,,,,,,,,,,,,,,,,,,,,,,,,,,,,,,,,,,,,,,,,,,,,,,,,,,,,,,,,,,,,,,,,,,,,,,,,,,,,,,,,,,,,,,,,,,,,,,,,,,,,,,,,,,,,,,,,,,,,,,,,,,,
10343f4b-3be8-43c4-8cac-23a1e9bf8b91,166a2cdd-78c3-4311-96ad-65da2b8a1011,2026-09-22 14:37:38,2026-09-22 15:23:52,2773,Completed,Tablet,en-US,4158,4568,4859,10763,,4491,7483,6593,19301,4840,10784,2494,2651,4800,5610,10309,4736,17625,28,34586,11065,7808,3466,10415,17900,4431,6890,15847,9621,10413,3420,3963,4757,6983,3678,61900,9802,12690,9023,10938,22432,19755,27,4529,3212,8188,53,2589,1946,16335,13522,4400,8117,15389,13854,7612,6846,13277,5152,8462,5271,18110,8214,12489,6336,13934,4885,190,8241,2954,4950,9608,15059,31064,29607,5281,85385,3606,17514,6023,10718,3865,12140,4331,4377,4206,11966,3120,209,6367,7597,6090,9308,,,,,,,,,,,,,,,,,,,,,,,,,,,,,,,,,,,,,,,,,,,,,,,,,,,,,,,,,,,,,,,,,,,,,,,,,,,,,,,,,,,,,,,,,17220,,14012,32048,7711,3731,8527,8936,5246,6100,23147,11572,139357,4973,20163,19690,7048,38065,6156,3166,6181,13527,11701,6525,6151,18609,6110,6040,5313,138265,8638,11923,8416,3765,5965,57392,4696,8988,7645,34785,8926,6197,11769,24852,10603,17313,10829,26557,11703,9569,9207,10673,6830,12462,7274,4224,6199,9910,3814,27410,55442,7776,7044,6727,7436,16807,6996,7655,13565,7058,15260,8375,8422,38220,7030,5952,7566,25846,3541,4929,12522,5850,6918,14349,100761,9878,6831,5267,7898,5838
0f77fd4d-a422-4fa8-ad7a-bdaafac16e69,9b424517-a5b3-447a-a901-dc56b1cbf2ce,2026-09-22 14:39:06,,,In progress,Desktop,en-US,5625,,,,,,,,,,,,,,,,,,,,,,,,,,,,,,,,,,,,,,,,,,,,,,,,,,,,,,,,,,,,,,,,,,,,,,,,,,,,,,,,,,,,,,,,,,,,,,,,,,,,,,,,,,,,,,,,,,,,,,,,,,,,,,,,,,,,,,,,,,,,,,,,,,,,,,,,,,,,,,,,,,,,,,,,,,,,,,,,,,,,,,,,,,,,,,,,,,,,,,,,,,,,,,,,,,,,,,,,,,,,,,,,,,,,,,,,,,,,,,,,,,,,,,,,,,,,,,,,,,,,,,,,,,,,,,
d578d83e-418b-4ce3-b21c-863a85ebdce9,e04a4e00-329a-4da5-917b-de43e251e510,2026-09-22 14:39:24,,,In progress,Desktop,en-US,3768,,,,,,,,,,,,,,,,,,,,,,,,,,,,,,,,,,,,,,,,,,,,,,,,,,,,,,,,,,,,,,,,,,,,,,,,,,,,,,,,,,,,,,,,,,,,,,,,,,,,,,,,,,,,,,,,,,,,,,,,,,,,,,,,,,,,,,,,,,,,,,,,,,,,,,,,,,,,,,,,,,,,,,,,,,,,,,,,,,,,,,,,,,,,,,,,,,,,,,,,,,,,,,,,,,,,,,,,,,,,,,,,,,,,,,,,,,,,,,,,,,,,,,,,,,,,,,,,,,,,,,,,,,,,,,
e39a5cdf-e0df-409e-9ddf-9310351bbfc4,0d0ddfa1-1f87-47d6-a32b-3aa3c01b8748,2026-09-22 14:39:56,,,In progress,Desktop,en-US,2673,,,,,,,,,,,,,,,,,,,,,,,,,,,,,,,,,,,,,,,,,,,,,,,,,,,,,,,,,,,,,,,,,,,,,,,,,,,,,,,,,,,,,,,,,,,,,,,,,,,,,,,,,,,,,,,,,,,,,,,,,,,,,,,,,,,,,,,,,,,,,,,,,,,,,,,,,,,,,,,,,,,,,,,,,,,,,,,,,,,,,,,,,,,,,,,,,,,,,,,,,,,,,,,,,,,,,,,,,,,,,,,,,,,,,,,,,,,,,,,,,,,,,,,,,,,,,,,,,,,,,,,,,,,,,,
25831155-e556-4eff-828c-7a8ead326896,04558eb1-8c29-4820-be89-54a5268e32cc,2026-09-22 14:40:02,,,In progress,Desktop,en-US,,,,,,,,,,,,,,,,,,,,,,,,,,,,,,,,,,,,,,,,,,,,,,,,,,,,,,,,,,,,,,,,,,,,,,,,,,,,,,,,,,,,,,,,,,,,,,,,,,,,,,,,,,,,,,,,,,,,,,,,,,,,,,,,,,,,,,,,,,,,,,,,,,,,,,,,,,,,,,,,,,,,,,,,,,,,,,,,,,,,,,,,,,,,,,,,,,,,,,,,,,,,,,,,,,,,,,,,,,,,,,,,,,,,,,,,,,,,,,,,,,,,,,,,,,,,,,,,,,,,,,,,,,,,,,,
a0c6a8f4-aabe-49ef-baff-e75b38988044,c7894698-74ad-4ce7-8450-44cf81d59e02,2026-09-22 14:40:51,2026-09-22 15:21:21,2430,Completed,Desktop,en-US,50686,3797,4921,7051,,15689,2201,6613,2607,2337,2314,15913,15230,7631,857,16119,3927,19701,4203,7135,17652,2223,1612,1943,8734,2455,16976,1480,8970,3654,3609,3357,8091,2612,3257,3430,1667,1929,2150,2546,2341,1583,1475,2725,15177,2141,1938,3613,1539,3344,14273,2091,4322,2488,6307,21590,28041,17735,2716,3092,2468,3558,1919,1711,1953,12503,24583,20089,1726,2225,2360,1392,5549,1870,1259,2431,2090,476,4953,5213,2052,3808,5557,23794,1643,2370,2378,3453,9089,2183,6672,1705,2086,,,,,,,,,,,,,,,,,,,,,,,,,,,,,,,,,,,,,,,,,,,,,,,,,,,,,,,,,,,,,,,,,,,,,,,,,,,,,,,,,,,,,,,,,10184,24337,14589,4050,5013,7186,26553,76858,29987,28272,6922,7405,25446,24764,62182,30067,96997,6741,16070,23880,4405,5066,23581,25005,5040,4614,30543,5202,5687,10394,9138,11584,9137,6393,33063,6384,4272,61421,26003,16979,5099,44828,15483,4481,6158,7048,8354,6827,4973,32290,6551,4804,37285,6655,11532,58543,45862,9346,104771,10414,8719,22062,12529,29824,44845,4109,25649,4725,5822,5855,5896,5758,10454,4936,32128,20843,5366,6093,20070,5223,38370,4921,4027,4040,8109,5214,21132,16470,7229,9799
2737258f-68b3-48d4-be67-5cd231542555,42572293-e196-4b8e-86f6-18461ed7c737,2026-09-22 14:41:47,,,In progress,Desktop,en-US,19823,,,,,,,,,,,,,,,,,,,,,,,,,,,,,,,,,,,,,,,,,,,,,,,,,,,,,,,,,,,,,,,,,,,,,,,,,,,,,,,,,,,,,,,,,,,,,,,,,,,,,,,,,,,,,,,,,,,,,,,,,,,,,,,,,,,,,,,,,,,,,,,,,,,,,,,,,,,,,,,,,,,,,,,,,,,,,,,,,,,,,,,,,,,,,,,,,,,,,,,,,,,,,,,,,,,,,,,,,,,,,,,,,,,,,,,,,,,,,,,,,,,,,,,,,,,,,,,,,,,,,,,,,,,,,,
68b769d3-1a2d-42e7-ae3b-b732befc385d,1d105eba-bcf9-4d29-8583-c0bc1311c094,2026-09-22 14:42:42,,,In progress,Desktop,en-US,5754,,,,,,,,,,,,,,,,,,,,,,,,,,,,,,,,,,,,,,,,,,,,,,,,,,,,,,,,,,,,,,,,,,,,,,,,,,,,,,,,,,,,,,,,,,,,,,,,,,,,,,,,,,,,,,,,,,,,,,,,,,,,,,,,,,,,,,,,,,,,,,,,,,,,,,,,,,,,,,,,,,,,,,,,,,,,,,,,,,,,,,,,,,,,,,,,,,,,,,,,,,,,,,,,,,,,,,,,,,,,,,,,,,,,,,,,,,,,,,,,,,,,,,,,,,,,,,,,,,,,,,,,,,,,,,
9c06b1e5-0b4b-46a9-aa30-e9125a0f5408,60beae2c-2dcf-46f8-912d-16b92f749360,2026-09-22 14:44:40,,,In progress,Mobile,en-US,7941,,,,,,,,,,,,,,,,,,,,,,,,,,,,,,,,,,,,,,,,,,,,,,,,,,,,,,,,,,,,,,,,,,,,,,,,,,,,,,,,,,,,,,,,,,,,,,,,,,,,,,,,,,,,,,,,,,,,,,,,,,,,,,,,,,,,,,,,,,,,,,,,,,,,,,,,,,,,,,,,,,,,,,,,,,,,,,,,,,,,,,,,,,,,,,,,,,,,,,,,,,,,,,,,,,,,,,,,,,,,,,,,,,,,,,,,,,,,,,,,,,,,,,,,,,,,,,,,,,,,,,,,,,,,,,
a0685949-6f4c-47ef-9c38-9a3aade737e4,388b0fe5-9af2-4749-9219-7e94e594a78e,2026-09-22 14:47:19,2026-09-22 15:12:20,1500,Completed,Desktop,en-US,2649,3435,4218,10987,7879,2633,4186,2243,5781,6114,3718,4512,6663,6039,2984,4654,4496,2570,5610,6878,11959,8682,2017,8609,8132,9104,5127,8123,5568,2999,1912,3058,2031,5049,4031,11739,7887,4358,4915,4113,4295,5141,2184,1849,4214,4541,5519,2278,3140,14472,5379,4916,5722,10602,5279,10251,4247,3559,4066,9425,14075,5769,3175,4749,7662,8451,7110,7546,9146,3830,4198,7355,4575,4595,7001,6270,4643,4002,5642,6630,14582,15844,7133,17067,9728,4923,9249,4506,13298,6694,4967,3492,6500,,,,,,,,,,,,,,,,,,,,,,,,,,,,,,,,,,,,,,,,,,,,,,,,,,,,,,,,,,,,,,,,,,,,,,,,,,,,,,,,,,,,,,,,,13084,,6423,4505,16791,8473,5797,4962,10669,5658,9144,5592,7522,17959,8125,19418,9513,8398,5595,4640,7580,10805,9053,8708,6051,16105,6380,3448,4544,10513,7003,7273,7543,6421,8305,12389,6834,6330,3794,4647,5772,4792,5924,3367,8967,14349,13659,9137,5485,6499,6364,5891,6230,8048,4297,9396,23722,9327,10068,5250,8336,7105,12281,10890,10263,5448,7047,8325,6739,16519,8503,6845,4806,5414,6455,4940,5710,6464,14844,4485,7112,6234,9627,6296,9476,19611,8589,7250,7451,5368
fb9600bb-0f19-4f98-a79c-51c0236be5a2,674ac019-d239-4aea-8eca-28acb62504c7,2026-09-22 14:49:30,,,In progress,Desktop,en-US,3702,,,,,,,,,,,,,,,,,,,,,,,,,,,,,,,,,,,,,,,,,,,,,,,,,,,,,,,,,,,,,,,,,,,,,,,,,,,,,,,,,,,,,,,,,,,,,,,,,,,,,,,,,,,,,,,,,,,,,,,,,,,,,,,,,,,,,,,,,,,,,,,,,,,,,,,,,,,,,,,,,,,,,,,,,,,,,,,,,,,,,,,,,,,,,,,,,,,,,,,,,,,,,,,,,,,,,,,,,,,,,,,,,,,,,,,,,,,,,,,,,,,,,,,,,,,,,,,,,,,,,,,,,,,,,,
cbf89348-591e-4dd0-896e-cd06210944e4,68102f2a-c725-48c0-b952-953ab45bfa6f,2026-09-22 14:57:38,,,In progress,Desktop,en-US,10896,,,,,,,,,,,,,,,,,,,,,,,,,,,,,,,,,,,,,,,,,,,,,,,,,,,,,,,,,,,,,,,,,,,,,,,,,,,,,,,,,,,,,,,,,,,,,,,,,,,,,,,,,,,,,,,,,,,,,,,,,,,,,,,,,,,,,,,,,,,,,,,,,,,,,,,,,,,,,,,,,,,,,,,,,,,,,,,,,,,,,,,,,,,,,,,,,,,,,,,,,,,,,,,,,,,,,,,,,,,,,,,,,,,,,,,,,,,,,,,,,,,,,,,,,,,,,,,,,,,,,,,,,,,,,,
e08cd18d-dec6-4253-9510-c9dec01548b0,13afb89b-dec7-4c54-a578-dcb796dde3e6,2026-09-22 14:58:11,,,In progress,Desktop,en-US,3859,,,,,,,,,,,,,,,,,,,,,,,,,,,,,,,,,,,,,,,,,,,,,,,,,,,,,,,,,,,,,,,,,,,,,,,,,,,,,,,,,,,,,,,,,,,,,,,,,,,,,,,,,,,,,,,,,,,,,,,,,,,,,,,,,,,,,,,,,,,,,,,,,,,,,,,,,,,,,,,,,,,,,,,,,,,,,,,,,,,,,,,,,,,,,,,,,,,,,,,,,,,,,,,,,,,,,,,,,,,,,,,,,,,,,,,,,,,,,,,,,,,,,,,,,,,,,,,,,,,,,,,,,,,,,,
e9dd3596-43d3-473f-9104-c927653deb36,1ef8f4b7-0ea9-49cc-a94d-167ced8236d5,2026-09-22 15:04:13,,,In progress,Desktop,en-US,,,,,,,,,,,,,,,,,,,,,,,,,,,,,,,,,,,,,,,,,,,,,,,,,,,,,,,,,,,,,,,,,,,,,,,,,,,,,,,,,,,,,,,,,,,,,,,,,,,,,,,,,,,,,,,,,,,,,,,,,,,,,,,,,,,,,,,,,,,,,,,,,,,,,,,,,,,,,,,,,,,,,,,,,,,,,,,,,,,,,,,,,,,,,,,,,,,,,,,,,,,,,,,,,,,,,,,,,,,,,,,,,,,,,,,,,,,,,,,,,,,,,,,,,,,,,,,,,,,,,,,,,,,,,,,
ce0969dd-f3f0-4cb4-9092-d7cced16c62f,481643da-c127-4bf4-b6b4-bfc621aa24c3,2026-09-22 15:04:35,2026-09-22 15:31:14,1599,Completed,Desktop,en-US,4731,4659,5452,10132,,,,,,,,,,,,,,,,,,,,,,,,,,,,,,,,,,,,,,,,,,,,,,,,,,,,,,,,,,,,,,,,,,,,,,,,,,,,,,,,,,,,,,,,,,4323,5281,2713,5209,7070,5363,3236,3791,10268,3806,2445,1151,9186,3319,2904,3360,3137,3085,5084,3166,7856,4669,1676,2020,3489,25149,1768,6011,13760,5257,10997,6307,9413,10741,7026,6553,1792,7534,5657,2932,6872,6884,4435,14663,4928,2763,1229,960,2186,6359,3141,6722,13490,2430,4329,3293,2641,7737,2475,2841,6467,5113,1978,1971,4105,3869,5792,4400,5111,9173,5208,9525,13164,9047,7092,10771,3810,1105,3857,5915,4024,3064,5804,5138,7366,8884,3734,4434,12756,,8518,9561,6160,6056,9209,12138,5201,8546,6411,19172,7495,8634,12268,6483,11080,5703,6442,6092,8940,6608,6562,12299,8263,9026,7366,8319,10374,6261,12066,9872,14876,8000,21629,4507,6874,3985,7246,2598,10493,7469,8591,4237,14285,8230,12103,14691,6807,8679,6175,8335,9809,4838,14171,6989,8223,7870,8089,7193,25777,17382,12094,5182,7254,6871,5464,6722,5751,6526,4707,13214,7954,8297,19038,13586,6078,7563,10564,23937,10309,8329,13598,10948,5782,5498,8065,10043,10597,8370
69c19ef4-570e-430f-8945-acbf98f1f0d8,9d06b5bc-82d9-476c-969f-73b72ddb5443,2026-09-22 15:16:14,,,In progress,Mobile,en-US,3585,,,,,,,,,,,,,,,,,,,,,,,,,,,,,,,,,,,,,,,,,,,,,,,,,,,,,,,,,,,,,,,,,,,,,,,,,,,,,,,,,,,,,,,,,,,,,,,,,,,,,,,,,,,,,,,,,,,,,,,,,,,,,,,,,,,,,,,,,,,,,,,,,,,,,,,,,,,,,,,,,,,,,,,,,,,,,,,,,,,,,,,,,,,,,,,,,,,,,,,,,,,,,,,,,,,,,,,,,,,,,,,,,,,,,,,,,,,,,,,,,,,,,,,,,,,,,,,,,,,,,,,,,,,,,,
d58105ac-d515-4391-a236-d3b34943ac3d,151adf78-e97c-4b66-aa36-109048b14c94,2026-09-22 15:18:20,,,In progress,Desktop,en-US,3914,,,,,,,,,,,,,,,,,,,,,,,,,,,,,,,,,,,,,,,,,,,,,,,,,,,,,,,,,,,,,,,,,,,,,,,,,,,,,,,,,,,,,,,,,,,,,,,,,,,,,,,,,,,,,,,,,,,,,,,,,,,,,,,,,,,,,,,,,,,,,,,,,,,,,,,,,,,,,,,,,,,,,,,,,,,,,,,,,,,,,,,,,,,,,,,,,,,,,,,,,,,,,,,,,,,,,,,,,,,,,,,,,,,,,,,,,,,,,,,,,,,,,,,,,,,,,,,,,,,,,,,,,,,,,,
93f8330d-58eb-4d60-98f9-534f9eb975a8,c73c427b-1957-4363-81bd-32c7a46318f7,2026-09-22 15:21:37,2026-09-22 15:49:29,1672,Completed,Desktop,en-US,5405,14049,8655,5429,,4617,1989,2990,5014,2025,6694,1783,2832,1121,11477,2721,3285,2400,2156,3238,1584,4000,2968,3531,15042,3459,5298,4288,5390,4704,2799,3351,2333,5043,5771,3681,4091,10907,22784,1354,3401,3498,1650,3598,3081,2011,3104,3399,7208,3205,2731,3938,2116,20384,8557,5571,3945,4038,3118,2255,4659,3983,2894,8776,3813,2102,2111,7445,2034,3818,2772,12647,3644,4306,2803,11583,7841,1416,3889,4895,2790,4667,5560,3339,2755,3478,3596,2038,3180,4102,2990,10869,6257,,,,,,,,,,,,,,,,,,,,,,,,,,,,,,,,,,,,,,,,,,,,,,,,,,,,,,,,,,,,,,,,,,,,,,,,,,,,,,,,,,,,,,,,,14098,,8447,8572,10916,10066,9633,10583,6836,10328,9566,8055,9896,11012,11146,10595,18592,15019,8896,5909,7078,12350,18974,19871,11235,13184,10037,13534,10921,8650,13480,24912,11129,9864,13628,17486,8224,9048,10492,7132,7969,8202,13384,10038,15991,16012,13263,8699,7405,10354,10889,13236,9240,8983,28026,9603,10556,11215,22069,10098,11691,12944,7561,12460,9934,9185,11052,28594,14002,12441,10117,17786,9518,10848,9902,13788,25805,12400,7193,10479,17899,9944,6755,8146,10044,8792,14853,18130,9529,8776
c9df9845-7633-48ac-bdb8-9948ea47cc06,10dfcd9a-2f0c-4898-afef-7bd801dcf7be,2026-09-22 15:22:11,2026-09-22 15:50:49,1718,Completed,Desktop,en-US,23530,3611,3578,6452,,4399,524,556,898,3792,3441,3106,2099,974,1033,769,1241,732,787,6072,1202,2753,431,2146,8548,1597,1862,8058,2575,8100,503,702,741,6441,2793,514,626,6574,1343,6292,13214,784,1805,595,34674,628,822,2239,585,848,1031,2342,2952,676,963,1371,8996,854,9814,10333,592,1293,2254,4292,2204,4724,4043,2050,600,718,4250,627,2998,1519,713,4554,5055,3768,1788,7475,623,4639,3402,2168,2879,692,801,3417,4380,1583,509,3977,482,,,,,,,,,,,,,,,,,,,,,,,,,,,,,,,,,,,,,,,,,,,,,,,,,,,,,,,,,,,,,,,,,,,,,,,,,,,,,,,,,,,,,,,,,8310,,4538,8652,4401,11627,5013,5683,4738,4658,12336,6543,5399,7086,8421,9615,7777,133959,4360,4184,5863,5569,13402,7611,8861,6593,6729,7142,6394,113413,10057,5585,10782,4747,9676,6164,8572,5160,190164,10690,5061,3724,5420,6632,8385,8382,12137,5929,6765,5229,9810,8368,10589,8781,8010,5592,10415,10487,12377,4383,6891,108456,6231,7354,10521,5144,8510,8087,8363,13821,7781,33366,5134,7977,6292,5150,24436,8727,7664,11443,7813,7797,4664,6983,6926,8333,6382,5727,7134,5184
fa896601-addf-4105-a565-abc8b967f7da,44e623e4-ffb0-459b-b4b3-8bfd1e2a85c6,2026-09-22 15:22:40,2026-09-22 15:47:37,1496,Completed,Desktop,en-US,10870,5336,4542,10344,,2909,3353,3972,5239,3513,4457,3729,1948,4174,2156,2388,3022,9499,5241,3375,2684,6023,1968,5398,8235,4624,3014,6782,3937,5809,6026,4264,5326,3472,5853,5647,13346,13271,8014,3311,5341,2797,3683,4027,6521,6474,3405,2119,4977,5227,5476,3738,4952,5175,6774,2557,5970,6339,5435,11394,5004,3732,3339,3802,2482,4053,4752,3914,20331,5601,5768,5087,12669,4844,5823,7724,3529,2352,3191,2939,2961,6489,3428,7717,4133,3356,5861,13724,5468,8103,4634,3961,30832,,,,,,,,,,,,,,,,,,,,,,,,,,,,,,,,,,,,,,,,,,,,,,,,,,,,,,,,,,,,,,,,,,,,,,,,,,,,,,,,,,,,,,,,,20055,,7795,6381,8274,9661,6691,14565,5930,5121,9761,5395,6987,7956,9968,20235,8006,26844,6878,4855,10572,12698,9024,9708,12321,10886,5651,10576,5331,7228,7765,8613,4603,10162,6726,21614,5810,16128,6589,4060,8564,7085,6127,8186,8431,5756,7420,8451,8268,5444,8771,9913,13995,10020,7592,6948,5709,11177,7783,6370,7453,4927,11085,6070,6537,6772,9686,5184,5245,8558,20859,6965,5946,5054,8251,5746,9246,6523,18852,5924,8825,8980,22489,5579,7866,8386,5631,7245,5924,12777
9532cb6f-b3ee-4b04-968c-1fd317c2b513,dbe02540-98dd-4cbc-8520-b9dc98571287,2026-09-22 15:29:48,,,In progress,Desktop,en-US,3904,,,,,,,,,,,,,,,,,,,,,,,,,,,,,,,,,,,,,,,,,,,,,,,,,,,,,,,,,,,,,,,,,,,,,,,,,,,,,,,,,,,,,,,,,,,,,,,,,,,,,,,,,,,,,,,,,,,,,,,,,,,,,,,,,,,,,,,,,,,,,,,,,,,,,,,,,,,,,,,,,,,,,,,,,,,,,,,,,,,,,,,,,,,,,,,,,,,,,,,,,,,,,,,,,,,,,,,,,,,,,,,,,,,,,,,,,,,,,,,,,,,,,,,,,,,,,,,,,,,,,,,,,,,,,,
f11b790d-de21-4cbf-9f28-27e08705fa7c,045d9b11-3889-48aa-8479-13cd1919715d,2026-09-22 15:31:06,,,In progress,Desktop,en-US,3032,,,,,,,,,,,,,,,,,,,,,,,,,,,,,,,,,,,,,,,,,,,,,,,,,,,,,,,,,,,,,,,,,,,,,,,,,,,,,,,,,,,,,,,,,,,,,,,,,,,,,,,,,,,,,,,,,,,,,,,,,,,,,,,,,,,,,,,,,,,,,,,,,,,,,,,,,,,,,,,,,,,,,,,,,,,,,,,,,,,,,,,,,,,,,,,,,,,,,,,,,,,,,,,,,,,,,,,,,,,,,,,,,,,,,,,,,,,,,,,,,,,,,,,,,,,,,,,,,,,,,,,,,,,,,,
a66199eb-73da-4968-83b9-8e47708e3a01,2d60b978-fba6-443e-900a-b04e8b741fec,2026-09-22 15:36:37,2026-09-22 16:21:39,2701,Completed,Desktop,en-US,2962,3022,7444,6174,,4723,11715,3380,5888,11079,9503,3234,4669,7321,5609,42032,16514,20588,7604,12072,6706,4848,2768,37661,23852,24950,8626,9323,3235,5135,3492,6430,7120,13165,4721,18598,5993,24586,29093,21574,4648,5101,11752,7969,5136,5188,7823,6540,5843,12155,22122,11148,12114,25951,5693,24210,10881,37359,11930,35627,7688,10751,6281,10224,178,29155,10614,4187,20938,14683,3773,27399,18133,32004,5410,9323,4099,3964,5383,8297,17935,9594,5273,7259,3127,7144,7102,4226,36699,15076,7504,9063,7100,,,,,,,,,,,,,,,,,,,,,,,,,,,,,,,,,,,,,,,,,,,,,,,,,,,,,,,,,,,,,,,,,,,,,,,,,,,,,,,,,,,,,,,,,18343,,6078,12193,6356,11673,5410,7843,7264,8973,39284,6431,20192,6598,7388,33884,35358,6187,41095,5686,68576,7648,43104,33973,13422,17375,26453,12880,35621,9614,5784,4648,15240,7509,26723,20906,10454,13378,6763,4194,7063,4828,8388,5682,25172,5170,28168,16857,17468,8112,5005,7161,10066,6914,9847,17614,95447,14928,16562,14153,38586,6387,41216,15992,24413,18810,15757,3058,14748,8959,9909,27427,7113,7138,15218,3468,10273,14038,6006,6877,16347,7212,4469,10605,27778,5773,8682,6380,7253,42498
fa7b4c09-5f2b-4fe2-9912-a8f2e983c429,c4f62f3f-5da2-4ddd-ba14-c1e569f50488,2026-09-22 15:37:46,2026-09-22 16:08:30,1843,Completed,Desktop,en-US,3285,4661,3980,6037,,9108,5343,4747,5760,11558,16789,7260,4989,3872,3093,9916,3574,6453,14912,14376,22598,3599,3988,9558,12858,4439,6172,10163,3966,5199,3300,5588,4102,4731,2900,18059,6888,6704,5503,5667,3964,6974,5800,9941,7694,10522,11316,3246,8486,8228,5582,9122,5811,6554,5585,13562,22801,25864,10318,8754,10643,6893,12132,6890,6877,7539,9387,7215,3962,4726,3492,8032,8364,4282,9486,14659,8370,4017,8267,5794,10087,8624,6870,14194,9373,7556,9848,4518,10631,6273,12128,4194,4744,,,,,,,,,,,,,,,,,,,,,,,,,,,,,,,,,,,,,,,,,,,,,,,,,,,,,,,,,,,,,,,,,,,,,,,,,,,,,,,,,,,,,,,,,18998,,8605,5217,5525,9617,18829,5507,5019,6588,5453,7746,9093,6834,6727,6767,9242,7601,6527,5907,17392,6882,8378,10464,10981,17793,6069,4273,7712,6318,8017,5128,11725,5997,9213,14139,7705,6066,3671,5917,5904,7434,6213,3953,19692,8938,10650,9606,12742,6823,9440,11590,12694,8700,11962,9038,14871,6422,10231,3820,6583,4575,6068,9029,5415,5122,18648,6237,6450,8017,12872,11072,9940,8030,7956,8773,12069,6818,6624,5262,7344,16431,6413,8059,5831,6170,8407,6716,6746,6481
aa471c59-f020-4e4c-9257-e5fb88059f63,682dba8a-81d9-423a-bb6e-5a034bfd12f0,2026-09-22 15:41:47,2026-09-22 16:07:10,1522,Completed,Desktop,en-US,4230,3998,4618,5502,,3526,3072,2397,4479,6132,3046,3424,4232,2580,1997,14290,3833,27256,8828,3983,3938,2579,2851,4577,6005,5222,5209,4165,2471,9372,2673,4615,5658,8680,5535,3800,5920,5465,5032,8909,4235,3467,1141,2372,2735,3164,3251,2014,2161,6556,4624,3146,3108,14341,10089,4358,4841,7095,11282,4008,3494,4670,3399,9401,3116,4668,3434,2859,4513,3404,3293,4863,3748,2252,3145,4340,4300,4292,8984,5933,3848,9919,5720,4921,2294,1276,3387,7578,12317,5676,5157,8755,8657,,,,,,,,,,,,,,,,,,,,,,,,,,,,,,,,,,,,,,,,,,,,,,,,,,,,,,,,,,,,,,,,,,,,,,,,,,,,,,,,,,,,,,,,,16129,,5979,8233,7677,5290,5998,9288,6648,5109,6467,6776,4737,5659,7767,28605,6749,7622,6747,4418,8683,7626,9642,8267,13323,12802,7739,6301,7008,5037,7407,6000,9460,7887,11039,15929,11842,7196,4940,4323,21119,4208,6054,5072,5931,10865,13318,6483,7574,10225,5395,5747,10511,6541,20785,6421,8510,10750,9905,6353,12353,7104,13104,10508,8673,8767,5497,6194,35604,7966,8392,11151,7218,5698,7970,5965,11231,7425,8069,9718,9360,5174,6201,7909,8677,7894,8157,11090,4972,9763
9cf30288-bef4-424b-844e-f57ec210ed83,e778c184-6ba0-4851-b4fc-2984902227f7,2026-09-22 15:42:37,2026-09-22 16:00:10,1053,Completed,Desktop,en-US,4116,3308,4719,3836,,,,,,,,,,,,,,,,,,,,,,,,,,,,,,,,,,,,,,,,,,,,,,,,,,,,,,,,,,,,,,,,,,,,,,,,,,,,,,,,,,,,,,,,,,2707,3040,1806,2357,3156,2056,1824,2098,1759,2053,1971,3693,1504,4641,1889,940,2666,1509,548,4531,2793,2880,2855,2010,4122,1629,2723,7697,5300,3602,2814,850,2413,5815,4623,3941,1396,1258,1507,1565,2036,1515,1198,2722,1788,2147,2752,5175,4084,3083,4609,3793,3717,548,2769,2872,14284,2365,2598,767,1124,3635,4672,1807,1137,631,2765,3005,83032,4511,2450,4030,2729,3889,1046,2976,3146,2437,2588,2023,1361,3114,1320,2514,5458,1435,1808,4828,8507,,4673,5151,7904,5457,4423,4901,4139,6498,5889,4540,9869,7661,6943,6416,7511,9824,5117,3591,5953,10079,7207,7311,4564,4758,5583,5096,5147,6095,5494,6501,5690,15507,10980,6175,5836,4272,3782,3285,6948,3877,4219,3467,6748,5770,11746,8079,3907,5156,8529,5112,5710,6194,10210,4334,8943,8744,10116,5011,8243,6492,6871,11707,7956,4688,5162,6466,7346,6587,5820,8146,3804,4458,8386,5483,6403,6706,8827,5647,8063,3985,5372,6938,6456,4556,5841,6530,5206,5666
918993ac-0852-4a47-8a66-d703efedf09e,e40c34f2-7956-4636-812c-0f353a4aff60,2026-09-22 15:44:17,,,In progress,Desktop,en-US,4361,,,,,,,,,,,,,,,,,,,,,,,,,,,,,,,,,,,,,,,,,,,,,,,,,,,,,,,,,,,,,,,,,,,,,,,,,,,,,,,,,,,,,,,,,,,,,,,,,,,,,,,,,,,,,,,,,,,,,,,,,,,,,,,,,,,,,,,,,,,,,,,,,,,,,,,,,,,,,,,,,,,,,,,,,,,,,,,,,,,,,,,,,,,,,,,,,,,,,,,,,,,,,,,,,,,,,,,,,,,,,,,,,,,,,,,,,,,,,,,,,,,,,,,,,,,,,,,,,,,,,,,,,,,,,,
7b79e3ef-bafc-43de-b611-15bf73b64db0,8ce6adf6-0bb9-4b87-a0fd-eba3dbec1bd2,2026-09-22 15:46:56,,,In progress,Desktop,en-US,4058,,,,,,,,,,,,,,,,,,,,,,,,,,,,,,,,,,,,,,,,,,,,,,,,,,,,,,,,,,,,,,,,,,,,,,,,,,,,,,,,,,,,,,,,,,,,,,,,,,,,,,,,,,,,,,,,,,,,,,,,,,,,,,,,,,,,,,,,,,,,,,,,,,,,,,,,,,,,,,,,,,,,,,,,,,,,,,,,,,,,,,,,,,,,,,,,,,,,,,,,,,,,,,,,,,,,,,,,,,,,,,,,,,,,,,,,,,,,,,,,,,,,,,,,,,,,,,,,,,,,,,,,,,,,,,
34195562-6acd-4a85-8f87-551595e3f815,6add41b7-f91e-4fa6-aa5c-74ca70a4e2a7,2026-09-22 15:47:19,,,In progress,Desktop,en-US,5974,,,,,,,,,,,,,,,,,,,,,,,,,,,,,,,,,,,,,,,,,,,,,,,,,,,,,,,,,,,,,,,,,,,,,,,,,,,,,,,,,,,,,,,,,,,,,,,,,,,,,,,,,,,,,,,,,,,,,,,,,,,,,,,,,,,,,,,,,,,,,,,,,,,,,,,,,,,,,,,,,,,,,,,,,,,,,,,,,,,,,,,,,,,,,,,,,,,,,,,,,,,,,,,,,,,,,,,,,,,,,,,,,,,,,,,,,,,,,,,,,,,,,,,,,,,,,,,,,,,,,,,,,,,,,,
c31ccdd6-e7e4-4840-b9df-2c44775086fa,48c58f12-5e56-4fcb-a597-a5b944dc2905,2026-09-22 15:49:38,2026-09-22 16:18:42,1743,Completed,Desktop,en-US,8042,4677,4149,9609,,4946,7024,3654,3837,3391,3699,3126,4104,3441,3538,5429,13172,6811,8855,6338,9735,4721,3543,6137,4324,8107,5042,5636,3970,4698,6869,4541,4037,4029,5271,4996,4450,6305,6792,4293,3491,3363,3499,3934,3045,3763,4673,1810,3848,6560,3875,3284,3874,5105,9836,5027,4765,8531,8512,6381,6079,7520,6815,5699,5698,6712,5652,7502,4194,4273,3432,6145,10366,5610,5103,5166,4157,3899,5290,6074,7637,7242,6265,3650,4530,4571,4387,6409,5765,5867,6618,5407,5669,,,,,,,,,,,,,,,,,,,,,,,,,,,,,,,,,,,,,,,,,,,,,,,,,,,,,,,,,,,,,,,,,,,,,,,,,,,,,,,,,,,,,,,,,12289,,10095,10533,9648,13594,9065,5512,8792,7582,8255,6940,8045,4878,11348,8141,15727,10381,7281,8917,7396,16631,13063,9400,14918,12878,7443,9440,6489,8322,8872,11405,12077,9018,9298,13209,8096,8319,12035,4878,7593,6190,10392,6297,16961,9716,14242,9831,7972,15321,9012,8633,9336,9308,11417,20487,9445,7941,12128,7127,18621,7980,9759,11102,16031,7301,12690,9985,10828,11437,12576,9553,7138,7290,14436,8198,8530,17265,9929,10506,11334,12124,6100,10051,8476,13293,7686,13680,9026,6474
25e7b8f1-0615-4451-9573-31ca47336073,a3de111a-36e9-43af-b60d-57188eb4476d,2026-09-22 15:56:11,2026-09-22 16:08:44,752,Completed,Desktop,en-US,4292,2789,3145,6420,,1716,1574,1446,1527,3434,957,1659,3414,1380,690,992,897,1004,1496,1129,1345,1129,2589,2497,2666,6797,2012,2532,4030,3272,1333,1203,1174,1372,2536,5868,1032,2183,1436,2104,2484,1202,877,3161,1522,1790,1755,1317,1208,1337,1710,988,1688,2100,2438,2234,1958,2098,3188,2794,1461,1123,1203,2714,1418,1886,3602,1207,1335,1530,1064,1837,1578,2371,3158,862,1666,1274,1620,2200,1881,1901,746,1540,1815,1213,2158,3809,1441,1981,2901,1331,2269,,,,,,,,,,,,,,,,,,,,,,,,,,,,,,,,,,,,,,,,,,,,,,,,,,,,,,,,,,,,,,,,,,,,,,,,,,,,,,,,,,,,,,,,,11682,,4402,7028,8015,2898,3206,3141,4151,2800,6440,3416,4040,2936,4215,4430,5726,8420,3666,4261,5177,7241,8802,5492,6380,8890,2793,3293,2505,2206,4824,4500,4045,4667,6029,3635,6321,4634,3732,3066,4207,4246,3597,2620,6150,14818,7783,4158,5120,4353,4337,4543,4109,3875,4731,4413,6298,3970,3879,3649,3789,5364,3570,6734,3221,3363,3114,5716,6218,5810,5073,8907,7706,5523,5741,3625,7981,14528,3557,4276,4537,6569,3444,4198,9041,4503,4151,4523,7555,3345
989c7165-bab9-4d43-a6a6-11c75e88aa8c,0417cbdf-f432-440c-a0b3-eb550e201b21,2026-09-22 15:56:15,,,In progress,Desktop,en-US,8993,,,,,,,,,,,,,,,,,,,,,,,,,,,,,,,,,,,,,,,,,,,,,,,,,,,,,,,,,,,,,,,,,,,,,,,,,,,,,,,,,,,,,,,,,,,,,,,,,,,,,,,,,,,,,,,,,,,,,,,,,,,,,,,,,,,,,,,,,,,,,,,,,,,,,,,,,,,,,,,,,,,,,,,,,,,,,,,,,,,,,,,,,,,,,,,,,,,,,,,,,,,,,,,,,,,,,,,,,,,,,,,,,,,,,,,,,,,,,,,,,,,,,,,,,,,,,,,,,,,,,,,,,,,,,,
f36c08e1-63bb-4f15-8924-1e3ef3f859c1,489cecc8-2fb7-4057-aced-446483abae6f,2026-09-22 15:57:08,,,In progress,Desktop,en-US,6079,,,,,,,,,,,,,,,,,,,,,,,,,,,,,,,,,,,,,,,,,,,,,,,,,,,,,,,,,,,,,,,,,,,,,,,,,,,,,,,,,,,,,,,,,,,,,,,,,,,,,,,,,,,,,,,,,,,,,,,,,,,,,,,,,,,,,,,,,,,,,,,,,,,,,,,,,,,,,,,,,,,,,,,,,,,,,,,,,,,,,,,,,,,,,,,,,,,,,,,,,,,,,,,,,,,,,,,,,,,,,,,,,,,,,,,,,,,,,,,,,,,,,,,,,,,,,,,,,,,,,,,,,,,,,,
ba4c4262-8bf4-406b-86c3-fafd1446e5b0,d8e56bb8-8785-4126-80e0-7e27ae239891,2026-09-22 15:57:47,,,In progress,Desktop,en-US,2672,,,,,,,,,,,,,,,,,,,,,,,,,,,,,,,,,,,,,,,,,,,,,,,,,,,,,,,,,,,,,,,,,,,,,,,,,,,,,,,,,,,,,,,,,,,,,,,,,,,,,,,,,,,,,,,,,,,,,,,,,,,,,,,,,,,,,,,,,,,,,,,,,,,,,,,,,,,,,,,,,,,,,,,,,,,,,,,,,,,,,,,,,,,,,,,,,,,,,,,,,,,,,,,,,,,,,,,,,,,,,,,,,,,,,,,,,,,,,,,,,,,,,,,,,,,,,,,,,,,,,,,,,,,,,,
08137e45-327b-4a4e-830c-d53fc06d954e,84912917-5b72-4c76-84ae-1a1ed7b39b09,2026-09-22 16:03:06,2026-09-22 16:27:31,1465,Completed,Desktop,en-US,12901,5546,5491,5628,,,,,,,,,,,,,,,,,,,,,,,,,,,,,,,,,,,,,,,,,,,,,,,,,,,,,,,,,,,,,,,,,,,,,,,,,,,,,,,,,,,,,,,,,,1528,2089,1914,3089,2075,2203,1868,2029,3439,2482,2713,4938,3740,4228,5490,3042,4704,2999,3588,4164,3102,2347,3458,1450,2373,2293,1996,2051,2700,1142,4530,2365,5647,4892,3552,8124,1147,1225,2248,1114,2264,6920,2411,1466,4317,3359,2305,2809,3456,2452,2842,4091,4423,4111,2035,2565,3614,2275,2798,3928,2842,6738,3297,2352,5678,3910,4497,7691,3164,3364,2435,1654,2971,3261,3550,5954,7487,2759,2525,3786,2257,4711,4221,2143,2841,3136,3551,2739,10478,,7114,6897,9893,7501,8614,7212,6982,9098,6750,5232,5244,10122,7649,8195,13682,10766,4944,4599,7103,8866,5246,5657,66098,8996,5967,7014,6645,6263,5684,5632,7536,8061,7614,5283,4048,4966,8931,4599,5081,8065,7477,4999,8729,5815,6779,7796,14404,5098,5282,7366,14428,5565,5332,6254,8962,198708,6230,4981,6035,5398,6814,7182,8274,11069,4667,6099,5360,4930,6975,7972,6778,7541,10232,7182,5483,6463,13376,5265,5832,6598,3661,8252,7664,9939,7729,6549,9877,16499
aa6e8689-701e-489c-855d-f7be70b20b7f,695d3091-bc14-4d27-a305-5cebd0876526,2026-09-22 16:08:37,,,In progress,Mobile,en-US,5002,6351,9743,4828,,,,,,,,,,,,,,,,,,,,,,,,,,,,,,,,,,,,,,,,,,,,,,,,,,,,,,,,,,,,,,,,,,,,,,,,,,,,,,,,,,,,,,,,,,,,,,,,,,,,,,,,,,,,,,,,,,,,,,,,,,,,,,,,,,,,,,,,,,,,,,,,,,,,,,,,,,,,,,,,,,,,,,,,,,,,,,,,,,,,,,,,,,,,,,,,,,,,,,,,,,,,,,,,,,,,,,,,,,,,,,,,,,,,,,,,,,,,,,,,,,,,,,,,,,,,,,,,,,,,,,,,,,,
fcd64900-d08f-44d9-985e-568f4173eb73,943c9e82-502d-4a19-b81a-5f027ae40bf4,2026-09-22 16:08:54,,,In progress,Desktop,en-US,3457,,,,,,,,,,,,,,,,,,,,,,,,,,,,,,,,,,,,,,,,,,,,,,,,,,,,,,,,,,,,,,,,,,,,,,,,,,,,,,,,,,,,,,,,,,,,,,,,,,,,,,,,,,,,,,,,,,,,,,,,,,,,,,,,,,,,,,,,,,,,,,,,,,,,,,,,,,,,,,,,,,,,,,,,,,,,,,,,,,,,,,,,,,,,,,,,,,,,,,,,,,,,,,,,,,,,,,,,,,,,,,,,,,,,,,,,,,,,,,,,,,,,,,,,,,,,,,,,,,,,,,,,,,,,,,
91914bd6-79f7-46ee-9599-5874fbaefa99,d97b1438-bcfa-4ee3-80c7-95a697829e77,2026-09-22 16:10:13,2026-09-22 16:26:37,983,Completed,Desktop,en-US,5336,3935,4112,5132,,,,,,,,,,,,,,,,,,,,,,,,,,,,,,,,,,,,,,,,,,,,,,,,,,,,,,,,,,,,,,,,,,,,,,,,,,,,,,,,,,,,,,,,,,142,5593,5198,10534,3984,7309,6578,3089,2576,3435,5652,3527,1400,2860,4694,1951,4562,2390,165,11272,152,5682,113,5669,4878,3250,3201,3375,2899,3337,5670,6254,7358,5170,9660,5892,6893,124,6979,2869,3095,2209,13729,7867,5688,4234,154,1939,4470,156,4476,7046,98,5259,4939,225,5558,3176,9288,2948,995,2379,194,5391,6063,1764,5428,5598,181,161,2839,3563,6240,7878,129,7093,5603,140,1107,8771,1669,5101,8340,5752,5861,6380,6845,6130,11635,,2727,4391,3168,7340,4221,2366,2519,3348,12916,2921,4263,3003,2674,2035,2649,1988,5519,2530,5894,2658,2512,7396,2405,5854,5195,4433,2047,4723,2174,5306,2265,5947,3908,2231,5915,6915,3342,5038,3195,4019,2783,1978,3353,3540,2552,5990,6032,4626,9704,2150,5943,3387,1954,1748,8391,5362,11458,3645,6892,6722,3202,1991,10274,4824,2588,2527,4068,2353,3379,3209,4607,5867,5997,7286,5561,5390,2400,1987,4776,1597,3270,3453,4730,5989,6439,6673,7572,5489
3f814859-c875-49c1-bc9f-8e351a9ec3dd,71312097-72b2-4c5c-8af5-e21d7df3583e,2026-09-22 16:11:37,2026-09-22 16:32:01,1223,Completed,Desktop,en-US,12747,4525,4892,8009,,,,,,,,,,,,,,,,,,,,,,,,,,,,,,,,,,,,,,,,,,,,,,,,,,,,,,,,,,,,,,,,,,,,,,,,,,,,,,,,,,,,,,,,,,5912,5145,7883,5832,6332,3426,4003,3498,5695,7574,2669,9500,3986,4197,6325,4802,2664,2950,4572,3798,4963,5147,3783,3156,4535,4319,2413,3237,3379,8989,4465,5991,6524,4058,3851,7399,2767,3143,4265,2327,2829,3876,3120,2611,5842,3654,4040,2912,5260,3170,4480,6181,4075,10882,9400,3471,3129,3406,3281,3802,12018,8389,4396,6545,3618,3361,5620,4458,4203,4645,9008,16071,7505,4672,4308,5096,10637,9045,5065,3933,1983,4987,5119,2993,6314,4283,4017,4572,10231,,5443,7520,5195,7671,4993,5651,6393,7373,5480,6865,5563,4867,6120,4838,10376,4170,7709,5116,14595,6004,9353,5042,5144,5254,10119,4863,5490,4447,6059,11202,10374,7591,7838,6973,5078,5280,4332,5237,9001,5435,4634,9436,4048,4645,6856,6738,5465,4684,5014,5679,7482,6250,8333,5389,6109,4791,5260,6028,6642,5548,5300,5914,6238,8283,5185,5083,4341,4561,6118,6035,6793,4673,6113,5680,6154,6187,7316,9137,5752,5179,6619,5671,5664,5285,7292,6021,9334,4983
96304ccd-b9b4-47cd-9c57-bfcd5b57d373,80d171fc-4946-48b7-9be7-cadd7fce9b94,2026-09-22 16:14:45,2026-09-22 16:48:34,2028,Completed,Desktop,en-US,3730,4506,5642,4493,,1238,1669,1530,2974,4320,5535,4371,7587,5860,2797,5404,3282,1800,30231,9232,7268,8204,2361,8733,9919,2990,2638,6605,4860,3160,6274,2417,3025,5326,5749,8221,4666,10147,4237,3268,2572,1467,6717,4489,6457,1789,4248,2573,3330,21627,6530,6636,1871,19214,5128,4225,5438,7830,2374,5968,2171,4664,4674,4352,7236,5471,4773,5194,6893,2916,6186,5522,6981,11300,6566,5851,5277,6971,10127,1812,3940,6344,7291,5464,3868,4468,3318,13848,4605,5611,5743,3643,9236,,,,,,,,,,,,,,,,,,,,,,,,,,,,,,,,,,,,,,,,,,,,,,,,,,,,,,,,,,,,,,,,,,,,,,,,,,,,,,,,,,,,,,,,,17665,,7825,8384,12760,9910,6878,6295,14024,5786,8828,4166,5314,5744,7446,10046,13532,16472,7450,12115,7837,17900,12269,24144,36831,14376,8741,18683,10158,6630,22786,8674,14103,11387,23015,19044,8095,6894,3263,6318,5394,3672,15842,3951,5668,7820,9470,27244,9982,15816,13762,36415,9932,8386,28414,12503,31894,22426,7384,7043,31073,9027,7933,16096,22354,6790,10976,7917,9454,16866,8523,20618,4910,5569,13530,9718,9077,10802,18379,9707,15164,8017,8023,9822,8791,5620,4975,14699,9230,16205
a5dfda6a-7478-4a3f-a1f0-455901a38777,a532c088-8471-4ef1-b2a2-0c0c2697aaf3,2026-09-22 16:15:33,,,In progress,Desktop,en-US,3972,,,,,,,,,,,,,,,,,,,,,,,,,,,,,,,,,,,,,,,,,,,,,,,,,,,,,,,,,,,,,,,,,,,,,,,,,,,,,,,,,,,,,,,,,,,,,,,,,,,,,,,,,,,,,,,,,,,,,,,,,,,,,,,,,,,,,,,,,,,,,,,,,,,,,,,,,,,,,,,,,,,,,,,,,,,,,,,,,,,,,,,,,,,,,,,,,,,,,,,,,,,,,,,,,,,,,,,,,,,,,,,,,,,,,,,,,,,,,,,,,,,,,,,,,,,,,,,,,,,,,,,,,,,,,,
7d8311a2-c839-4dac-aeff-96d4e1a67e48,5fe8f9ba-399e-4414-b850-c7c3b94fecef,2026-09-22 16:16:09,,,In progress,Desktop,en-US,2839,3772,3645,7594,,,,,,,,,,,,,,,,,,,,,,,,,,,,,,,,,,,,,,,,,,,,,,,,,,,,,,,,,,,,,,,,,,,,,,,,,,,,,,,,,,,,,,,,,,,,,,,,,,,,,,,,,,,,,,,,,,,,,,,,,,,,,,,,,,,,,,,,,,,,,,,,,,,,,,,,,,,,,,,,,,,,,,,,,,,,,,,,,,,,,,,,,,,,,,,,,,,,,,,,,,,,,,,,,,,,,,,,,,,,,,,,,,,,,,,,,,,,,,,,,,,,,,,,,,,,,,,,,,,,,,,,,,,
020594e8-6596-4373-8bf8-77b35c49ecba,ebd9ae08-2c1a-4db3-a5fb-bad40984c448,2026-09-22 16:16:52,,,In progress,Desktop,en-US,4705,3903,3009,5065,,,,,,,,,,,,,,,,,,,,,,,,,,,,,,,,,,,,,,,,,,,,,,,,,,,,,,,,,,,,,,,,,,,,,,,,,,,,,,,,,,,,,,,,,,,,,,,,,,,,,,,,,,,,,,,,,,,,,,,,,,,,,,,,,,,,,,,,,,,,,,,,,,,,,,,,,,,,,,,,,,,,,,,,,,,,,,,,,,,,,,,,,,,,,,,,,,,,,,,,,,,,,,,,,,,,,,,,,,,,,,,,,,,,,,,,,,,,,,,,,,,,,,,,,,,,,,,,,,,,,,,,,,,
e3ab0627-08ee-48da-8cde-f74f104d5e39,2b6bf06b-6401-4db0-80d0-ea0dea62e156,2026-09-22 16:17:49,2026-09-22 16:40:02,1332,Completed,Desktop,en-US,9538,5252,4781,15373,,,,,,,,,,,,,,,,,,,,,,,,,,,,,,,,,,,,,,,,,,,,,,,,,,,,,,,,,,,,,,,,,,,,,,,,,,,,,,,,,,,,,,,,,,2809,6978,5230,5249,13595,2303,4542,2399,2327,1434,2033,2315,4512,3303,6176,3058,1808,2580,6961,5364,8059,3592,6769,2288,4871,2238,4426,3374,2879,2508,3067,3730,2627,4349,5602,3753,4187,2623,1859,2973,1751,1300,3116,2273,2915,4033,2375,2287,5260,3101,4268,3826,13563,3177,3204,4867,3885,1906,1811,1942,4469,3329,4694,5199,2029,4236,4250,5748,2985,3532,2621,2428,2786,4555,4052,4260,3875,1926,4378,2913,2189,3512,4019,6814,3783,8150,9607,1867,8855,,9823,6476,11945,9037,11582,10356,9905,10829,5168,11129,5258,6371,11160,25081,11693,10041,6022,6017,8129,13584,5890,8542,7466,6549,7104,6245,6282,6345,5063,8298,6060,6921,23453,7577,12333,8026,5589,4580,7023,9729,5714,4605,6254,6312,18792,7720,5010,5795,8197,10500,12044,11088,12331,7651,10411,8383,9762,5473,9468,5334,10308,10008,12309,6800,7185,6526,9861,9765,6339,8233,7051,6056,9862,13164,10281,11210,8437,8475,7338,10502,5758,6892,9511,7291,10625,6626,12203,8606
004b8ca3-f394-4491-9c92-b7ab742aa9cf,babd6fc9-4089-46ca-8bbb-28dc714110a8,2026-09-22 16:23:16,,,In progress,Desktop,en-US,7050,,,,,,,,,,,,,,,,,,,,,,,,,,,,,,,,,,,,,,,,,,,,,,,,,,,,,,,,,,,,,,,,,,,,,,,,,,,,,,,,,,,,,,,,,,,,,,,,,,,,,,,,,,,,,,,,,,,,,,,,,,,,,,,,,,,,,,,,,,,,,,,,,,,,,,,,,,,,,,,,,,,,,,,,,,,,,,,,,,,,,,,,,,,,,,,,,,,,,,,,,,,,,,,,,,,,,,,,,,,,,,,,,,,,,,,,,,,,,,,,,,,,,,,,,,,,,,,,,,,,,,,,,,,,,,
e2bae2fa-b795-48ae-b018-181110628842,9fc4dacd-58ef-429a-888a-a502d58cfe20,2026-09-22 16:23:56,,,In progress,Desktop,en-US,4897,,,,,,,,,,,,,,,,,,,,,,,,,,,,,,,,,,,,,,,,,,,,,,,,,,,,,,,,,,,,,,,,,,,,,,,,,,,,,,,,,,,,,,,,,,,,,,,,,,,,,,,,,,,,,,,,,,,,,,,,,,,,,,,,,,,,,,,,,,,,,,,,,,,,,,,,,,,,,,,,,,,,,,,,,,,,,,,,,,,,,,,,,,,,,,,,,,,,,,,,,,,,,,,,,,,,,,,,,,,,,,,,,,,,,,,,,,,,,,,,,,,,,,,,,,,,,,,,,,,,,,,,,,,,,,
7be541a5-27a2-46f3-8b40-9a15b3f1e211,3dacd7cd-97e3-4a60-868a-6980b5f6a4a2,2026-09-22 16:24:00,,,In progress,Desktop,en-US,,,,,,,,,,,,,,,,,,,,,,,,,,,,,,,,,,,,,,,,,,,,,,,,,,,,,,,,,,,,,,,,,,,,,,,,,,,,,,,,,,,,,,,,,,,,,,,,,,,,,,,,,,,,,,,,,,,,,,,,,,,,,,,,,,,,,,,,,,,,,,,,,,,,,,,,,,,,,,,,,,,,,,,,,,,,,,,,,,,,,,,,,,,,,,,,,,,,,,,,,,,,,,,,,,,,,,,,,,,,,,,,,,,,,,,,,,,,,,,,,,,,,,,,,,,,,,,,,,,,,,,,,,,,,,,
1bd10d7e-a63a-4b04-b90e-12c0a810a3f2,e054f663-e235-4b96-aec3-b6f7723ee70a,2026-09-22 16:24:46,2026-09-22 17:05:13,2427,Completed,Desktop,en-US,5101,3773,6719,10009,,3234,10503,2537,6620,5392,4897,5406,6582,4638,8698,13384,5059,5634,15482,14999,7376,7864,3488,19592,12051,7132,4604,3605,7742,7977,4750,8430,2336,4215,13325,6173,8392,5274,5394,10321,8746,2958,2242,9359,1983,2932,4720,1380,4412,18920,8589,10967,4017,11745,4841,7978,7853,7034,7351,5597,6561,8846,3066,4660,8012,5691,9486,5691,3739,3536,9124,13764,7788,5799,8533,7170,5151,3404,5110,5769,8441,3924,6471,5308,4410,2538,4680,8718,5821,3269,3427,3412,6014,,,,,,,,,,,,,,,,,,,,,,,,,,,,,,,,,,,,,,,,,,,,,,,,,,,,,,,,,,,,,,,,,,,,,,,,,,,,,,,,,,,,,,,,,18106,,21821,10494,14448,9806,10002,13259,16565,6206,29552,7025,9894,8958,7456,15536,9477,10134,12975,7048,10290,12366,7793,8537,15823,7502,6314,14512,7383,6939,13592,7952,10041,10167,8485,16931,8649,7240,14906,16147,7720,6868,8925,23337,8138,9399,10427,15525,17387,8582,23292,12226,54429,11280,11203,10867,9292,12101,9166,24515,8801,12350,20441,28425,10242,228523,12234,5810,31233,21283,9397,8069,9127,12913,10184,61141,22298,7201,15466,18470,10226,16779,13773,18822,16330,36482,57063,9936,8997,8439
3cbfdc42-9bfe-4c75-9d35-107fcc558b3c,e4e266c2-f23d-40f9-a9d2-608d8456a4fb,2026-09-22 16:24:53,,,In progress,Desktop,en-US,,,,,,,,,,,,,,,,,,,,,,,,,,,,,,,,,,,,,,,,,,,,,,,,,,,,,,,,,,,,,,,,,,,,,,,,,,,,,,,,,,,,,,,,,,,,,,,,,,,,,,,,,,,,,,,,,,,,,,,,,,,,,,,,,,,,,,,,,,,,,,,,,,,,,,,,,,,,,,,,,,,,,,,,,,,,,,,,,,,,,,,,,,,,,,,,,,,,,,,,,,,,,,,,,,,,,,,,,,,,,,,,,,,,,,,,,,,,,,,,,,,,,,,,,,,,,,,,,,,,,,,,,,,,,,,
c4ad1169-357d-418c-b2ff-efbc7de9f153,0383b004-1293-48a0-bac2-1cca2e22bea4,2026-09-22 16:27:13,2026-09-22 16:50:47,1413,Completed,Desktop,en-US,5852,2966,3310,4560,,,,,,,,,,,,,,,,,,,,,,,,,,,,,,,,,,,,,,,,,,,,,,,,,,,,,,,,,,,,,,,,,,,,,,,,,,,,,,,,,,,,,,,,,,5987,3460,3284,3855,4000,3949,3418,3568,3047,5728,3564,2574,7929,4378,5586,3138,2255,1750,4665,7268,5035,4635,6460,4538,3327,6693,7182,2709,5026,4315,4522,3967,5488,6310,9276,4753,2633,5695,2572,4497,2673,3221,5724,4611,4876,3046,7185,2618,6681,5143,5414,3318,4301,3125,3223,2514,3243,3040,2638,5577,6025,4047,12422,3248,3040,2233,5448,6528,3333,3895,2406,2250,3725,9682,8833,8101,3182,4398,6760,7159,10782,3048,5246,4406,3049,3137,4680,3343,8374,,10635,3511,6365,6004,5351,7392,6635,11005,8729,5009,4766,9323,12105,11167,5368,9829,5233,6598,26216,6903,6350,9437,18408,4713,4664,15837,4761,4389,8681,7886,12596,9166,8347,11372,8326,7560,5118,10200,5277,9519,5453,5961,11689,15398,52748,5435,6190,10588,6540,13955,13416,10262,11314,5103,10333,5447,11969,4305,6373,5856,6711,7845,6067,6658,3964,4642,5911,21050,4790,10411,4333,9047,7691,8302,46418,8584,6949,4817,5078,7984,4454,8039,56629,4321,5313,8222,16249,6045
c27844e2-391f-4c46-8aae-4c0ff0ff2e3b,7f6f4196-906e-495e-9b57-4e0dc220a813,2026-09-22 16:29:04,,,In progress,Desktop,en-US,4882,,,,,,,,,,,,,,,,,,,,,,,,,,,,,,,,,,,,,,,,,,,,,,,,,,,,,,,,,,,,,,,,,,,,,,,,,,,,,,,,,,,,,,,,,,,,,,,,,,,,,,,,,,,,,,,,,,,,,,,,,,,,,,,,,,,,,,,,,,,,,,,,,,,,,,,,,,,,,,,,,,,,,,,,,,,,,,,,,,,,,,,,,,,,,,,,,,,,,,,,,,,,,,,,,,,,,,,,,,,,,,,,,,,,,,,,,,,,,,,,,,,,,,,,,,,,,,,,,,,,,,,,,,,,,,
8e86acd0-d465-44d2-a1ac-cce9bdacc330,19c27268-755d-4474-83f0-d6f8f5b2976c,2026-09-22 16:30:55,,,In progress,Mobile,en-US,61591,,,,,,,,,,,,,,,,,,,,,,,,,,,,,,,,,,,,,,,,,,,,,,,,,,,,,,,,,,,,,,,,,,,,,,,,,,,,,,,,,,,,,,,,,,,,,,,,,,,,,,,,,,,,,,,,,,,,,,,,,,,,,,,,,,,,,,,,,,,,,,,,,,,,,,,,,,,,,,,,,,,,,,,,,,,,,,,,,,,,,,,,,,,,,,,,,,,,,,,,,,,,,,,,,,,,,,,,,,,,,,,,,,,,,,,,,,,,,,,,,,,,,,,,,,,,,,,,,,,,,,,,,,,,,,
f1b16dcd-199f-4556-9c03-9d0e9402a31f,10dbb8dd-7d27-4337-ae87-99f55792b82c,2026-09-22 16:34:48,2026-09-22 17:15:58,2470,Completed,Desktop,en-US,7005,7645,6372,5155,,9038,7062,5599,7439,4171,4082,4330,7620,6495,3796,3748,3356,8210,12590,7469,12087,2999,2329,5305,9148,9925,7181,6523,10432,5219,3667,7260,5721,4762,4089,5506,8686,5741,7358,5991,8449,2242,1678,2711,2088,9054,3057,1609,2922,6692,11242,4219,4219,7438,4579,9167,5823,12412,6152,11632,4047,7565,2773,8615,3763,12715,7388,2433,5688,4059,4513,4769,4855,9316,4548,5147,4636,3525,4632,6141,5698,4309,4948,11740,6183,4063,2613,6465,4278,6341,11906,6144,8121,,,,,,,,,,,,,,,,,,,,,,,,,,,,,,,,,,,,,,,,,,,,,,,,,,,,,,,,,,,,,,,,,,,,,,,,,,,,,,,,,,,,,,,,,13762,,8238,6217,6406,15201,6443,10988,6179,8320,11595,6481,9530,6111,11595,9166,11988,13193,7959,9668,12167,11510,12259,8758,12989,14494,11028,9518,8117,8865,16078,8281,9505,7704,7527,11366,10793,12110,6729,8000,8763,6165,7982,6964,12236,8510,10113,7670,6397,9025,12644,9320,7808,12472,9946,7570,19136,14379,14494,7529,8278,9009,10453,11040,6660,12290,9795,6693,7689,9349,11415,11007,14610,7769,9983,6168,17841,10033,8585,6938,9600,10597,6972,5896,10143,9607,9544,7720,10161,7221
f45adaf4-0950-4580-9a29-6c6ce8a3fdd5,e319a108-7e73-4dda-87ab-b312d7d32a9b,2026-09-22 16:40:45,,,In progress,Desktop,en-US,4679,,,,,,,,,,,,,,,,,,,,,,,,,,,,,,,,,,,,,,,,,,,,,,,,,,,,,,,,,,,,,,,,,,,,,,,,,,,,,,,,,,,,,,,,,,,,,,,,,,,,,,,,,,,,,,,,,,,,,,,,,,,,,,,,,,,,,,,,,,,,,,,,,,,,,,,,,,,,,,,,,,,,,,,,,,,,,,,,,,,,,,,,,,,,,,,,,,,,,,,,,,,,,,,,,,,,,,,,,,,,,,,,,,,,,,,,,,,,,,,,,,,,,,,,,,,,,,,,,,,,,,,,,,,,,,
38cd70d5-d42c-4937-9beb-35e71e223b95,a321d449-87a4-4370-b339-905aa77194d4,2026-09-22 16:42:51,,,In progress,Desktop,en-US,21415,3555,4796,7442,,,,,,,,,,,,,,,,,,,,,,,,,,,,,,,,,,,,,,,,,,,,,,,,,,,,,,,,,,,,,,,,,,,,,,,,,,,,,,,,,,,,,,,,,,5093,5049,3602,3364,5592,3326,3050,3068,5461,3336,3776,1991,4745,5169,5989,4162,3850,2774,5684,7228,6702,6403,4827,4347,6848,2232,2712,3629,5117,7912,8571,3680,5914,5844,5096,5423,1781,2467,2916,6067,2587,2309,3075,7222,6113,4776,2700,2991,5689,4177,6540,3940,8147,3736,6233,4449,5410,2757,3835,3863,5143,5797,15282,3339,3985,2637,6936,5641,6691,4949,3937,4373,4380,6231,9004,4384,4370,7063,4993,7316,2614,3325,3463,4282,5670,5767,3451,6794,13620,,,,,7183,,6985,5930,,,4738,,,,6089,7565,5945,,,9082,,,14412,,,,8595,,7607,5395,5445,,5829,13059,9438,,,4248,5222,,4964,,,14609,6424,,,,,,,,6593,,,,,16589,,,7725,,,,,5450,,,7469,,,,5934,,8242,,11133,10372,,5642,,,,,,,,,
2c7932ef-26ad-44fc-ba76-832a10caec0d,fb5d0304-86d4-475b-a028-fb9b4b43abc1,2026-09-22 16:44:39,,,In progress,Desktop,en-US,5873,,,,,,,,,,,,,,,,,,,,,,,,,,,,,,,,,,,,,,,,,,,,,,,,,,,,,,,,,,,,,,,,,,,,,,,,,,,,,,,,,,,,,,,,,,,,,,,,,,,,,,,,,,,,,,,,,,,,,,,,,,,,,,,,,,,,,,,,,,,,,,,,,,,,,,,,,,,,,,,,,,,,,,,,,,,,,,,,,,,,,,,,,,,,,,,,,,,,,,,,,,,,,,,,,,,,,,,,,,,,,,,,,,,,,,,,,,,,,,,,,,,,,,,,,,,,,,,,,,,,,,,,,,,,,,
105d87c8-c7bc-4b14-b945-e0a1a3b0b547,dfb62a34-3772-4631-8726-dad84ba20ba4,2026-09-22 16:47:00,2026-09-22 17:01:22,862,Completed,Desktop,en-US,4784,4365,5330,7927,,3947,669,496,488,494,477,472,3117,45,542,641,1480,470,1417,1531,604,447,849,592,1576,1180,707,1050,409,1359,962,1003,852,487,537,824,1373,481,721,424,540,768,448,1310,1074,1054,1482,916,473,540,573,1426,1524,700,1149,1769,884,418,3513,546,1024,1430,1080,1342,492,1337,1024,445,586,716,1312,1355,452,609,1149,580,484,407,2717,463,7765,5150,807,485,889,3631,1246,1537,566,2697,4049,2452,460,,,,,,,,,,,,,,,,,,,,,,,,,,,,,,,,,,,,,,,,,,,,,,,,,,,,,,,,,,,,,,,,,,,,,,,,,,,,,,,,,,,,,,,,,7787,,4905,4787,5068,6520,6062,5178,5481,3898,4924,4538,4639,4711,6662,7850,7254,10302,7178,5521,5696,17502,4447,4392,7515,5713,6910,7277,5975,4758,6057,8115,7360,6201,11149,16959,8475,5679,5682,4276,5693,5256,5577,5175,3868,10870,8540,7202,7614,5433,8322,5959,10218,6127,6437,7738,6058,4390,5481,4545,4446,5832,4514,6130,6025,7659,9264,8324,8361,5281,10187,6183,4591,5082,5169,6630,8296,5974,6664,5939,12513,8822,5338,6166,6836,4775,4372,7050,5826,6216
ee96b7be-04b5-48b0-9acb-9b6738f451ae,d13ccb00-5c95-456b-8dcc-5014fed79898,2026-09-22 16:47:37,,,In progress,Desktop,en-US,5259,,,,,,,,,,,,,,,,,,,,,,,,,,,,,,,,,,,,,,,,,,,,,,,,,,,,,,,,,,,,,,,,,,,,,,,,,,,,,,,,,,,,,,,,,,,,,,,,,,,,,,,,,,,,,,,,,,,,,,,,,,,,,,,,,,,,,,,,,,,,,,,,,,,,,,,,,,,,,,,,,,,,,,,,,,,,,,,,,,,,,,,,,,,,,,,,,,,,,,,,,,,,,,,,,,,,,,,,,,,,,,,,,,,,,,,,,,,,,,,,,,,,,,,,,,,,,,,,,,,,,,,,,,,,,,
ff0231a1-7656-4e50-9a84-6b4a1479aa92,a319cc21-8089-4d30-94b7-01f0b59ed534,2026-09-22 16:48:27,2026-09-22 17:25:34,2227,Completed,Desktop,pt-BR,2092,4603,3566,3732,,,,,,,,,,,,,,,,,,,,,,,,,,,,,,,,,,,,,,,,,,,,,,,,,,,,,,,,,,,,,,,,,,,,,,,,,,,,,,,,,,,,,,,,,,4161,7524,8262,10480,16146,11229,8868,3884,4972,5384,6607,2721,6876,24094,10500,10831,6959,4623,11313,11271,11448,5328,8764,15118,4919,10391,4001,6418,9338,13695,6562,6724,12275,7685,4926,5801,4844,2391,13060,3812,4381,5506,4772,4327,6370,7488,9450,9644,8664,10419,6730,9715,13720,6328,15804,7865,14951,6707,3874,6737,5337,13061,6182,6413,3331,7821,8310,8594,16630,8932,5117,5962,5777,10713,13680,8881,9755,7617,12233,5631,8335,4179,10966,5322,9225,7590,4564,5173,19883,,5721,33004,5129,5501,6931,4755,5520,9327,7197,6783,7793,4169,4438,6550,17592,7377,9860,3435,11688,5098,14107,9431,7257,13220,5122,9010,5562,323961,6268,23637,6610,22459,3906,3787,4142,5950,8553,3444,5143,10206,8869,6493,11957,6264,13410,21297,23941,5348,11091,4545,28361,6861,7789,8565,6412,4303,8232,5369,15188,10392,18407,6199,5197,5102,6033,64201,58126,19349,5691,8344,12086,10453,10889,6855,22393,7923,8113,8373,6468,6314,8874,29619,14795,6397,36622,11399,5041,8033
4b80376e-6bb7-48e6-b8dc-11795e8fd641,d8862e6f-173d-41b9-a070-e92066eefa77,2026-09-22 16:51:07,,,In progress,Desktop,en-US,4957,,,,,,,,,,,,,,,,,,,,,,,,,,,,,,,,,,,,,,,,,,,,,,,,,,,,,,,,,,,,,,,,,,,,,,,,,,,,,,,,,,,,,,,,,,,,,,,,,,,,,,,,,,,,,,,,,,,,,,,,,,,,,,,,,,,,,,,,,,,,,,,,,,,,,,,,,,,,,,,,,,,,,,,,,,,,,,,,,,,,,,,,,,,,,,,,,,,,,,,,,,,,,,,,,,,,,,,,,,,,,,,,,,,,,,,,,,,,,,,,,,,,,,,,,,,,,,,,,,,,,,,,,,,,,,
28779a49-a37e-409c-9c4d-3fca2f1cac77,6ce91bb1-2b9a-48b6-9f58-bd2f8f05121b,2026-09-22 16:53:59,2026-09-22 17:32:16,2296,Completed,Desktop,en-US,7443,6656,8739,7348,,,,,,,,,,,,,,,,,,,,,,,,,,,,,,,,,,,,,,,,,,,,,,,,,,,,,,,,,,,,,,,,,,,,,,,,,,,,,,,,,,,,,,,,,,3889,4214,1308,5471,5280,4754,6077,1520,2359,1096,1475,1490,1665,1940,2884,944,3445,2785,13493,2315,2753,4282,3384,2282,1312,3987,3063,2800,2968,4186,2857,6956,3079,1474,4477,4169,2492,5137,5889,2324,2299,1885,3567,3634,9598,2427,8004,3148,2654,4107,7374,7556,10195,5380,5231,1267,4702,1010,1736,1324,6091,10884,2172,2005,3430,5410,3254,4848,7362,1754,18010,1935,7832,3346,5039,6110,2487,3089,2701,7084,3934,4455,1624,9862,2716,15571,8548,8506,23137,,11911,10436,15192,9313,10659,10482,15817,11000,10945,8774,21002,17477,10755,14766,12987,10412,11538,11276,13732,19932,9085,9022,13480,15889,8960,14273,13561,9165,14387,8346,14533,9265,16946,11226,16527,9508,7367,5977,9610,9679,12607,17483,13049,16589,19918,10297,24080,13490,19577,13424,7917,16580,14490,12489,12179,26072,21419,10268,26350,11676,16015,7952,18228,17022,10412,9881,10811,13489,18641,10804,23950,9148,14414,18367,19776,15601,15790,18786,14022,24979,7630,11137,18603,16734,19077,12003,24576,19337
77cc3d92-cc45-4f25-a947-693d890d854e,8c50aa84-7f5f-4d7b-82b3-8a1e5c4cb5f1,2026-09-22 16:59:15,2026-09-22 17:46:05,2809,Completed,Desktop,en-US,5747,5630,5967,20535,,,,,,,,,,,,,,,,,,,,,,,,,,,,,,,,,,,,,,,,,,,,,,,,,,,,,,,,,,,,,,,,,,,,,,,,,,,,,,,,,,,,,,,,,,3064,2446,4630,6183,7147,6020,5183,3635,6099,3318,4760,7918,27695,6719,16230,12314,3099,3299,7850,11199,6847,7550,5634,15997,10616,13728,5677,14021,6714,8347,10650,5429,13550,7176,12481,5998,2520,8359,10102,5004,8184,5468,8030,3720,13966,10385,5529,4468,55837,4519,12314,13063,15600,7287,7361,5131,8316,7283,9749,4597,4316,6999,4906,33489,12596,2387,10485,8400,16296,73655,2817,19861,11080,12659,17434,13234,14832,5271,46910,8232,5785,6165,6101,8450,13268,7801,3684,5562,19668,,26558,8694,15184,18886,14014,11808,16715,13612,27916,14177,79598,15358,12993,31851,12683,16162,13185,5514,36799,15850,14500,30403,45553,14627,17864,41165,10586,10551,17611,12719,23806,17301,15752,20011,12663,11647,13133,16902,50885,8382,78049,9064,31768,12165,16543,12439,11598,11021,30781,11819,11103,15151,21449,8523,13752,8968,17447,15897,16034,24434,13961,10546,13698,17200,12497,12067,21530,24062,25800,13462,13917,7391,8989,9151,39308,12132,22314,13878,21454,7014,14158,8951,11725,24564,28699,13901,10622,11280
3470bf24-74d8-40a7-93c1-db41cdd4d44f,52792b37-19b6-4839-aef6-45c83469930d,2026-09-22 17:01:27,,,In progress,Desktop,en-US,4736,,,,,,,,,,,,,,,,,,,,,,,,,,,,,,,,,,,,,,,,,,,,,,,,,,,,,,,,,,,,,,,,,,,,,,,,,,,,,,,,,,,,,,,,,,,,,,,,,,,,,,,,,,,,,,,,,,,,,,,,,,,,,,,,,,,,,,,,,,,,,,,,,,,,,,,,,,,,,,,,,,,,,,,,,,,,,,,,,,,,,,,,,,,,,,,,,,,,,,,,,,,,,,,,,,,,,,,,,,,,,,,,,,,,,,,,,,,,,,,,,,,,,,,,,,,,,,,,,,,,,,,,,,,,,,
ec67bb79-6609-4ca3-926a-e530060a32a6,6440ef9a-fcd2-49f7-a2b8-7b4cf7811345,2026-09-22 17:01:37,2026-09-22 17:23:49,1332,Completed,Desktop,en-US,4776,3991,5336,5309,,,,,,,,,,,,,,,,,,,,,,,,,,,,,,,,,,,,,,,,,,,,,,,,,,,,,,,,,,,,,,,,,,,,,,,,,,,,,,,,,,,,,,,,,,4572,5997,4882,548,3142,6705,18215,2620,4320,1146,960,3600,5990,1047,1485,946,1534,1562,3479,5171,3952,603,610,867,558,4807,2179,2051,1814,3188,2714,2790,4280,1289,4378,3660,695,9562,2105,817,1435,665,817,651,742,317,1848,1149,3467,2777,1388,6461,7752,617,828,4875,704,949,4565,2577,1037,1831,10321,3202,2395,2698,820,1019,2149,737,1607,2149,4459,1370,309,1049,3255,3459,2169,5211,1077,1504,2635,3284,6226,3651,2367,3221,12472,,4754,7392,6901,10370,7462,6816,5143,13261,6189,5403,6739,5684,11088,9976,9448,20096,7445,5043,7808,7568,8270,6321,9206,10513,8521,6811,5464,4607,5237,9338,8283,6461,9390,9781,12028,10795,6376,5541,8914,10977,4822,5198,96241,10023,13518,8269,10421,10226,5213,4794,4543,7767,8765,8140,5597,5532,6957,7438,5355,11300,10261,7115,8333,5985,6676,9392,8595,5934,9284,11898,8175,7032,14017,9895,10642,10915,10679,8967,13358,7064,5503,7349,9686,7319,9464,5137,5569,18893
22224f42-fb77-4760-8b6e-581854b30b64,8bee4503-1ee2-4f73-a93b-b5f03c12779e,2026-09-22 17:01:47,,,In progress,Desktop,en-US,3992,3703,5630,4718,,,,,,,,,,,,,,,,,,,,,,,,,,,,,,,,,,,,,,,,,,,,,,,,,,,,,,,,,,,,,,,,,,,,,,,,,,,,,,,,,,,,,,,,,,,,,,,,,2058,,,,8148,,854,,2309,2500,,2648,,,,,,,1744,7459,,,,,2842,,,,,,,,,,,,10573,,,571,187,,,591,,,,,,,,,,,,,,,,,,,1434,,,,,,,,,,,3166,,,,,,,,,,,,,,,,,,,,,,,,,,,,,,,,,,,,,,,,,,,,,,,,,,,,,,,,,,,,,,,,,,,,,,,,,,,,,,,,,,,,,,,,,,,,,,,,,
3a45d64d-9133-48f3-a9fc-ba0cbf750a29,2399bdda-bff5-427f-b15a-fc0196bc77de,2026-09-22 17:15:18,2026-09-22 17:40:24,1506,Completed,Desktop,en-US,3673,7134,5283,4009,,3753,3111,1124,3119,3171,3213,4410,2414,2917,2163,2042,2187,2559,8347,1291,7497,3619,2184,5353,1076,9134,2322,4393,3555,4242,4016,1643,1072,3158,2855,5620,3921,3336,4115,1133,2944,2151,1516,2207,2410,4210,2123,2221,3273,7314,4550,2022,3018,1204,1650,4679,5177,4880,4966,4852,2531,6463,5071,3420,2643,1468,3253,1221,6213,2567,3797,5789,1908,1259,4604,1928,1274,5732,5593,5507,3687,998,3295,9270,2436,3110,4291,4628,1081,5207,10253,3593,1300,,,,,,,,,,,,,,,,,,,,,,,,,,,,,,,,,,,,,,,,,,,,,,,,,,,,,,,,,,,,,,,,,,,,,,,,,,,,,,,,,,,,,,,,,6254,,10292,3181,7840,7220,41176,16119,3425,7739,6774,3546,6740,6092,19160,7291,6147,4219,5396,7654,4371,25721,11021,24082,6011,2744,26911,6998,12092,4028,25701,5074,36152,6427,3050,12305,8418,5446,5874,3735,6671,8153,5492,2987,5690,21841,10036,4377,5392,4101,59653,4646,2529,8105,8304,5574,7115,18199,5359,4867,8935,5906,11937,9011,6901,7114,8366,3856,7032,10271,17068,10370,8578,6103,13628,22799,7152,6564,8582,5078,8124,2959,16215,5316,11070,10145,5247,5158,7029,20047
2711af34-70a0-49b6-a1a0-40c6f196d1fa,5229577f-4f07-48a9-af04-9055448cacb7,2026-09-22 17:16:57,,,In progress,Desktop,en-US,2964,,,,,,,,,,,,,,,,,,,,,,,,,,,,,,,,,,,,,,,,,,,,,,,,,,,,,,,,,,,,,,,,,,,,,,,,,,,,,,,,,,,,,,,,,,,,,,,,,,,,,,,,,,,,,,,,,,,,,,,,,,,,,,,,,,,,,,,,,,,,,,,,,,,,,,,,,,,,,,,,,,,,,,,,,,,,,,,,,,,,,,,,,,,,,,,,,,,,,,,,,,,,,,,,,,,,,,,,,,,,,,,,,,,,,,,,,,,,,,,,,,,,,,,,,,,,,,,,,,,,,,,,,,,,,,
aa32dd56-2fea-43fa-8c0e-a3b091a56235,3be8c5c5-9156-4231-896b-4db4c0b15af8,2026-09-22 17:23:12,2026-09-22 17:50:05,1613,Completed,Desktop,en-US,7903,4015,6306,5184,,4166,3213,4468,6809,2387,3872,11757,2303,6273,4586,7481,5294,3757,5439,4927,5363,2622,2488,6987,9824,3826,4974,5625,4358,6227,2129,9802,2764,4199,9246,8090,5219,8647,5640,14973,2964,1562,2758,5237,6856,5174,3597,2247,3699,4312,4815,7396,3528,6038,19543,7941,4874,10873,4705,6317,6543,8037,2393,9003,2497,7107,6745,6758,6268,6968,4995,5257,3593,10449,13187,10875,2507,5805,12490,9363,8833,7124,9077,9323,6530,5625,3232,4106,7644,6765,6244,9666,3461,,,,,,,,,,,,,,,,,,,,,,,,,,,,,,,,,,,,,,,,,,,,,,,,,,,,,,,,,,,,,,,,,,,,,,,,,,,,,,,,,,,,,,,,,16758,27005,10190,10445,9003,7972,7988,6783,19842,10023,10269,6924,8116,7635,6011,9467,10421,18793,11467,13319,10241,7120,12727,8762,12397,14219,8064,4939,7524,4315,5854,6461,5654,7625,13989,12502,9347,8014,7243,8478,10047,6211,11133,8959,8494,8119,8216,10738,7834,7298,6758,7689,20816,8855,8954,8462,11566,9889,11129,7669,5953,6652,10486,8985,8675,6298,6859,10096,11000,9880,13689,10994,6983,7775,6168,6284,11451,9129,12882,8133,7032,11891,6124,14057,9882,6430,9010,7708,5444,4897
567909a0-786a-4cd9-8faa-42ecb2b1ef03,b42d3400-eb31-4235-95e1-8ce166a8b20f,2026-09-22 17:29:49,,,In progress,Desktop,en-US,3848,,,,,,,,,,,,,,,,,,,,,,,,,,,,,,,,,,,,,,,,,,,,,,,,,,,,,,,,,,,,,,,,,,,,,,,,,,,,,,,,,,,,,,,,,,,,,,,,,,,,,,,,,,,,,,,,,,,,,,,,,,,,,,,,,,,,,,,,,,,,,,,,,,,,,,,,,,,,,,,,,,,,,,,,,,,,,,,,,,,,,,,,,,,,,,,,,,,,,,,,,,,,,,,,,,,,,,,,,,,,,,,,,,,,,,,,,,,,,,,,,,,,,,,,,,,,,,,,,,,,,,,,,,,,,,
9e0b71a1-c6ce-4b38-acc6-b129232a0906,c1d63075-8948-4562-8bb7-ae9bae7af3fb,2026-09-22 17:31:26,,,In progress,Desktop,en-US,3513,,,,,,,,,,,,,,,,,,,,,,,,,,,,,,,,,,,,,,,,,,,,,,,,,,,,,,,,,,,,,,,,,,,,,,,,,,,,,,,,,,,,,,,,,,,,,,,,,,,,,,,,,,,,,,,,,,,,,,,,,,,,,,,,,,,,,,,,,,,,,,,,,,,,,,,,,,,,,,,,,,,,,,,,,,,,,,,,,,,,,,,,,,,,,,,,,,,,,,,,,,,,,,,,,,,,,,,,,,,,,,,,,,,,,,,,,,,,,,,,,,,,,,,,,,,,,,,,,,,,,,,,,,,,,,
f026b966-447f-44fb-87b6-e037316ea29d,e23ac4f0-c2a3-43b3-bc2b-be56d6024293,2026-09-22 17:32:56,,,In progress,Desktop,en-US,6381,,,,,,,,,,,,,,,,,,,,,,,,,,,,,,,,,,,,,,,,,,,,,,,,,,,,,,,,,,,,,,,,,,,,,,,,,,,,,,,,,,,,,,,,,,,,,,,,,,,,,,,,,,,,,,,,,,,,,,,,,,,,,,,,,,,,,,,,,,,,,,,,,,,,,,,,,,,,,,,,,,,,,,,,,,,,,,,,,,,,,,,,,,,,,,,,,,,,,,,,,,,,,,,,,,,,,,,,,,,,,,,,,,,,,,,,,,,,,,,,,,,,,,,,,,,,,,,,,,,,,,,,,,,,,,
ac6a57fb-008f-4c23-90cd-86e1ba33882e,d32edcda-aa52-46a6-96f4-63cee2174c3a,2026-09-22 17:35:17,2026-09-22 18:03:04,1667,Completed,Desktop,en-US,2751,3779,4352,5942,,,,,,,,,,,,,,,,,,,,,,,,,,,,,,,,,,,,,,,,,,,,,,,,,,,,,,,,,,,,,,,,,,,,,,,,,,,,,,,,,,,,,,,,,,1837,2316,1888,1878,2989,3733,2814,2417,5344,2861,2472,1384,1783,4112,7140,5677,1858,1474,3172,4367,3352,3337,5160,1734,1996,3038,10529,3526,1773,12074,1700,5241,6587,2243,3529,1327,1299,1329,1977,1473,1342,1760,1378,1477,8052,2879,3516,1895,5375,2429,9425,10043,1875,2509,2454,2418,1421,3252,2255,6308,1977,1815,2592,3349,3433,1403,2490,2309,4752,1196,2019,1822,12673,3091,3597,15180,1737,1150,5761,4001,3223,1665,2298,2197,4421,3691,5481,3289,5243,,9598,8080,6839,6021,7999,5987,6940,5079,7912,6071,7309,5737,22313,6869,39308,8631,6122,4401,23437,5572,8562,6045,7409,7754,8557,5109,7351,5371,8106,5637,10900,56115,22600,7505,82904,5786,4436,22480,6694,4987,5609,7098,117626,5816,7583,7273,4673,4981,9963,5177,7257,4838,44457,28176,31291,6099,15078,5155,7983,5832,5746,8722,6231,6147,4465,6388,9315,6921,10690,12339,4810,6433,8794,10382,5641,7135,7250,7363,10480,6437,6599,6152,39819,9034,12514,7325,11932,23512
0dc8ef71-29f7-4108-a0b0-758ee8547d9f,31d2355c-4b6f-4ef2-9e8c-97da54cb3142,2026-09-22 17:35:53,,,In progress,Desktop,en-US,4385,,,,,,,,,,,,,,,,,,,,,,,,,,,,,,,,,,,,,,,,,,,,,,,,,,,,,,,,,,,,,,,,,,,,,,,,,,,,,,,,,,,,,,,,,,,,,,,,,,,,,,,,,,,,,,,,,,,,,,,,,,,,,,,,,,,,,,,,,,,,,,,,,,,,,,,,,,,,,,,,,,,,,,,,,,,,,,,,,,,,,,,,,,,,,,,,,,,,,,,,,,,,,,,,,,,,,,,,,,,,,,,,,,,,,,,,,,,,,,,,,,,,,,,,,,,,,,,,,,,,,,,,,,,,,,
02dc7be8-77dc-4b4f-80a0-253d76e21a55,e2af363a-8c68-439c-894c-e81581386206,2026-09-22 17:37:45,2026-09-22 17:52:17,872,Completed,Desktop,en-US,4346,3320,2731,4112,,,,,,,,,,,,,,,,,,,,,,,,,,,,,,,,,,,,,,,,,,,,,,,,,,,,,,,,,,,,,,,,,,,,,,,,,,,,,,,,,,,,,,,,,,1528,2866,1250,1163,1419,1841,1342,1324,1109,4000,3733,1161,1404,3679,1018,2813,1452,1228,693,1093,1037,1921,4153,1654,2606,1182,1766,2847,1827,1068,1247,4772,971,1062,4687,891,986,1858,1670,2199,801,1428,1474,2111,11164,2498,2043,2535,2759,5702,2345,2866,2494,4006,936,1165,880,1030,716,1621,2244,928,1013,1565,1008,1716,854,3245,1316,1668,971,1745,3559,961,1243,2866,1316,1005,1865,2830,1810,3242,1522,4659,1723,1160,1330,3814,7435,,4216,5347,3538,9232,4916,4693,6163,2819,11059,3140,5208,3287,10240,18160,9820,7187,3641,3237,7108,5511,6680,11434,8529,5014,7260,4077,5510,4676,2607,6791,5185,6845,10517,4192,4743,7028,2984,3200,9924,4037,5356,4496,9457,5756,5584,4630,3293,3850,8498,9531,4507,5046,7962,3606,12409,4454,5247,7911,9053,5207,4674,6435,2806,4681,3251,3815,5626,4447,4539,9376,3481,5978,6259,6726,10094,4647,5761,3898,9945,5163,3621,4249,6918,7133,4135,6769,4212,4814
bc0d8528-6b0d-4beb-9a7e-a5e97339ea35,c00ebb4f-1093-47df-8cbd-fec982bea89c,2026-09-22 17:45:52,,,In progress,Desktop,en-US,7507,,,,,,,,,,,,,,,,,,,,,,,,,,,,,,,,,,,,,,,,,,,,,,,,,,,,,,,,,,,,,,,,,,,,,,,,,,,,,,,,,,,,,,,,,,,,,,,,,,,,,,,,,,,,,,,,,,,,,,,,,,,,,,,,,,,,,,,,,,,,,,,,,,,,,,,,,,,,,,,,,,,,,,,,,,,,,,,,,,,,,,,,,,,,,,,,,,,,,,,,,,,,,,,,,,,,,,,,,,,,,,,,,,,,,,,,,,,,,,,,,,,,,,,,,,,,,,,,,,,,,,,,,,,,,,
e80e7b99-ca90-41e5-af2d-7de0577c4b8b,4fed6baf-6af6-48b7-b701-538614d9fbe8,2026-09-22 17:51:22,2026-09-22 18:14:22,1380,Completed,Desktop,en-US,4334,2619,5660,3855,,1278,1625,18891,5195,2355,4199,2207,1928,1837,1969,6467,2767,2897,3334,4319,5020,1363,2610,5945,4757,5020,4002,4418,7964,1574,3270,2517,1642,7707,5385,27221,1891,1876,8061,2879,3692,1425,1203,2824,2301,1671,3165,1163,1516,3227,3209,5119,3163,3617,4551,17432,3484,5552,3884,6112,4677,5059,3210,5189,2273,39126,2348,3128,4629,5631,3022,4609,3419,4996,4081,5237,3498,2641,4004,3176,4433,3485,2799,3940,4280,1516,8601,4847,3676,12659,3186,5589,2828,,,,,,,,,,,,,,,,,,,,,,,,,,,,,,,,,,,,,,,,,,,,,,,,,,,,,,,,,,,,,,,,,,,,,,,,,,,,,,,,,,,,,,,,,9923,61773,5364,3002,4621,9539,4882,4441,4621,3877,5479,4749,5225,7501,4003,11679,6551,4664,3520,3465,8869,10598,35294,10416,22758,6600,7312,7596,5788,6219,7470,4648,7787,5092,5160,13011,8358,4536,4268,6697,3631,5300,4723,4785,6645,3508,4786,7054,4266,5002,21969,3495,11119,3604,9979,4737,7547,7905,6049,7015,9660,12448,17067,5780,16491,5947,4146,5545,3759,7203,9661,8868,5879,6176,7001,7105,10317,6064,5925,13314,8205,4809,4056,4970,15125,6099,38584,7152,10233,7710
5ea4ed37-2628-4f2d-8a1f-852a06404244,b4f2e978-39a7-4979-8da5-a1955157d013,2026-09-22 17:57:19,,,In progress,Desktop,en-US,7775,,,,,,,,,,,,,,,,,,,,,,,,,,,,,,,,,,,,,,,,,,,,,,,,,,,,,,,,,,,,,,,,,,,,,,,,,,,,,,,,,,,,,,,,,,,,,,,,,,,,,,,,,,,,,,,,,,,,,,,,,,,,,,,,,,,,,,,,,,,,,,,,,,,,,,,,,,,,,,,,,,,,,,,,,,,,,,,,,,,,,,,,,,,,,,,,,,,,,,,,,,,,,,,,,,,,,,,,,,,,,,,,,,,,,,,,,,,,,,,,,,,,,,,,,,,,,,,,,,,,,,,,,,,,,,
2a8ad1e9-24f8-4368-81d7-67d1fde24555,ea66f7b1-904a-46d9-aaa7-48bb08eecf57,2026-09-22 18:02:14,,,In progress,Desktop,en-US,5851,,,,,,,,,,,,,,,,,,,,,,,,,,,,,,,,,,,,,,,,,,,,,,,,,,,,,,,,,,,,,,,,,,,,,,,,,,,,,,,,,,,,,,,,,,,,,,,,,,,,,,,,,,,,,,,,,,,,,,,,,,,,,,,,,,,,,,,,,,,,,,,,,,,,,,,,,,,,,,,,,,,,,,,,,,,,,,,,,,,,,,,,,,,,,,,,,,,,,,,,,,,,,,,,,,,,,,,,,,,,,,,,,,,,,,,,,,,,,,,,,,,,,,,,,,,,,,,,,,,,,,,,,,,,,,
8fc1fc2a-0cb6-4f1d-bef2-bdce02354ec7,69f1f0dc-6615-45b7-b1ce-19bae79ec2c3,2026-09-22 18:07:04,2026-09-22 18:28:35,1291,Completed,Desktop,en-US,3055,3079,4140,7044,,,,,,,,,,,,,,,,,,,,,,,,,,,,,,,,,,,,,,,,,,,,,,,,,,,,,,,,,,,,,,,,,,,,,,,,,,,,,,,,,,,,,,,,,,1890,1322,2872,5554,4698,1453,1592,1529,6036,1543,2809,7741,4153,3253,2927,3052,2193,1386,2297,5910,2272,7556,7690,3483,2529,1807,4129,5118,16747,3852,3830,1985,2753,2277,1504,4683,995,1274,881,3119,5459,994,3730,2949,7313,5215,2470,2310,3330,3469,2648,3159,3762,2565,1728,1160,3587,3251,6064,2747,3701,5063,5014,5541,3072,3816,13549,5145,3774,35929,1597,2241,3339,3007,4609,3517,9567,3029,1734,2611,2070,4389,3968,9755,1998,2340,3643,5354,4498,,3819,5882,9058,7596,4746,8266,5165,6494,5496,4735,4760,4355,5280,10990,5413,5295,4997,8302,6200,6677,4657,5900,11683,3809,6306,6889,6083,4925,5044,5310,4953,7380,4982,6408,4502,4452,4248,4496,7183,4894,8066,3807,24161,5959,6610,5075,4938,7714,7206,4867,10848,22150,6161,5395,9394,5151,5722,5058,6152,6325,5514,5752,4956,90841,7636,5527,5420,32474,21372,11641,4862,7169,5668,4394,5823,11067,4588,5875,9595,6237,4122,6077,11671,7405,6383,5205,5873,5035
9649ff92-7f65-4f5b-9a91-19707ce729be,688af236-0842-42c2-9bf4-6b3b86faa0a1,2026-09-22 18:11:47,,,In progress,Desktop,en-US,3029,,,,,,,,,,,,,,,,,,,,,,,,,,,,,,,,,,,,,,,,,,,,,,,,,,,,,,,,,,,,,,,,,,,,,,,,,,,,,,,,,,,,,,,,,,,,,,,,,,,,,,,,,,,,,,,,,,,,,,,,,,,,,,,,,,,,,,,,,,,,,,,,,,,,,,,,,,,,,,,,,,,,,,,,,,,,,,,,,,,,,,,,,,,,,,,,,,,,,,,,,,,,,,,,,,,,,,,,,,,,,,,,,,,,,,,,,,,,,,,,,,,,,,,,,,,,,,,,,,,,,,,,,,,,,,
9dcd4a1f-641c-4708-865e-242bfd5f278f,98d5a0a1-8768-473c-932a-73d73f707f8d,2026-09-22 18:18:37,,,In progress,Desktop,en-US,7705,,,,,,,,,,,,,,,,,,,,,,,,,,,,,,,,,,,,,,,,,,,,,,,,,,,,,,,,,,,,,,,,,,,,,,,,,,,,,,,,,,,,,,,,,,,,,,,,,,,,,,,,,,,,,,,,,,,,,,,,,,,,,,,,,,,,,,,,,,,,,,,,,,,,,,,,,,,,,,,,,,,,,,,,,,,,,,,,,,,,,,,,,,,,,,,,,,,,,,,,,,,,,,,,,,,,,,,,,,,,,,,,,,,,,,,,,,,,,,,,,,,,,,,,,,,,,,,,,,,,,,,,,,,,,,
7926c0d3-d901-4826-b2c9-8e64b947e4f6,9b1bb64d-8977-4bcc-90df-1932f709ca46,2026-09-22 18:26:14,2026-09-22 18:46:13,1198,Completed,Desktop,en-US,4290,3450,6704,5550,,,,,,,,,,,,,,,,,,,,,,,,,,,,,,,,,,,,,,,,,,,,,,,,,,,,,,,,,,,,,,,,,,,,,,,,,,,,,,,,,,,,,,,,,,2702,2398,2309,1856,2710,2466,3178,3582,2142,2791,4250,1302,4319,4096,3540,4145,1794,1985,11860,6422,4615,3411,1339,2967,2068,3223,2666,3352,2546,6773,3624,4444,6016,3949,2795,3135,1445,2278,1728,1557,3704,1777,11442,2070,4242,3067,2117,1574,3033,1996,3009,5399,4788,3165,1732,3988,2462,2244,10623,3083,4818,5674,3412,3689,3635,10511,5003,8789,2023,7284,9843,2566,3781,3642,6351,3798,4049,3277,4021,10093,2937,4129,9587,3258,6625,10535,3192,3226,12268,,10193,4404,4334,8693,4660,4480,6070,7493,4094,5401,4795,4424,5829,7402,11575,4773,7902,3692,4989,7231,7617,9622,5157,5728,5214,4614,4436,6015,7713,11508,7128,6579,6894,7923,10098,4798,3765,11236,5174,3869,5292,3451,10292,6882,9536,8649,4953,6111,6721,5441,11582,4839,15480,7763,7685,7153,6854,4724,4571,4947,6651,5533,4825,4573,10904,4176,8616,6252,8572,6858,4702,7401,8604,3932,9968,5854,9705,4179,5431,5576,4129,5942,6048,5346,7159,7666,4508,4333
